target,text
0,getting borderland murder
0,spent hour making something fun not know huge borderland fan maya one favorite character decided make wallpaper pc original image versus creation made enjoy pic twitter com mlsi wf jg
1,rock hard la varlope rare powerful handsome jackpot borderland xbox dlvr rmtrgf
0,first borderland session long time actually really satisfying combat experience got really good kill
2,biggest dissappoinment life came year ago fuck borderland
0,finished borderland finally yas thank hanging everyone fun try stream tomorrow not might irl stream awayu shall see thank much raid mompou mumpow megamagwitch kfdmitch
2,man gearbox really need fix dissapointing drop new borderland dlc not fine farm boss mayhem get legendary drop anywhere else get drop really suck alot
1,check epic streamer
1,blaming sight tardiness little bit borderland got called early work tomorrow not make time sorry love twitch tv punnisenpai
2,like every man borderland slicked back hair not heard bang stupid asshole
1,
0,going finish borderland today got new command set looking forward good stream starting hour
0,going probably play borderland tps bit fun
1,one profzeroo live borderland catch buff ly wmmip say streamer shout chat chance coming streamer shout shout
0,fuck yessssssss
1,hate easy mayhem modifier event mayhem not last forever fun game since added horrible modifier borderland please give option play mayhem turn modifier pls
2,grounded almost looked pretty cool even despite borderland tier unfunny writing became yet another survival crafting game really not wait shitty trend die
3,appreciate sonic concept praxis valenzuela landa posas thread together talk multimodal listening soundwalks borderland framework participatory action research testimonios many thoughtful resonant intersection
2,borderland submit complaint ceo not paying staff bonus
2,borderland fuckin trash
0,finally played borderland actual game play great almost gun feel fun never felt like needed grind story hand say much looking forward eventual cutscene skip
3,loving new ghostlifestyle can anyone else drink ghost
0,come meet one lovely gaming goddess
3,hell halloween month already
2,bitch
0,ok loving also playing bomb baghdad anything get hype borderland like concept
0,uninstalled game make space borderland
1,already loving bleeding edge clever game cross overwatch borderland domination game mode cool
0,bioshock borderland coming switch bitch count fuck
0,platinum best loot borderland
1,reason laptop run borderland war thunder warframe high setting moment even try even launch csgo entire computer crash
0,jumping stream early today playing borderland dlcs vibing new playlist made come vibe also dropping quality see make difference well stream run dumb internet lmao twitch tv heyitscece
1,enter gunner seat fear life
2,fuck pic twitter com wav bacr
0,borderland good omg
1,update thwarted bank borderland
2,borderland something seems broken drop rate constantly dropping less lot lower mayhem level possible loot modifier swear seeing green blue anything bos kill
3,cbp video dhs wolf deceptively cut part report laikenjordahl saying ripping arizona rest borderland two usbp admittedly surveilling u public road violent clash indigenous activist protesting wall
0,got play borderland entire polycule tonight fun magical evening end sigh
2,shitty get profit wise less expected due huge budget
0,borderland good far borderland always fav
0,finally got around starting borderland weekend love already well made
1,slutty mechanic
0,night heeps fun playing borderland getting closer closer towards end stream raided clocksydraws amazing streamer beautiful art piece give follow not already goodnight
3,favorite game time thanks slayer drunk cooky halo not pick rocket league kingdom heart super mario bros star probably first game ever played demintele sway discospider void bwungus lstesports let u see
2,bl using girl fire end credit going quit borderland forever
0,yoooooooooo actually hyped movie
0,game okay borderland best kind
1,modern warfare borderland great game deal p xbox one switch unsorted co modern warfare http co qojkhu
0,next one borderland handsome collection welcome
0,disagree psycho krieg fantastic fustercluck wonderful end borderland dlc line focus fan favorite character give long lasting player closure big question krieg character memorable set piece player interact
2,hate algorithm
0,april patch mini dlc borderland amazing event new difficulty modifier ramp gear stats combine make game fresh yet
0,hey guy optus appears accident stream getting good apology back tomorrow borderland big apology no idea happened
0,big hearty congratulation playapex respawn callofduty borderland destinythegame family baftagames nomination wooohoooo
1,hey borderland mutuals fam sorry not interacting directly playing game much love ya much thank reminding fandom not giant cesspool thank cute character look forward seeing
3,stupid year old write bad poetry need get away computer talk real people not believe vampire
1,borderland gun love tentacle best new legendary weapon ranked ift tt xj rmu
0,best borderland character pic twitter com xr ursqg
0,fave game minecraft borderland forza horizon lego star war
0,feel like accomplished something even though reality suffer die
1,messed downloading new borderland dlc yet assume update patch dlc like previous dlc even season pas manually added p store downloaded
2,hey borderland not access new dlc start mission nothing game epic
1,done nothing play borderland last hour still not done started chapter game unnecessarily long
3,pretty happy made sub badge friend eyegaming twitch go check started streaming borderland recently variety streamer twitch tv eyegaming http co borwkmszrs
0,samsung full homework away p samsung not play fort want psycho get borderland overwatch fan psycho junkratt
0,amazing month please please tell u ascension bluff door year
1,damn sorry stupid short stream not feel streaming today stupid headache not fuck sent love quietachvment playing borderland keep tab social probably see thursday
0,perfect casting lilith anticipated film
2,gearboxofficial fix borderland achievement unreal guy not figure
2,gearboxofficial borderland love game spent hr beating game twice farming like crazy get weapon anoints want decide way playing not way intended weaken favorite anoint
3,yasss co stream jimmysgotya twitch tv jimmysgotya
1,borderland krieg meet maya psycho krieg fantastic fustercluck dlc youtube com watch jfck
1,not know going online class shit trying play borderland today xbox like hour controller disconnected browse instagram try plan next semester class imagine class
0,officiated gay wedding borderland feeling powerful right
0,loving new dlc borderland duvalmagic gearboxofficial pic twitter com pkzjxlgxlj
1,fall damage canonically exist borderland universe
0,lil preview maya drawing chipping away sinking lot time borderland hour lately pic twitter com nye cme
1,nerf gun painted look like
1,exhausted work week probably no borderland stream today sorry
0,played borderland pretty fun going anyways whateves pic twitter com uoute ado
1,tale borderland swaggiedeals com product tale
3,joltzdude hey joltz big fan seeing play borderland specifically really strong understanding every gun part prefix simple even complex video point gain vast knowledge faster
1,gun love tentacle reason excited
0,started playing borderland gun love tentacle hear voice half favorite youtube channel gamegrumps hell yeah egoraptor forever apart one best gearboxofficial game creepy as character
0,know not look like much borderland favorite game thank smilingocean pic twitter com dyptnald
1,ah yes old image demon lottie still borderland oc pic twitter com puw xjwuro
2,despised area borderland rust common area many sidequests
2,holy fuck
0,playing lot borderland also got love stunning cosplay kunaii cosplay instagram com xxkunaiixx http co giwx aqtuy
3,great tip gorilla master triple gz tyvm graphic dude
0,borderland duvalmagic gearboxofficial wanted say huge thank worked working borderland gearbox crushing enven covid knowing must difficult thank
1,trying
1,today best game deal fifa borderland handsome toy uk googlehits com speaks
3,ki ersix homage friend warrior borderland yesterday rose heaven pandora resting great friend lord god miss lot thank pic twitter com wdbh
1,kno borderland handled zer nonbinary kind shittily likely nonhuman start forgetting pronoun tftbl still really like zer happy fl love playable mc
3,top favourite game say sea thief bioshock ssx battlefield chloesauras chrislawis forsakenrose tw ztedpr ncess
3,miss borderland tumblr much many account used love deactivated never return fandom
1,
0,fucking excited
0,well certainly development
1,gamespot borderland dlc dismisses major problem lovecraft work ift tt qpeis
0,unitedhayze glad see effort noticed way borderland co op would awesome pic twitter com vcgncpmavu
0,super tempted get simple black heart tattoo right tit like ellie borderland lol not know would like love thought like small pool people would know got tattoo simple black heart pretty common lol
0,player local borderland great weekend
0,sly borderland haha mission demon dark mine moria nice
1,playing borderland mistake know dy also replay going mess end
0,run borderland xbox game dope tryna run squad mann
1,morning split playing pso borderland today stream either way stream today happening excited hang nonetheless hope weekend well pic twitter com crvuk pq
1,borderland turned mayhem modifier back mistake ie jobwx eu rg
0,actually think borderland might th fave would not stand alone god love enjoy bl
0,probably going log social medium day buckle take care online class work week not want work borderland hit steam back done junk
3,rny friend also fantastic artist
1,borderland chapter youtu sku vr ixu via youtube come watch dive awesome adventure let u vxssociety smallstreamersc
0,friendly reminder borderland soundtrack absolute banger song particular probably favorite gag entire game youtu nfwamb tlui
1,noob try make salvador build borderland twitch tv lucasc
1,eli roth directing borderland movie engadget com eli
0,beat dlc main story line loved thank duvalmagic borderland gearboxofficial
1,borderland fallout child would outerworlds love game though terrific work
0,omg miss rhys soooo much would anything see borderland pic twitter com wvkyrbge
0,watching kalloori perfect situation mystic river tampa prescott dak johnson marcus lego harry potter year mille lac leonard kawhi ivan rakitic chilton dan glazer jeff carter julio garcia algemarin borderland always love loveok store best online sh http co ap thdzt
2,capitalism borderland
2,explains lack fast travel station gun love tentacle ridiculous
0,enjoying borderland tubbz sun numskulldesigns
0,completed
1,wine drunk playing new borderland goddess life fun life findom
1,fun annoying thing meatballmissus learned two different version borderland game year edition steam not compatible online play
2,borderland please get big hot fix whole factory reset system wipe everytime play borderland farm crash
2,borderland echo cast not work even though say not show anything twitch except refresh say loading
1,even though leveled grenade still destroying everything path check youtu wpdgr ph lo
0,also bought borderland switch love series not wait play go
2,borderland not play borderland xbox without crashing fix pls
2,dumbass like borderland mod mf look like claptrap
1,really like randy pitchford nothing helpful hope mix
3,warframe dead daylight overwatch minecraft uhhh not know honestly fer al primal carnage extinction would add spore well not let go sentiment nostalgia not tagging anyone want feel free
0,last night borderland first playthrough complete every level peggle unlocked party night forget want say huge thank community support shown insane last night unbelievable want
2,went bed hour pm farming graveward almost pm went farm graveward first kill tried loot vault already looted borderland ki ersix wrong game broken
0,live feel like not streamed forever probably sorry borderland bit eyesofness borderland twitch tv niam http co rjpcj dt
0,italkfortnite bought borderland epicgames using creator code not wait use skin
0,love guy
2,borderland update delayed due anti racism protest pic twitter com ddq wexjls
2,borderland concern new update console p not sure playing gaming audio visuals start constantly freeze break making hard continue frame rate drop drastically worried
0,borderland science actually really enjoyable
2,borderland suck giving money randy pitchford go borrow game friend actually good
0,get feed dog way mac get outta dnd watch together want play borderland cramp bad today
2,genuinely left gearboxofficial borderland pic twitter com okeh tmh
2,holy shit borderland as
0,live super interesting lol bos farm borderland twitch tv prismeyes
1,unpopular opinion none game good
1,burn baby
0,atleast borderland cheer
2,borderland trash also lowkey lit big sads easy
1,gearboxofficial since playing borderland game friend really taste something discovered battleborn no way buy anymore look sooo good fun play
1,jackothyzine first piece fan made borderland merch excited see beautiful work artist participated pic twitter com lsmr szatv
3,guess cross play took long
0,fantastic day today congratulation gearboxofficial borderland story make feel emotion best looking dlc mile boot thank letting join family
1,sky rocket superbadass caustic goliath borderland
1,chris love borderland one two
0,stick mario kart borderland shit not compete someone else main motherfucker hating people play gta last u
0,whole year last year legit pleasure working anz pez bro custom borderland themed playstationau oh time would love work brand sureee still one favourite job poscauk pic twitter com ln snb jsn
0,mayhem murder aplenty time twitch tv bencompetence
2,borderland wtf
2,cricket worst hivemind fandom done time would love better tarzan level kingdom heart bad borderland
0,borderland quite fun
3,making game brutally difficult business without team nothing industry already brutally underpaid v others shameful
0,sweet
0,borderland
2,epicgames steam add crossplay borderland not going make compatible console waste
3,got repaint another nerf gun tiny tina cosplay love
1,looked list easily half list game parent would play half game child niece nephew would play maybe like acnh actually pick regularly borderland not starve wow hell not play love watching cod
0,well certainly good valentine day went store bought box honey bun liter dr pepper enjoyed playing borderland boy word spent alone enjoyed hell goodnight
1,keep chin smash hammer chaotic review newest borderland dlc psycho krieg fantastic fustercluck youtu vcbrxrl uy
0,fuck epic store borderland pc coming steam march disq u mi yed
0,started playing borderland dlcs best dlcs ever made writing perfect humor point like main game
1,wonderful entrancing photo
0,combination thing really love tonyhawk follow wanted called hawk lilith borderland called firehawk always taken blazehawk come love halo make sure not taken
0,somehow discovered powerrangers reference borderland love game
1,hey fuck loan copy borderland not remember
1,borderland stream breakfast possibly back issue today see long sit chair
3,beautiful morning lancashire cheshire borderland yoga class day trip york pic twitter com xpcqnesj
3,honor joy part borderland theater tucson production latin anonymous directed co written diane rodriguez saddened loss pic twitter com hjlcwyey
1,game mutuals pok mon borderland much sims not played forever though spiderman p spyro reignited uuuh not good either ciaranstrange sasspiria orionsuccs msmarquise bleh
0,favourite game guess minecraft not ever beat plant v zombie first video game played borderland thank darkymaine undertale deltarune mario kart deluxe dibs art author robang try
1,darth filius unlocked achievement borderland increased gamerscore game total
0,
0,yo epic giveaway stream got gift twitch sub channel last stream congratz stoicflash ttv danagor dbd epic marble stream epic borderland epic fucking love guy epic nerd
0,borderland amazing twitch tv nightshade
0,eli roth making movie based game bit ly wv khm
3,pc waiting new game come thinking buying division pc see upgraded graphic seeing difference borderland pc v xbox crazy never knew bad xbox heard graphic look good pc
0,want thank
2,never
0,honestly not sure feel going see thing shape love borderland enjoyed eli roth film also shall see
0,past day streaming bounce last night insanely brilliant session psi
3,always good ashly burch performance aloy horizon zero dawn absolutely amazing
0,bioshock borderland coming switch let u fucking go
2,gearboxofficial sooooo getting borderland xbox one patch fix console shutting
1,today best game deal wonderful remaster borderland toy com be justinkahnmusic
3,mission district today
0,sunday funday enjoying borderland twitch tv mad man
0,damn borderland remaster played game p throughout followed modern warfare one piece world seeker even dire looking number switch pic twitter com xookfj iej
0,hmmmmmm could really good
0,really enjoy streaming fun story based game one no exception ash
1,stay tuned next week episode hello reddit bos definitely fucking best friend
1,particular piece medium not stand see no particular reason like not bad hate seeing mine borderland anything dnd related
0,finally got hand borderland googlestadia weekend thanks free weekend pro subscriber naturally compare others shame geforce could not part borderland feel free bring back youtu obl mlnsg
0,cheer borderland want legendary anyway
3,man everyone rag borderland mostly like horrible humor not defend like not ever laugh fucking horrible thing borderland humor much better realize writer trying hard
2,experienced acid reflux not enjoy
0,maed dis love maya siren proud
0,reimagining keep borderland also cave chaos stuff formative many u way back love
1,hey sitting reading lilmermaidkayy going continuing first playthrough borderland tonight stop enjoy drink u twitch tv torquex twitchsie supportstreamz supstreamers imlivert
0,love xx
0,crafted action skill borderland work
2,destiny borderland shit
0,happy sunday
2,xbox one still shut play blands gearboxofficial borderland
0,found interesting book new bl dlc
0,incredible borderland stream last night really enjoyed thank everyone came along appreciate ready another stream friday
0,way handsome collection free epic game today borderland greatest looter shooter ever free today
1,good riddance ever since borderland came guy giving reason hate
0,gundam nuclear missile launcher borderland good
0,weekend run viewer let u fun twitch tv pilotplaysgames http co ycyvzsypg
0,busy time busy mean working borderland switch bald maya playing love pic twitter com hvzpuezfrc
0,favorite game no particular order borderland rage outer world control death stranding metro exodus day gone also played walking dead final season not really like life strange season good not great
2,hi lost two hour progress borderland everyone
3,want give give shout thiccfila dude part official borderland stream team instrumental bringing community together finally getting recognition congrats duuuuude pic twitter com ekym unsg
2,borderland
3,amazing thing possible work together towards better future
0,borderland duvalmagic heart event brilliant thank
0,first legendary drop think going good time borderland lordsgamingnet
1,ciaranstrange happy birthday
0,new borderland raid really good fun
1,streaming borderland sarcastic comment desperately trying get drunk hour viewer friend another tab worst still sober pls send viewer vodka twitch tv fbalfour
1,forgot mention last stream thank dxpro warningsl raid last night much appreciated raided icekingroxas tonight hit follower go show love jump borderland action twitch tv icekingroxas
3,thank much everyone came borderland sf tonight hear megelison talk queer family skillsharing fighting fascism caring community magnificent night
0,ohhhh interested
1,like gop playing borderland shithead gun today spew lot asshole desperately attempt distort everything biden say people stupid enough believe spin no matter absurd teacher
0,finallevel finally bought copy borderland game went awesome legendary balex entered absolutely killed
1,entire sanic franchise playthrough begin tomorrow right sekiro poorly translated randomisation twitch tv letofski oh also dying hair blue randomass borderland hair dye found sponsor hair pez bro coward http co im nifx
0,xenoblade de borderland releasing today thr switch got hyped could not care less catfights chromatica dying ph govt going play world around burn admin get u killed anyway pic twitter com lxkxls
0,today sucked time drink wine play borderland sun come hate day tomorrow
1,shitting around borderland part twitch tv slayer bot
3,favorite game soundtrack doom doom doom doom eternal
0,going get stuck borderland batman arkham knight bit gaming craziness commences november looking forward come game memorable moment going occur man gaming friggin awesome
0,person best
2,look love borderland death want know moron gearbox designed maliwan circle slaughter heavy badass trooper single wave kidding
1,full moon turned gaige lunged revolver gaige whispered chest inferior mordecai felt stupid leg inferior spectator got good left borderland story
0,yooooo could bad as
1,not play borderland sorry everyone
1,mini stream schedule wed july nd pm borderland great week
0,ton ton quality life improvement everywhere painful see writing taken massive hit continues disrespect character borderland universe fan said character
0,ki ersix dammit borderland considering finishing university pretty ok time regardless safe say enjoyed borderland lol pic twitter com epxvhmelh
0,playing borderland sister fun really bad aiming though not play shooting game
0,borderland legendaries amazing artifact relic xbox one dlvr rmtbl
2,fucking stupid time bad dream
2,ok every major advancement see borderland minor annoyance not bad per se thing hate like characterization side character
0,playing borderland hate glad kept installed run perfectly year old mac beautiful
2,borderland unable access forum figured would try boarderlands turn right character speaking left side not hear p point fix
2,april no apparent reason bl not connect shift going submitted ticket day ago gearbox still no respond please help borderland shiftstatus gearboxofficial
1,watching new leafy video pretense old content made observation gotten worse borderland us skype humor gotten worse
3,cry fact overwatch nominated mean not shit queer rep video game last year literally losing
0,dream ava want
0,yes arin happy ya
0,hee yasss excellent snarly boy
2,video game inside video game crash would call videogamecrashception need call leo youtu jup kt wu
3,xboxpope best design opinion social medium not except imitation
2,duvalmagic borderland game not register right sometimes ammo regen not always working properly sometimes entire bullet not register hit enemy fix soon plssssss
3,latest canofworms bookshop daily paper li canofworms boo thanks gutterbookshop wstonesdurham borderland sf
1,looting loot loot looted borderland twitch tv teegan
0,excited go home murder stuff via medium borderland day need bit killing spree know bless video game keeping u safe http co spjeedhwkd
0,borderland p legendary anointed cyro infinity pistol awesome weapon dlvr rpl
1,borderland videogame handsome jack getting slap clapped twitch tv cinnamonjus
0,thanks sending awesome switch package ton cool stuff inside bioshock xcom borderland twitch tv video
0,wore tannis handsome jack borderland
3,united struggle social revolution pashtun borderland theglobepost com pa
2,want moan abysmal loot drop rate since mayhem borderland realised probably old mayhem not take full half hour whittle single enemy probably feel stingy gearboxofficial
3,jeligon venture borderland kansa city kan mo story delightful plate toasted ravioli nytimes com u
0,borderland loving love love love odd tentacle thrown
2,happened xbox scare yesterday decided take friend advice uninstalled borderland since known screw xbox really suck wait get p since no issue
0,want play shooty mclootyguns people borderland recently solo maliwan takedown mission torgue slaughterhouse mayhem intense fun fps gameplay year
0,like music pretty good die stupid flying robot borderland
1,new deal epic store free game release schedule latestblackfridaydeals com epic store fre last week gta free may civilization free may june borderland handsome
1,borderland season pas worth game rant ift tt hp gu
0,liked story borderland
0,woke today knowing xcom bioshock borderland handsome collection coming nintendo switch excited tell excited
2,fucking joke point going implement anti cheat fuck put battleeye somethin
0,going continue left play borderland presequel far good twitch tv thelootqueen
0,sona vault hunter borderland always time favorite game series pic twitter com tmn snnje
0,honestly excited borderland collection
2,gearboxofficial borderland seeing shit correctly please tell not getting attacked end credit rolling ended enemy thing
3,algeria woman involvement cross border
0,finally finished number one paper small one though anyways finished time go shower celebrate borderland http co fwkl lnytq
1,borderland voice actor taunt fan deleted supmatto channel forever tv bor
1,hey twitch tv cblack
1,mimosa stream super fun thank much hanging hosted supercaliy awesome also playing borderland twitch tv supercaliy
0,bounty blood dlc borderland fun glad stuck finish tonight tomorrow dlc
1,new worst vote also told loot
1,stream borderland tonight pm come say hi always pleasure see stream guy
0,hey check borderland new dlc psycho krieg fantastic fustercluck happy able work part gearbox family super proud
0,downloaded kobold lair day amazing gnarledmonster work definitely worth checking not wait see rest keep borderland
1,would amazing casting yet somehow not ease impending sense dread one bit
1,miss moxxi paper test went super well happy result colour spot salt way sketchbook hard scan soo going posting photo
0,happy th july borderland type night twitch tv shadow
0,damm excited hope dammit get one soon legendary borderland collection going amazing
1,borderland lovecraft dlc dismisses major problem author work snip ly fq utm sou http co igbpaj hzd
3,oh fucking god yes futa tyreen might hottest video game futa
1,uploaded ton vods youtube today among u borderland alien overwatch clip highlight full vods would appreciate would drop sub possibly make hobby saving amazing moment youtube com channel uc
3,thank caroline wylie societyofvas great guest blog borderland va statistic uk va survey say u read ow ly afp gm
1,randy no older usb pitchford
1,handheld borderland handheld borderands switch gamers not drill lose goddam marble pic twitter com uhwy xb
0,network issue back still killing everything twitch tv deitysflight smallstreamersr borderland
1,messing around borderland
1,back borderland shit though miss sasha want back gearb ox coward
2,ksupport not able play borderland online day shift account correctly linked steam removed shift account created another one game offline opened ticket gearboxsoftwareshift not get answer
3,ironic build wall memory trick keep addled trump task campaign reached nutty scary situation
1,maya death cheapest solution ava grow character not hate ava deserved better writting borderland best gameplay weirdest story decision franchise
0,got
0,surprise still love
2,borderland please fix lag audio issue crash p update hard play fps less not want limited cartel run not able play properly also menu fix menu lag please
1,borderland defrauding crossroad god roll p dlvr rmg yh
0,guy probably favorite video game character vega street fighter rhys borderland master chief halo dante devil may cry pic twitter com cgx gzeu
1,borderland two fucking dragon someone help
3,going make video talking drama second season pas honestly negativity not worth want talk angry people would recommend borderland reddit careful like stepping dark zone division
2,full offense bought borderland fuck stop giving greasy magician money
0,mad inactive today lmao borderland taking uo time today
2,kind greasy move
0,borderland good
2,wish borderland would given another way apply terror wouod little easier moze pull may made ibvested bloody harvest beyond getting vindi ghast call
0,really play many hour borderland really fun though
0,borderland p amazing grace legendary revolver dlvr rnnx
0,nice
0,progressed lot borderland today thank watching everyone uwu thanks theukrainianbard month resub momoiro kohi raid continue borderland monday
2,borderland need help game reason character lagging no matter whose hose solo game date really frustrating idea would
3,congratulation borderland research institute recent grant amount pcqc bri dedicated study montezuma quail trans pecos region order better understand population projection
1,borderland firebug bronze sabotage statue ember
2,first borderland game actually fucking bad almost unbearable actually used think decent game like year ago
0,borderland love gunner class twitch tv thebeardwhispe
0,excited game not afford yet drop steam love borderland much
0,twitch tv thecolorabi also new overlay start brb screen gr tesque made worked photoshop magic
2,borderland gearboxofficial duvalmagic prodigyxl not look right noticing not payouts better typo pic twitter com zyfapoihpy
2,borderland suck updated youtu onbovcewovq sadly true even though really like gameplay serious problem story drop
2,live action borderland film really long commercial advertisement borderland game
0,amazing borderland stream guy twitch tv mediocre bst thank
0,second phase rmo started today lose mind going restart playing borderland sementara menanti kedatangan isketambola
2,dumbest thing ever made borderland gearboxofficial maxmittelman anz
2,not saying older game not flawed loot terrible older update bl terramorphous cheap lazy raid bos compared cramulaux borderland
1,street rage borderland kink shaming maybe twitch tv vosnz
3,portland feeding housing rioter wtf
2,hate borderland rhys look like not beautiful disaster twink love
0,wow
1,borderland port switch good no complaint definitely worth not wait get bioshock collection next
0,finally finished borderland taken proud onto gun love tentacle dlc excited love wainwright hammerlock much make great couple seeing get married awesome
0,want say borderland handsome jack collection free week epic game store keep pc gamers get shit
0,omg much fun everyone day borderland
2,saw ad new borderland dlc stuff got sad knowing fully well bl horribly mediocre already miss bl
0,excited talking new thing coming borderland pax panel saturday
2,borderland not link shift twitch account wondering could look please
0,finished borderland wtf pic twitter com jfjafnvazj
1,borderland free epic keep getting scammed
2,ksupport borderland fix borderland crashing turning xbox one not healthy console happened time row try launch game crash lower
0,disturbing looking forward borderland joining bt booksmith haight
2,not buy borderland randy pitchford fucking scum
1,borderland handsome collection free epic game store please switch
0,wow borderland presequeal still not played
0,super fun game would highly highly recommend literally free right reason not try course would recommend playing others borderland game one story purpose not free forever go get anyway
1,timothy lawrence pure heart dumb as
2,week uk not drawn winner borderland collector edition giveaway mean think funny company fake giveaway not called youtube com watch huh
1,promised purple version weekend spent day playing borderland wife also learn urp unity currently light not render properly note self instagram com cdbhq wlnt
1,scumbag ceo randy pitchford screw gearbox devs bonus despite borderland success ama mobi watch php vid
0,forgot great feel play borderland man love franchise gone literal month without playing
1,xbox one anointed trained ripper consecutive hit lvl op borderland dlvr rmdfzp
1,borderland still waiting not like going anywhere soon lock around world nice get new skin aswell compensation
0,definitely interesting casting choice not get wrong love cate blanchett lilith seems little hoping get proved wrong though
2,digital foundry mostdef full shit borderland pc system requirement recommended considerably pc hardware garbage year
0,pretty freakin rad
0,playing borderland good headphone immersive hour forgot everything going http co zx jpq
0,playing borderland pc reminds damn fun game miss
1,prosyndicate dude suck computer run slower sack potato well guess really play borderland p
2,duvalmagic tf free krieg not release plz someone gearboxofficial someone borderland plz help not figure driving insane
0,man borderland came though eh nowhere near good borderland music not nearly good naive fool love game much
0,vaughn borderland deserve world
2,nice first round first nuke charlieintel callofdutyde
3,
0,pretty cool watch unfold check
2,happy
0,happy change game beginning middle end flow keep momentum streak second time not depend streak get streak
2,lil disappointed
2,ridiculous fence poorly optimized keep going pas one
0,environment impressive put footage begin
1,wtf watch ground war besides look super cool
0,expected reported month ago seems like
1,woot still piss p early access cod game work reveal mean people still job pandemic
2,could not imagine waking everyday look something complain
3,true
0,sound like really good recurring dream
3,dude going say actually biggest fuck imaginable multiplayer community chillin zombie community fucking dove
0,time get used black ops control come hang good time twitch tv thejkellz
2,black ops cold war look boring going stick mw next year
0,excited
1,know history unless involves china like investor shit
3,really baffle streamer not streaming black ops cold war hello know beta live right right http co dlg wlsbkn
1,really enjoying black ops cold war something man feel satisfying especially sniping fact game actual functioning slide jump onto ledge higher ft make movement much fluid
2,
2,omg
1,result pawn take pawn zork incantation postcard look like word
3,retired pic twitter com daduilmjlt
1,comicbook com gaming news ca http co vn cmrz
2,fucking time people want see not fucking paper website bullshit game easter egg
2,no please no
3,thanks dlonrichardson sub bbnprod bit really appreciate good hour stream cold war maxed level got clip thanks therealscaz wolfxswervo bbnprod playing tonight
3,new vid modern warfare moron paste eating hot take black ops cold war youtube com watch uqarhn http co uybijhs ab
0,new callofduty
3,huge
2,got sixth time yay excited please treyarch add kind prestige mode black ops cold war not want go another year seasonal rank dull
1,look dope not tell everyone get last stand
0,jet pack cold war setting make much sense love
3,best decent bot sniper nioxsnipingyt
0,aye going keep buck cold war fun cod title since black ops amazing love shit
2,going as
0,anyone jumping beta weekend absolute best sniping class setup tundra pellington let know think youtu qpppt dve http co endbqoxpua
1,go well p
3,proud headline
0,awesome
3,last race via gmt maurice dancer due personal pick rip maurice herman key look elephant room caballero picked predicting rafiki others placed electric mistress psyop tommy threat
2,not confident st smh
1,treyarch davidvonderhaar really hope black ops far favourite callofduty game ever love cold war vietnam setting
1,zombie back fucking hyped
0,sniping honestly fun part video alpha weekend antic get time piece together
3,nice little team wipe averyjeanttv one tap clip twitch tv roundsucculent
2,embarrassing
2,call duty black ops cold war beta cheat ruining crossplay gamblerss com news cal
0,going year
0,heard new cod black ops cold war rumor would nice see wood mason
0,video brought back hella good memory
2,atviassist preordered black ops cold war modern warfare not let access store anymore skip right store tab
1,call duty black ops cold war beta good solid issue opinion overpowered grenade game going fantastic game going grind zombie like crazy
3,fucking dead
2,new video quick easy stupid cod trailer edit youtu ri giwa
2,black ops cold war not feel good
2,bo top time
2,call duty black ops cold war aka completely fuck shooting mechanic game
0,hmmm interesting
3,press accelerate war drug cripple minority community criminalizing drug funneling also hurting race relation ruin overflow prison system mass incarceration privatization sell arm iran call black people monkey
3,shut
3,guy killed road like yt wolgaser yt
0,call duty
0,loving call duty black ops cold war beta max rank today pic twitter com rden jhsjr
3,let u fucking goooooo
0,almost good bo menu music not better damn slap
1,confirmed edward richthofen not returning black ops cold war source tik tok hnsofficial modernwarzone http co hg wyp
3,youtu qjnbg brooooo dead mrtlexify
2,ok video game scary see much relevant real life
0,love setting frank wood back feel like black ops like ccr new order song selection look like campaign going dope
3,definitely getting
2,atviassist xboxsupport black ops cold war early access xbox total flop never able play wasted hour support team no solution twitter xbox store comment show lot people promote early access take early make sure work
1,best game not yet
3,awesome gamer
2,shit look like latest ww zombie
0,love game callofduty callofdutyara
3,thank lord
3,doctor going love one
2,rt let know need fix shit
0,tryna buy shit willing anything
3,yo listing gender classified honestly cool fuck
3,playstation always superior gaming system
2,sweet recycled content nothing get excited like paying game already played bo remastered going awesome
3,call duty black ops actor unhappy recast cold war dlvr rfpbg
1,kill streak first game black ops cold war dumb brag still quite enjoying
0,enjoyed black ops cold war pretty good beta gameplay youtu jrsiyynw via youtube
2,listened yuri interview holy shit scary
3,hack warzone
3,best year
1,complete battle pas officer rank progression challenge season
3,youtube com watch yof life
0,fucking finallllyyyyyyyyy
3,still miss feel sliding foot floor
3,yaraskygaming jackfrags favorite youtubers
1,give go see people saying bad
3,shitting non preorder kid twitch tv greasysunnyvale
0,chill reveal sidslothgames pescarodb whole time excited stream black ops cold war beta bravo activision ravensoftware
3,not say shit guy
0,holyyyyy definitely streaming weekend look
2,thing literally punishes going killstreak back placating bad player anyone think good perk
0,treyarch trust
0,happy hear finally no clunky gameplay bo
0,not even played yet already satisfied purchase
1,ross production service teamed boombox ncompass reveal multiplayer game mode worldwide call duty black ops cold war amazing production ross production cloud played huge part
2,called cold war gun stayed cold also nowhere near reagan term fuck
0,yoooooo
3,not wait cum player gamertag jamescharles
0,look amazing think similar gameplay feel mw finally another black ops modern wartime promising
0,thank treyarch
3,chill
0,music play little snippet black ops cold war campaign actually really good fit mood making ost
1,know trash bo multiplayer chance get honesty would not mind black ops remaster nothing could ever worse mw get work
2,tried new auto sprint
0,hope get trailer amazing
1,
2,favourite gun mw
0,
2,still iffy
1,hate fact game going back old time know black as still going get game slap shit
2,instead promoting fix server
0,okay going say black ops cold war actually look dope
0,also loving
0,like killstreaks
2,may unpopular opinion callofduty black ops cold war garbage
2,honest not buying shit like realistic shit
0,dammit look dope
0,wow not excited cod since black ops
2,brutal
2,look like call duty black ops cold war leaked doritos advertising campaign dlvr rcqwy http co mo oifkdbt
0,know marksman know not bullshit saying map good great sign thing come davidvonderhaar going great thing not wait
1,no lie miss game fuck hope lot shit experienced alpha beta fixed launch
1,everyone hyped
2,day later revisiting seems kind crap scorestreaks not like
2,
2,watching blackopscoldwar pc gameplay see hacker sitting dirty blown chair like soon pic twitter com gagtakpxth
1,like universe not want get shit together want sit as playing video game day
0,wow finally decided take violence franchise good
0,nice man atviassist activision treyarch treyarchpc davidvonderhaar tony flame
1,bro final fight streetwise zombie glow not even joking fuck
1,yes pretty violent dammit love franchise look great
0,really enjoying new callofduty
3,wow thank much cirlsu giving free black ops cold war beta code p pc xbox tweet code
3,scump simp loony slacked
0,give game already beautiful man davidvonderhaar
0,november not come sooner loving
0,return one thrilling unforgettable video game series time call duty black ops cold war set early height cold war direct sequel call duty black ops youtu mt rdhj qk
1,excited gameplay high speed response not compromise image quality sound benq com en u knowledg
0,youtu rxrqyd best new gaming gen begin callofduty
3,priestahh clayster abezy apathy
0,black ops cold war teaser year treyarch proved best cod developer cold war history nerd really got hyped sure campaign would one best
0,jus per ordered call duty cold war
1,like black ops cold war core way better pile shit modern warfare listen not sit hour punished happen good not rid cod sbmm not going buy simple
0,new video first black ops cold war beta gameplay game look feel amazing flightesports youtube com watch vjoxvi
0,black ops cold war zombie look fucking insane youtu ht snypugz
3,another successful stream last night full laugh fun counting callofduty cold war alpha huge thanks new subscriber everyone generous donation back sunday not miss
0,love see
0,impatiently waiting play
1,
3,hell earth
0,sooo hyped love way call duty hype game trailer
0,look hard core
2,look like good
0,people see think know whole game like fr shut fuck kid not like mw made
0,good gulag
2,black ops cold war zombie fucking hype
1,believe see either way excited
2,anyone else trouble logging
0,good show treyarch not wait play game
0,not stress enough clear already stinky mw mp
0,longest game franchise played glad played zombie franchise
3,god make job even harder thanks
3,not watched please swingby support team filled talented people call brother empire never disappoints
2,used love black ops modern warfare cold war shit not
0,new
3,good game not tell store playstation com
1,breaking gameplay rumored call duty black ops cold war leaked tracker gg black ops ar http co yidnm
1,please fake look way similar mw
1,omg fov slider
2,worst mastery camo date
1,wow not believe year since introduced black ops
0,really excited fov slider yes yes finally
0,bro not wait till august cod black ops cold war going fire activision best cod god
0,new cod actually really fun
0,ok going top cod
0,honest miss
3,crazy
3,bruuuhhh wtf wrong gay as pc player
0,temporary gaming setup game room built excited new callofduty coldwar
3,hell yeah nothing scream annoying like different font title somehow think whole thing comic sans would hate less
0,new video underrated scar class youtu hu rsfwll
3,sun rocking co stream emgoood live twitch tv mnkogaming pulse rts spideyrts blazedrts twitchsie sgh rts stream boost tool ezio rtsmallstreams
3,let u fucking gooooooooooooooooooooooooooooooooooooooooooooooooooooooooooooooooooooooooooooooooooooooooooooooo
2,cod black ops cold war sorry mechanic game really shite feel like playing really old game
0,many
1,movement speed better ever yet death animation exactly treyarch yet stay away ragdoll animation
2,literally look like shitty richtofen edits people making
0,hyped holy shit
0,wood call duty black ops cold war nice beard
0,black ops cold war official reveal new trailer thought youtu ygbjhf zy via youtube not wait bro love video getting hype realthunder
2,oh goddd
2,callofduty atviassist apparently not seem play
3,perfection
1,uhhhhhhhh yup destiny competition atleast month come idc think first black ops amazing pick one sure
1,ok fuck might actually get lol call duty black ops cold war official teaser trailer youtu kfcgjoasw via youtube
3,seriously bro fuck xbox
0,wish call duty black ops cold war coming november rd instead not wait
0,guess watch since playing tonight
3,w chat
3,yesssir
3,pub actually fun first time year music vibe today
0,hooray zombie
0,made crazy cod black ops cold war montage put lot effort sure love youtu xuiunh sqbw
0,upped fov definitely feel hit fps bear mind p going different animal p loving map movement though going lit finished
0,guy fucking hyped
0,look amazing high hope considering shite recent mw warzone
3,
1,today day early access black ops cold war beta p start bad not code suck broke fun whoever able play http co jxucyjatse
3,yeeeee hell ya
0,sniping actually look good surprised
2,fuck
0,played black ops cold war alpha last weekend wanted share thought youtube not happy played youtu lfyudvrmqdu
0,favorite class call duty black ops cold war best class ever buff ly dsaomk
3,throw backkkkkkk literally hate trash wait lol
2,tell bout broken slide
2,trash
0,man actually excited black ops cold war like actually going play campaign first since ghost excited
2,game not make sense
3,fucking flame
0,not excited new youtube com watch vaj
2,sorry not imagine giving shit year lord
2,treyarch pre ordered black ops cold war not let play beta
3,jumping joy fella
0,official hyped
1,adler
0,not wait
3,ong not made shit pls release already
1,okay sniping oddly satisfying movement still tad disappointment visibility shit ttk terribly inconsistent game look stunning finally fixed footstep decent map http co rb fbynhg
1,not care whatever fucking retcon whatever subtle subversion game want play zombie fuck cod
3,xbox fuckin mud son
0,talking stream talking would released delayed world current situation
3,mirta posted new video call duty black ops cold war demonized setting youtu jxlejlyco
3,know history except history hurt bottom dollar
0,would awesome birthday girft lostmyfox figers crossed xbox copy
0,fuck sleep got watch reveal trailer cod black ops cold war later pic twitter com qostnzf pz
2,one think black ops cold war kill notification health bar look incredibly distracting maybe make smaller change color something else not white
0,nice little pellington clip sniping cold war satisfying
0,no search destroy wow
1,black ops cold war reveals fireteam dirty bomb mode multiplayer buff ly ralokj http co ai jb chy
1,fiverr com share xkdqya
1,really enjoying game one thing say spawn flip easily flip kind often nice not spawn trapped annoying getting shot back spawn flipped
2,score streak worst thing happen black ops cold war
3,excited brother ashleysm th
1,guy type slap
2,xfinity call duty black ops cold war open beta link mail sent early morning not work pic twitter com gevf xctx
1,game stink jesus christ
1,problem demo saving bo esp pain as not killfeed integrated onto ui not bound timescale treyarch even patched fix hopefully not ui based better year
0,weapon
0,cool asf campaign seems shaping pretty nicely twitter com charlieintel
3,see bottom left want fucking die
2,look as ngl
0,really enjoyed event
1,activision reveal black ops cold war already sick tired waiting
3,relaxing sleep music stress relief music spa calm music meditation study zen relaxbody official youtu
0,hand incredible game event game reveal ever experienced absolutely trashed anything fortnite game wow wish streaming
0,sniper look smooth af blackops cold war thank god
2,base weapon black ops cold war as
0,fun
3,foos pitiful not got sauce live twitch though link bio
0,win verdansk finest mil sim
0,beyond excited black ops cold war
3,not worry switching fully controller
0,realized look fucking big map nigga
0,not wait man hope good cod
2,
3,blackopscoldwar merci le lord twitter com chowh statu
0,still favorite cod teaser ever twitter com call fdutywiki
3,got first twitch tv mrdodgez http co njojt hw
3,go middle satellite reason trickshot
3,
2,wtf
3,finally found need lot work tweeting unfinished
2,yikes pay play console fuck man
3,give tired rng hated year already still not let go
2,holy fucking shit yes
3,sky wifi not shit would not excuse would
0,look really cool
0,black ops cold war stream lady night busy due technical issue still played camera enjoyed every second not much fun cod game since ww
1,
0,xbox early access day not wait play
0,perfect
1,like need major spawn work done no sbmm hit reg issue pretty small fun game look forward grinding goodnight
3,big
3,epic gamer
3,hope not cuz hideous
0,mf getting excited theatre mode cold war black ops black ops one none shit
3,finally death awaits modern warfare oh happy day happy day
0,thank
0,get share first game gotten work happy announce part dev team black ops cold war mad prop everyone worked organized warzone reveal youtube com watch at
2,wtf cold war man remaster black ops already
3,excuse
2,hell yeah
1,seems like feel good treated well playstation
2,cod black ops cold war going as realthunder dropping
1,new cod
3,no call duty game society progressed past need call duty game
1,people upset accessibility thing not apply leave alone not forcing
0,wow really went realism
0,best game far
2,vehicle look super annoying
1,shit would watch movie
3,thumblesscudi wuskinz skrapzg parasite
0,game event one coolest far not like open space could interact actually playing game running around map solving mystery much fun not wait black ops cold war
0,actually kind hype not actual big official announcement big gaming franchise opinion
2,callofduty really fucked black ops cold war lmao get ready flop
2,shit hard not
2,keep warzone cod br consistently update focus multiplayer year pls multiplayer suffering focus br last two game
2,black ops cold war definitely step modern warfare no double time leaning feel dated gunplay slow sound meh weak comparison
2,excited call duty game fuck
3,ik powerfist going live shame not afford
0,black ops coming soon major cold war era vibe love every second
0,not fucken late
0,go
2,
2,game suck
0,soooo cold war beta tonight xbox enjoyed p not wait play xbox
0,wow
1,release black ops cold war right asshole no one time wait shit
2,fuck
3,black ops cold war beta still suck pc shooter twitch tv popgoesthecorn
2,worst way die
2,not please
2,strong sbmm yep going worst cod multiplayer taking barely functional networking treyarch adding something make networking worse already ruining mw networking infinity ward
2,say goodbye gb p going gone
2,beautiful graphic loved first black ops
2,fuck game already
2,pc cry
0,menu look nice not understand people thought cw would get br literally said going cross warzone cold war coming
2,treyarch possibility updating blackout cross platform not even new game think would great idea people not warzone ton bigger streamer also prefer
0,lowkey hyped cold war campaign something not wait play else hyped
2,let u hope treyarch something remove racist hateful language black ops cold war since infinityward not seem give shit
3,screw dying medium company ronald reagan one best president loved almost american
3,camp gulag special kind stupid
3,called madman right start
0,look dope
0,not wait lick gipper boot sick waifu gun skin
0,randomly went end game man missed game
3,already not like idea people downed
0,not wait play beta weekend oh wait xbox never mind
0,fast frenetic action fluid movement fan favorite weaponry rock solid game mechanic
1,bruh gave black ops vibe black ops movement real world graphic wtf
3,giveaway soo grateful fast page growing would like say huge thank announce
1,already cheating blackopscoldwar like come not even decent play without cheater please not make game like modernwarzone crossplay problem fix quickly u console player getting fed smh
1,
0,going best cod year watch
3,mean real life crack epidemic
1,youtube maxed sniper black ops cold war officially cracked youtube com watch vcuhqd
3,best thing ever heard life countless time gotten killed shooting fire due unprecedented absolute
2,go cod min called every slur imagineable see three user word screenname yeah nb war criminal
1,black ops cold war campaign gone multiple different rewrite many mission reworked changed cancelled original script not related black ops threw treyarch took
0,cool cover art
2,recent warzone modern warfare patch leaked ton black ops cold war detail including singleplayer campaign description edition potential release date
2,not know need hear black ops cold war supposed extended everyone till tuesday pm eastern time not working not working since yesterday xbox xboxsupport atviassist treyarch
3,really excited squad
0,going say right cartel insane chaos
0,first day copd war beta mp overpowering sorroxws
0,think sniper ruining beta even overpowered sell equipment deactivate account delete fps ever made hop minecraft mobile never play first person shooter ever
2,repugnant
3,pushup every time lose twitter com zazuftw status
0,yoo actually pretty freaking cool ngl
0,chose best song ever neworder
2,crazy audio immersion new call duty pic twitter com vftlj ljcp
2,thought graphic like one black ops disappointed saw trailer
3,youtu fh bw stz watch new youtube vid show good route st petrograd pretty good video
0,know actually excited cod cold war black ops favorite series treyarch usually make solid game great
0,trailer bro excited
2,oh scoob meant oh naw dog shit
0,man hyped thursday
3,let u fucking goooo
0,not going lie black ops cold war trailer probably best cod teaser ever seen
0,look great pumped
0,inject right vein
2,unless treyarch take damn bush cartel map destined fail
3,git gud head sniping community probably
2,oh dear god computer going get fried
0,hyped
0,thank lord
3,congrats dallasempire championship win else callofduty
1,blackopscoldwar nice know treated others none steamer like crap unbelievable well day going stop buying let steamer buy fook
2,exclusive playstation oh fuck pic twitter com nwftyvxex
2,fucking kidding
0,remember fella gameplay
2,sbmm seriously ruining fun gaming developer insisting implementing either setting separate mode ffs
3,black ops cold war cutscene leak afghanistan cave man sheik use devil weapon not devil osama bin laden sometimes fight one evil must work another evil good man abdul must bad thing
0,would grateful
2,amazon wtf
2,really disappointed amazon today ordered kindle lightning deal order canceled due payment issue try order say deal already claimed disappointing amazonin amazonhelp
1,admit sub leak thought cheeky hot lad spending cash not send forward wokebored dm amazon list
2,amazon probably worst customer service deal lately
3,purchased time site time itunes time amazon time google play ya stop dragging u literally u smiler trying hard af not help general public hate plz http co snihxohvu
1,love speculative fiction
1,amazon israel carlnorberg se ama http co qalah
2,amazon nigga fucked
2,amazon prime video version
1,biohazzards thanks entering grand summoners watch video see amazon gift card retweet everyday another chance win play g global free golden kamuy unit http co vufodcn
1,historybluebook netflix amazon network please pick show amazing much better majority programming one show excited see every week please not make watch ancient alien
0,amazon coolest shit never thought needed purchased hook attach passenger seat hang purse excited
0,hated packing one least sold arrived safely lol
1,comfy deluxe pant waist extenders comfy clothier fbul xyz tp
1,played interesting quiz amazon try luck chance win exciting reward amazon game share
1,
1,played interesting quiz amazon try luck chance win exciting reward
0,amazon best seller best sport collectible ift tt vpc vintage football card old sealed wax pack perfect new collector ift tt pfb ift tt pvfw april
1,buddy love dress amazon com store buddylo via amazon
0,book went amazon bestseller chart exciting check blood reveals
2,want slow spread shut
1,time going beg take way shameful left blushing long done
1,buff ly
3,happy pub day eachstaraworld
1,played interesting quiz amazon try luck chance win exciting reward amazon game share
0,parking war favorite happy found amazon prime
1,one popular deal amazon today garmin forerunner still amzn hfa
0,quarantine caused order amazon package one week
2,thanks emailed
1,amazon package came today not ordered anything well get text lil sister thanking supporting dream cool weighted blanket fckn happy never get online asleep
3,people wank anything huh
1,lautaro thanks entering grand summoners watch video see amazon gift card retweet every day another chance win play g global free one punch man unit http co pptjf
0,lucky work company not acknowledges importance lgbtq community actively celebrates associate amazon best career choice could made
1,check awesome looking p controller docking station amazon uk amzn mqdtrp
1,
2,refuse buy book amazon miss book store
1,audio book keep anything silent hush amazon com dp prq
1,hc rd thanks entering grand summoners watch video see amazon gift card retweet everyday another chance win play g global free golden kamuy unit http co jt jsp
1,played interesting quiz amazon try luck chance win exciting reward amazon game share gqp
1,
1,amazon already altering
1,purchased not call marky mark unauthorized biography mark wahlberg amazon com not call mark via amazon
0,quick tale p expensive launch waited couple year sony found way bring retail price got p amazing offer amazon bundle included blurays game new sony credit card gave statement credit pic twitter com ortmbnp nn
1,amazon top line kindle sale limited time today com lmexir
3,people never seem realise wealth generational load business subsidized till turn around
1,xderbusfahrer thanks entering grand summoners watch video see amazon gift card retweet every day another chance win play g global free one punch man unit http co usikcqeo
1,played interesting quiz amazon try luck chance win exciting reward amazon game share gvu
1,taglia prezzo euro ift tt miksr http co zj yvnavl
1,amazon newest coolest tile tracker sale dlvr rrxj
2,always saddened many tweet dedicate talking thing looool not thing greater importance life not talking fake cosmetic amazon crest strip expensive
1,toilet handle snapped amazon order come either collect pee basin use another bathroom
1,rona moving college buying sooooo much unnecessary shit amazon
1,incredible broadway show watch netflix amazon prime video enjoyed hamilton vogue culture li
1,seriously people wearing mask everyday hour afford eat last thing need showing place work bitch wear one take as home order amazon door dash big deal
0,usually expect better service online like next day delivery
1,oregonchai stop making sugar free concentrate trying get hand last month no success amazon kroger etc
1,amazon uk launch sherlock holmes advent calendar amzn jh yzn amzn ynlf last year calendar sold worth getting early http co geynuqu mv
1,amazon web service start program help people train tech job cnbc com ama
1,bladebattler thanks entering grand summoners watch video see amazon gift card retweet everyday another chance win play free yu yu hakusho unit http co ta hbr
2,today waved amazon prime delivery guy not see
2,know wearing one along glove going new norm public still not find mask order amazon take month get type mask anyone else problem
1,new movie amazon prime funny cool different take princess movie cute funny
1,stuck home read
2,not mistake niceness open invitation spam dm m simpson tagged ad said not dmed series ad instead blocked not hard stay good side want shit amazon http co zjwy lu kk
1,good girl meet good black dick book bundle buy amazon authl md smashwords smashwords com book view http co xmrkkpbb
1,win amazon gift card fantastic father giveaway hop
3,sundarbans unesco world heritage site facing worst kind devastation cry amazon australia sundarbans not list bbcworld republic realdonaldtrump
1,thank not talking laughable look introvert available amazon tinyurl com tp http co eftoimyo
1,played interesting quiz amazon try luck chance win exciting reward amazon game share
2,betrayal amazon saying package delivered not smh
1,buff ly jdeign http co cdcispunoy
1,rt richardturrin amazon goldman partner perfect baa strategy thefinancialbrand com marcus brettking leimer psb dc ipfconline ursbolt cgledhill rshevlin thepsironi karunk spirosmargaris jaypalter jimmarous efipm
1,got kiddos backpack ordered today click get great idea school thing needed successful school year amazon affiliate link not cost anything buy something get commission amzn glkyie via amazon
3,social distancing sexy
2,amazon basic amazon recommended product bad track record opinion item broke conveniently month warranty expired
2,amazonin amazon amazonhelp top cancel order detail say customer cancelled order want befool
1,carat tcw natural beautiful amethyst oval cabochon gem dvg dvg amazon com dp wg qys via amazon
1,amazon best seller best laptop computer acer spin convertible hd touchscreen wled backlit chromebook intel celeron processor gb memory gb emmc bluetooth wifi webcam google chrome o obsidian black ift tt odda
1,hundred amazon employee put job risk criticizing firm climate change policy trib al ourvll http co zulyxw
1,carebyhdfc hl hdfcbank care hdfc bank amazon refunded amount not reflecting bank balance day no response tried mean contact
1,no greater illustration corporate america moral decay amazon theguardian com commentisfree
1,no est tweet zip get update send stop
1,gop senatefloor book expose pot calling kettle black confront evildoer partisan politics destroying america pray read page open mind jesus one without sin available amazon amazon com dp http co lg jefu
2,apparently fred perry discontinuing shirt proud boy wear know sell knockoff amazon right stupid
1,amazon threatens fire critic outspoken environmental policy wowplus net amazon threate http co ptaibvrz
1,google apple remain incapable challenging amazon smart speaker dominance tech dsmenders com google app http co qtzafacgku
0,thank amazon quiz nagrajgortyal amazonin
2,really amazon fuck no way
2,amazonin rblbank frustrated due missing conversation brought mobile amazon india emi facility via rbl bank credit card however rbl sent statement total value mobile amazon rbl not helping pathetic service
0,seeing amazon prime marketing borat getting tiktoks vlogs youtube video amazing world changing still doubt power online audience time quit
0,thank amazon
0,new season boy back amazon lit
1,much love political show wife decided skip everyone spent day binge watching bosch amazon welcome relief gloom doom
1,check cenizas men half sleeve polo collort neck casual shirt maroon grey xxl cenizas amzn agilnu via amazon fit type slim fit comfort best fashionably comfortable cotton polo collor shirt wore till
1,cool ad got amazon tv anyways watch nwsl challenge cup championship sunday th pst est pic twitter com buc
1,grandfather wall clock make excellent addition living room decor vmarketingsite info pendulum decor
1,accidentally ordered two amazon second arrived today anyone want buy life local sidcup south east let know otherwise send back pic twitter com yrzuenpxcl
2,hey amazon understand everything going delay actually shipping order shipped relatively quick going day ups ground day shipping prime member paid
3,past year alone five expo guardian bureau investigative journalism brazilian agency porter brasil greenpeace amnesty international linked jbs cattle supplied amazon farm involved deforestation theguardian com environment
1,amazon brand happy belly hot chunky salsa oz shipped dealingindeals com amazon brand http co ymqevuref
2,researcher disclosed flaw amazon alexa could allow attacker access personal data install skill echo device
1,amazon buy old chicago property mayor claar not happy bolingbrook il behold old skool republican told amz hour not shit come pay repubs country not issue patch com illinois bolin
1,amazon ring fired four trying access customer data bit ly dgg http co fpzqriir
1,jeff bezos sold bn amazon stock covid collapse theguardian com business
1,liamwhitehouse thanks entering grand summoners watch video see amazon gift card retweet everyday another chance win play free yu yu hakusho unit http co vufnpegixe
1,screaming pleasure horror make happy healthy
2,amazon fire two employee critical warehouse working condition seattle based firm facing public scrutiny safety working condition case covid reported facility nbcnews com tech tech news
1,amazon prime offer amazing gift card covid pandemic enjoy quaraintine time use properly grab chance quickly get amazonprimegiftcard wixsite com giftcard
2,plague corruption
1,jaded priest quest truth take lethal turn stumble upon ancient conspiracy thrusting clutch fanatical enemy vatican package conspiracy worth killing dying amazon amazon com dp nv zvbq
2,amazon review barrel monkey barrel arrived monkey sick dead one would not recommend
2,even site like amazon state try crack price gouging still find wildly overpriced mask scarce item sale great story towski riverfronttimes com newsblog
1,check new single bad habit live amazon amazon com gp product
1,curimax thanks entering grand summoners watch video see amazon gift card retweet everyday another chance win play free yu yu hakusho unit http co klem uktw
1,not massive success one detailed review
3,greatest protector live amazon jungle
0,amazon package got omg happy one thing got
1,thanks everyone bought stuff julie amazon teacher wish list guy appreciated
1,dangerous party drug everywhere even amazon nbcnews com feature nbc ou via nbcnews
1,great storytelling peppered detail brought world life make easy recommend amazon reviewer
1,themrphone mi network stylish gorgeous check amazon amzn dfs tk
2,jeffbezos fuck amazon love people better
1,toxic masculinity specifically searching men hair dryer amazon
2,amazon amazonin amazonhelp pre booked nord phone th july amazon grey onyx not yet dispatched someone bought one today prime sale already shipping commitment deliver tomorrow intentionally cheating customer pre booked
2,crime humanity treated no one need much money think billion could school housing covid testing supply
1,okay need spend buck get free shipping amazon suggest not make regret asking love doodad thingamajig
1,
3,thanks saturdaykitchen caitlinmoran ever joy brilliant book
2,fyi algorithm failing award credit despite actual credit never subjugated system amazon not even lend think apple not either everyone already know equifax compromised pic twitter com tnmb pvow
1,amazon com best seller popular item amazon infoapp com amazonpromotio http co elivqqsw
3,stoked new iphone se coming soon clearly covered fix cracked screen edge edge no black border alignment jig shop whitestonedome com
1,masterlink deal wood furniture product amazon deal lightning deal open desktop mode amzn rj krr
1,burning laptop flooded home court hold amazon liable faulty product msn com en u bb
1,energizer led headlamp bright durable lightweight built camping hiking outdoors emergency light best head lamp adult kid battery included energizer amzn fy jn via amazon http co fqcfdqebxj
1,binge watching hunter amazon prime saul rubinek carol kane not get emmy nomination performance no justice al pacino usual great
1,sage apothecary lemon multi purpose sanitizer ml learn ift tt wo jt
1,long blue line disrupted us serpens ak largest lo amazon com dp
2,proud vexed moronic plan manager amazon show productivity reclaiming rsus position rather demonstrating result not rehire list yes hard work evil ask amazon
1,played interesting quiz amazon try luck chance win exciting reward amazon game share grk
1,instacart amazon worker going strike bit ly xgtxq
0,amazon prime love
0,woah
2,yo primevideo tell jeff bozo stop unskippable preview skippable aware may check someday unskippable angry never check amazon pic twitter com xt biizawz
2,mistake
1,soulof cinder thanks entering grand summoners watch video see amazon gift card retweet everyday another chance win play free yu yu hakusho unit http co nwlfczdaoj
2,alibaba aliexpress not sell real salux
2,seriously point not get day date many sleep
1,amazon pay hand fast tracking mark beast prophecynewswatch com article cfm
2,anyone know know hate pre ordering game amazon make wait day package get would rather go gamestop early morning said not leave house caved pic twitter com yhv
1,
2,fucked
1,plain janie smart janie good sister never cause trouble meet janie secret
1,starting season bosch amazon prime video series great not stop watching
1,played interesting quiz amazon try luck chance win exciting reward amazon game share gd
1,agent mayhem get amazon amzn hnkx like fortnite purple
1,played interesting quiz amazon try luck chance win exciting reward amazon game share gik
0,selling yesterday lowest price ever amazon powerful amp motor generates psi max gpm amazon com sun joe spx http co tsrahz yp
1,amazing read aloud book child select amazon wish fitzpatrick pic twitter com btdylnw zg
2,amazon hit side crisis highlight growing power thealexanews com gadget amazon
3,someone please fucking tell amazon still fire genuinely not know
1,notorious blockade runner mysterious heiress inconvenient secret trouble misbehaving
2,hello amazon india happen action taken order canceled delivery team get refund
1,thelazygenius thanks entering grand summoners watch video see amazon gift card retweet every day another chance win play g global free one punch man unit http co frg jyhqwe
3,aoc make ignorant comment come wi meet
1,watch neighbor stunned cop take black amazon driver parking wrong way smartnews link qyjn directly access content using link smartnews link rdea
2,amazon highly disappointed amazon never expected pathetic reply custome support team
1,amazon great indian sale get r amazon pay cashback new oneplus tv read ourswideweb com http co ipktvwuyq
1,played interesting quiz amazon try luck chance win exciting reward
1,played interesting quiz amazon try luck chance win exciting reward amazon game share gk
0,awesome
2,amazon great devouring beast business massive not exactly positive impact world environment treatment staff highly questionable gu com dabz stw
1,amazon launched helpful face mask store dlvrit wordpress com ama
1,ona thanks entering grand summoners watch video see amazon gift card retweet everyday another chance win play free yu yu hakusho unit http co grbikiy
0,love ordering stuff people amazon
1,parthac thanks entering grand summoners watch video see amazon gift card retweet everyday another chance win play g global free golden kamuy unit http co fhddwjh
1,walmart gave customer another good reason cancel amazon prime membership dlvr rf jg http co tq mdbut
1,played interesting quiz amazon try luck chance win exciting reward amazon game share gfq
0,price data gon amazing amazon inevitably split
0,recommend
0,southwestair expanding hare airport trying
1,gugcosta thanks entering grand summoners watch video see amazon gift card retweet every day another chance win play g global free one punch man unit http co cyrxx ur
3,want bad sexc
1,amazon shuts new york delivery station worker get coronavirus nytimes com reuters
1,otakuweeb thanks entering grand summoners watch video see amazon gift card retweet every day another chance win play g global free one punch man unit http co dueludqpgd
1,rt cbinsights
1,perfect question amazon apple go big bear market jim rogers ecoti un osb via economictimes
2,calling amazon see got charged could not anything app anxiety right lol
2,bought fucking airpods amazon suspending delivery fuck jeff bezos give damn airpods
2,apple amazon ion know worst come taking damn money
1,counting top time listened episode markccrowley com marc brackett
0,today best deal rare airpods pro deal free amazon music unlimited fire tv stick smart plug bgr ift tt vfavw
1,played interesting quiz amazon try luck chance win exciting reward amazon game share geq
1,amazon accidentally pressed cancel delivery option order due delivered today help not meant press
1,across fourwinds first book maidstone chronicle
0,congratulation amazon gift card winner annnieanna jerice sending winner gift card email provided contest entry
1,logfta thanks entering grand summoners watch video see amazon gift card retweet every day another chance win play g global free one punch man unit http co chb xp yrf
0,shoutout amazon day delivery
1,complete epic fantasy wand chronicle trilogy amazon star reader favorite amazing review happen human finally meet elf powerful elvina wand amzn auxlvv
2,still ordering shit amazon piece shit blood hand
1,played interesting quiz amazon try luck chance win exciting reward amazon game share giz
2,hard not find shit online amazon want buy shit refuse buy amazon coffee mishap need new kettle not go irl store front right urggg like not problem really frustrating avoiding amazon hard
1,finally started watch expanse amazon prime excellent far season moment mandalorian good far annoying disney releasing new episode weekly tick season feel good entertainment well love
3,airtel presence charged amazon prime membership even though covered airtel thanks membership need addressed please
0,delivering grocery amazon mother fucker lazy
1,surface bell us electroplating process bell surface maintain luster not rust inner ball made high quality stainless steel make jingle sound clear crisp
2,yo lowkey feel like amazon always charging random amount shit not buy
1,uk reader enjoyed book would time leave quick review even rating amazon uk would hugely appreciated amazon co uk dp njsl
1,amazon still much business usual uk record biz drewhill propermusicgrp counter rumour amazon halted shipment physical music uk least murraystassen musicbizworld musicbusinessworldwide com amazon still
0,look progress rivian amazon co developed electric delivery vehicle youtu lkpoe eulxm kind wild alexa tesla becoming important car os instead android io
1,longwu woman elegant comfortable casual short sleeve pencil dress belt pocket work lounge wear amzn mypgtf bit ly tdrivz amazon selling
1,played interesting quiz amazon try luck chance win exciting reward amazon game share
2,thinking getting facemasks help avoid coronavirus help prevent passing probably late buy price gouging seller amazon jawdropping supply
1,sure enter awesome
1,played interesting quiz amazon try luck chance win exciting reward amazon game share gac
1,whoppingwooper thanks entering grand summoners watch video see amazon gift card retweet everyday another chance win play free yu yu hakusho unit http co bfpblds iv
2,amazon one hour hold customer service hung not impressed pic twitter com oepzsi zvm
1,robbinreay stoked premise behing amazon fresh grocery cart theryanlindsay huge fan advance vr tech pic twitter com cufhhbwnuw
0,amzn yn asv best selling amazon
1,
1,played interesting quiz amazon try luck chance win exciting reward amazon game share gqs
1,beautiful song powerful lyric people hear furious love veridia amazon music music amazon com album ipby
3,miss blacksmokebilly
2,narendramodi pmoindia please help twitter reminder no
1,heaven fall amazon com dp uvkhny
0,intrigued
3,
2,amazon amazonhelp still refund anou not recieved month
3,grifter need outrage moral disgust like parasite need fresh blood see someone pinned amazon book profile cry crocodile tear latest mass medium chimera tragedy know always wish little worse
0,like amazon pantry snack section
2,mean really saying post amazon evil af ing research order shit independent retailer laurahilliger com model let u bu
3,hbo hbomax roku not sure trying hold deal without hbo max tv roku device cancelling subscription primevideo keep hbo money
1,fu thanks entering grand summoners watch video see amazon gift card retweet everyday another chance win play free yu yu hakusho unit http co wbfn hao
1,abby pre med major moved dorm no idea would meet black bull let alone fall love one pre med bull interracial cuckolding authordavidbird amazon amzn ukw http co lcoroatxnr
1,definitely not go wrong everyday victory jesus order today
1,could
1,thehinsupayo thanks entering grand summoners watch video see amazon gift card retweet everyday another chance win play g global free golden kamuy unit http co fsfaqt bmg
0,
2,amazon scheduled reverse pick since feb person come pick refuse pick saying number not matching not kindly pls help get problem
1,battered submissive restrained fantasy book brandi evans amazon com battered submi
2,side project open source worker surveillance software tried get amazon walmart contract never got past procurement no idea much lobbying go space let explain first whole bid process ridiculous requiremen
1,fancy winning spend anything want amazon head enter life breakdown
0,love use amazon get favourite bristol twenty coffee ow ly zynks http co nedkmpakjc
1,amazonquiz played interesting quiz amazon play game amazon funzone amazon game share
1,green finger simply adore set two planting pot available amazon via amzn dxtd
0,gur kulkarni hi thank choosing celebrate amazon prime day u go surprise promised pic twitter com xcmd xfybb
2,ordered much amazon yet skate want still stock
1,complain jeff bezos mega billionare buy crockpots amazon sale knowing damn well never going buy one first place
2,amazonhelp hi amazon think breached uk gdpr selling child data person responsible data protection uk
2,jeff bezos close amazon say fuck rich fuck
1,heatstroke thanks entering grand summoners watch video see amazon gift card retweet everyday another chance win play free yu yu hakusho unit http co rhvydvgnn
1,amazon launch counterfeit crime unit fight knockoff store read blog iammarketingmedia com amazon launche
0,super bowl time look forward commercial good one amazon alexa featuring ellen degeneres buff ly dow
3,amazing ecologist jessieldk fortunate work collaborate andes amazon way back pacific
1,ezequie thanks entering grand summoners watch video see amazon gift card retweet every day another chance win play g global free one punch man unit http co wzqi ct
1,turmoil turkey jon grainge amazon com dp via amazon http co ucqa ppmyi
2,amazon believe poor taste horrific exploitation man death claim blm pic twitter com mmwuriw
2,problem halfnewyear not one non amazon prime member watch u
2,definitely walmart amazon going fuck shipping
0,could not agree excellent
3,one standout favourite novel go grab
1,amazon translate ranked techtldr
2,buy movie amazon amazon ban movie movie taken away
0,world beating system also using internet explorer amazon workspace
3,deforestation soy used animal feed largest contributor deforestation amazon rainforest people let u not die
1,fed crack fraud scheme allegedly bribed amazon employee gain better sale theepochtimes com fed crack dow via epochtimes
1,directed michael showalter also helmed big sick available amazon prime lovebird effectively balance lovable bickering character ridiculous crime story without wearing welcome sfex news wqclvr utm ca
1,amazon seller find way stop throwing away money could save thousand bit ly cfav yc accountant
1,fast paced engaging one kind read grab copy murder preacher
1,nyxjacob thanks entering grand summoners watch video see amazon gift card retweet every day another chance win play g global free one punch man unit http co wdx vy
2,amitagarwal dear sir please help order two mobile phone amazon received one complaint not solve issue
1,great see young lady using allauthor com amazon http co cm vpnukq
3,thread gold read weep laughter
0,revlon brush really work lady go cop shit right amazon never need go pay blow ever
3,everything book sound good
2,amazon package delayed much prime
1,amazon shivaji great maharashtra great maratha hero history read amazon http co vbkeynr zz
1,dart humanity ep new not normal apple itunes apple com u podcast dar google google com podcasts feed google play play google com music listen spotify open spotify com show oyfdhim iheartradio iheart com podcast da pandora pandora com podcast dart amazon alexa http co uczfirx ip
1,great amazon fun chance win could also win participating amazon daily quiz pm pic twitter com qxjihkv ke
1,not even going show loss ffs
3,bolsonaro evil racist incompetent leader donald trump selfish ignorant racist apart destroying beautiful amazon forest ecosystem despises afro brazilian facebook com
1,powerful insightful portrait uniquely american landscape storyteller saha get right amazon every story jewel goodreads
2,finally got flour like bread store no yeast anywhere refuse pay online price gouge pissed amazon allowing ptome member year think done
0,saw james may show amazon prime looked amazing
2,goodreads pain use fix amazon
3,virus head upriver brazil amazon sickens native people ctvnews ca health coronav http co falrvw aa
2,not surprise one bit greedy fuck
1,best amazon review protect device best glass screen protector glad find screen protector shop whitestonedome com
1,best fantasy book read age narrative truly powerful seldom get inspirational feeling reading trick amazon review
2,like idea behind whah stand not see working
0,not wait amazon shipment
0,love united stateswe hope help thank bitcoin uwurka mcbsdwfmc pynarfwyxuf amazon com wish list amazon com gp registry wi
2,microsoft amazon ibm ban police using facial recognition software sell software could saudia arabia china police state washingtonpost com technology
0,people wicked life know covid deliberately spread look delivery guy amazon omg
0,paybackindia woohoo received amazon voucher worth inr payback reward
1,indiana become attractive option company looking globally site locate business
2,hey bezos amazon instacart actual fuck wrong fuck not protecting worker customer give protective gear jfc midst highly contagious pandemic greedy fuck wad
1,sale tiaobug newborn baby girl cute soft hospital beanie hat nursery hat photo prop shopping freeadsz com product tiaobu uk shopping deal
1,story definitely funny great read grab copy super nice monster squad
1,ledio thanks entering grand summoners watch video see amazon gift card retweet every day another chance win play g global free one punch man unit http co giyzotgmpj
2,forgot need stuff meh running errand waiting amazon delivery hate
1,snow much fun enter win amazon gift card candidcover int candidcover net amazon giveawa
2,outrageous amazon suing govt billion wtf
2,please explain possible let company overcharge scam amazon shame pic twitter com mqb bupthx
2,amazon holding dollar suffocating business sellercentral amazon com forum amazo news ycombinator com item id
1,amazon stop accepting new online grocery customer cut hour whole food store dailymail co uk news article http co jn omalq
1,edhernandezwin thanks entering grand summoners watch video see amazon gift card retweet everyday another chance win play g global free golden kamuy unit http co xruogwv af
1,amazon echo studio review gorgeous bass meet sound stateofpress com ama
3,awesome bonecakes strawberry original maple syrup please bunniekat octoberbones searcher homenutt skellyice deathslastlaugh cryptmidwest rjcrowtherjr carolinagirl figster lesliea vampire madmmonstrosity
1,sure enter awesome
1,love wholesome game community every coin digital wallet actual question animal crossing amazon preorder page pic twitter com bjotmqj bd
0,perk ooo
1,baby army joined fandom welcome exciting fandom ever bts love discounted amazon bit ly amazon itunes bit ly mot itunes google play bit ly googleplay bts music bit ly bighit
1,browse extensive collection healthcare product amazon live healthy life product leading brand including omron detak equinox indigo accu chek one touch ultra dr morepen download new amazon app bit ly sh nx
1,judge block microsoft pentagon contract amazon claim trump interfered snub dlvr rq pj http co fctb
1,watched unfit amazon evening riveting not recommend bed probably best daylight
2,ordered shit ton stuff amazon lately think retail therapy problem
1,love fantasy scifi
1,heartfelt vulnerable insightful grab copy golden cage
1,love speculative fiction
1,amzn roxopp
3,
1,bella sitrep currently cruising screwed approaching fubar velocity bad beyond readerlinks com
3,cop controller similar speaking experience good fucking controller switch
2,amazon not deliver hood
1,dvg natural zambia emerald carat tcw oval beautiful gem dvg amazon com dp nww via amazon
1,join neil neale superjam xtra show yes shortly bringing feel good music soul catch crackersradio com alexa google home amazon cracker app tunein soon pm http co cnfkepy vy
3,thread nut
2,amazon deadass not knock deliver package
1,urban coco woman basic versatile stretchy flared casual mini skater skirt amazon woman clothing store amazon com urban coco wom
1,sugar tamale thanks entering grand summoners watch video see amazon gift card retweet every day another chance win play g global free one punch man unit http co sperxje
1,ih zee thanks entering grand summoners watch video see amazon gift card retweet everyday another chance win play g global free golden kamuy unit http co czgbshxb
1,bigram poem inspired wileyed amazon personalize personalize use use item ed wiley
1,played interesting quiz amazon try luck chance win exciting reward amazon game share ghs
3,hey great looking snag p totally grab switch instead
2,amazon as right bitch as nigggas stole package simple
2,jeffbezos must feeling pain divorce not deliver promise not promise deliver back word not expected package needed amazon admitted fault not seller paying subscription
1,played interesting quiz amazon try luck chance win exciting reward amazon game share
2,like regret
1,bbc news amazon bos jeff bezos reject claim company acted like drug dealer bbc co uk news av busine
1,
0,literally fanboys game industry not wait take cheap shot microsoft xbox online service feature digital store cloud thing headed google amazon tremendous reach ignore threat dumb
1,congratulation david usa vishal india winner amazon gift card
1,love way care bed
0,new tlou trailer dropping tomorrow meanwhile number best selling game amazon not listen leak badmouthing experience game
2,hilarious
2,ugh freak hoe sold overnight
2,amazon prime day still delayed rocketcitynow com article news
2,fucking amazon que quito el documental de daniel johnston
3,benefit using quick detailer washing car read carcarecoaches com benefit u
1,starting fable queen tomorrow going absolutely amazing fable king amazon everybody get mood hey know time read fable king might finished fable queen bookshop uk tmblr co ziynswz po fmy
3,congratulation ninamanning publication day hope fabulous day book fly
1,life soup fork cute humor shirt amazon com dp wxmsmqy via amazon check
1,not know cacay oil best antiaging ever order amazon store right bit ly bestantiaginge roxysiria
2,damn
2,amazon really dirty huh okay get pic twitter com vouwfp
1,pathetic feel knowing caged pindick twitched cartoon foot going set amazon wishlist tomorrow little foot slut make useful findom find pic twitter com sb cnubhk
1,anyone liked tiger king would highly suggest wild wonderful white west virginia produced johnny knoxville amazon video
2,google amazon imitated brand name used phishing attack june quarter report
2,fucking hate usps deliverer never fucking job no way mail last week get amazon stop giving package usps delivers not delivering shit even food
1,eljeeeey thanks entering grand summoners watch video see amazon gift card retweet everyday another chance win play g global free golden kamuy unit http co ylnbixjdii
1,dancing girl absolutely gripping crime thriller nail biting suspense detective jo fournier novel book ebook chouinard amazon buff ly click kindle ebooks buff ly wxdlu http co ypk sgda
2,let die
1,decorative wood wall clock make perfect birthday gift idea vmarketingsite info pendulum decor
2,thought going worker safety whistleblowing exercising political union right illegal well immoral evil
1,wait billion back stock exciting radiant design ultimate performance shop geekaybikes com bicycle mtb amazon amazon dp hmttbww
2,amazon turkey organisation mess big mess
1,
2,kobe jersey amazon terrible people
0,people dead rude cuz got amazon vest
1,yes thanks entering grand summoners watch video see amazon gift card retweet everyday another chance win play free yu yu hakusho unit http co uh pkxerf
2,swear god burn something wholesomeness lord ring ruined fucking cucks amazon
2,trying find cloth face mask not medical grade etsy awesome no not advertisement folk going far beyond effort respond quickly everyone big guy amazon tapped take month
1,wall director andrew stanton film inspired amazon apple hollywood reporter dlvr rq cvf http co fczx db
1,
0,best thing amazon documentary show levy go transfer business showing world penny pincher really
1,anyone read enjoyed book one u go feel able rate review goodreads amazon would soooooo grateful goodreads com book show http co xuhpk mogo
0,highly recommended great memorabilia pas along grandkids someday
0,thank queen warrior bee wearing amazon bestseller tag moment
2,wth amazon album still not moved get supporting evil megacorp
2,one saddest day life queen business leader reflects could one year amazon killed hq project lic qns com story
2,aye amazon really running shit lmfao bullying congress tlkn bout nigga year make rule keep wana scared jeff bezos lol nigga different af
0,amazon still delivering good time send present people stuck house young kid drum kit recorder violin etc perfect part home schooling plus not come round punch face least week
0,screen cleaner kit best led lcd tv amazon com screen cleaner http co mrud zblft
2,amazon getting dumber bought four amazon pic twitter com xyxrmj sa
2,please not fuck
0,thank god willing work
0,fun ti trash buddy fauwxx overwatch not wait see shenanigan get
3,really really fun set build well worth money even not care overwatch
1,hey everything suck let u play video game twitch tv notintheface
1,happy wednesday well fine wednesday streaming overwatch twitch tv avggamer come say hey twitchhost twitch rt twitchsie supportstreamz twitchsharing twitchsupport http co zw qikai
2,fuck twitter com urfavisdrafted
2,not bad overwatch terrible pic twitter com wxadjbkjhu
1,wheezing
2,playoverwatch wait min game get error way much plz fix beg pic twitter com sqyjqt
3,everyone watch love
0,nice day today enough unlock name overwatch live right come first place giveaway powered
0,love one man pic twitter com ijoowlsvrt
0,soooo got first play game overwatch today falling love game
0,love
1,best duo support check broadcast playstation
2,miss spamming stay payload overwatch
3,overwatch game chat toxic
2,guess not ordered anyway nier automaton pokemon platinum every pokemon game general fuck overwatch sadly fgo
3,fuck toxic people overwatch
0,awesome gaming night hubby xtremefanatik friend mixerretweeter watchmixer destinythegame playoverwatch
0,think pretty badass
2,overwatch trash fuck game
3,shoutout amazing people cheered tonight going vibe overwatch
3,bulldog pro skateboarder enjoying soo much
2,fuck tracer lol overwatch character added genji would better pick
0,not get overwatch head want grind thhat game badly
3,guy playing overwatch last night two people team arguing asked could stop could try win one added tell screeching mic literally not think ever spoken softly life
3,like gorl fine pic twitter com pziogt
0,finally hit diamond playing mostly ana really happy also kind horrified amount overwatch played season
2,never life ever fealt fed game not overwatch
1,super live super juice twitch tv atl rain
0,say thank god friday another big weekend ahead channel going good folk drinking playing overwatch trend weekend
0,pumped tonight stream going work overwatch comp come bear witness domination pic twitter com qfoakidgul
0,thanks
3,unprepared overwatch stream twitch tv sonreigen
3,insanely bored going live random overwatch random overwatch stream bored twitch tv xskyforgergami
1,anyone else read think tripling literal damage output
0,want overwatch pc bad not deal playing mf switch
2,playoverwatch please stop promoting learning new hero blizzard client unless going actual reliable source spaceow better video made overwatch player get make video bad
1,trying make friend reaper winston still went try hard mode using wraith panic jumping like fornite tried saying hi whole match called trash not even damage qp loser
1,live twitch tv strackelive overwatch ranked
0,hit level overwatch know late party usual goddamn enjoy game pic twitter com tmjsvasdvc
2,suddenly unable swim
1,overwatch fan torn hero pool change dlvr ryfvlv
0,thank papa jeff giving u change
0,hit follower let u goo thank guy much watching chilling today ton overwatch pc today see ya tomorrow genshin impact no cap
2,hurt brain
0,best random overwatch youtu cm qf boucg
2,true shit break heart playing ow since release watching owl since first game sad see fall apart pro level
2,dear playoverwatch normal game master rank no red team cheating making everyone lag pls ban pic twitter com lfhdyaopds
0,overwatch cookie run minecraft pokemon leafgreen love live star nominate anybody
1,come tell bad overwatch ask show katanas twitch tv panthianchampi
3,overwatch shitposting one greatest thing
0,drumming overwatch relatable
0,love overwatch give loot box playing support
3,
1,unconsciously uninstalled overwatch lmao
0,sushi striker team sonic racing sonic force sonic mania sega genesis classic super bomberman hero lego city underground owlboy overwatch dark soul remastered splatoon great game recommend anyone nintendo switch
0,fun stuff overwatch
2,stabbing overwatch sucked way dick
3,u police emerged night watch born slave patrol plantation overwatch not failing black citizen designed maintained specifically not serve protect time com police
1,promise die achieve nothing
2,disappointment
0,last night lot fun playing good game bad game importantly also got two play game pharah ashe
0,woah
0,love skin especially weapon skin many widow legendary weapon skin complicated distracting one sleek simple palatable
3,toxic player lynch not say womens face definitely not woman could whoop as
1,corruption knocking overwatch babe serious mood atm pic twitter com qny kmgblv
3,got made fun hate overwatch community pic twitter com yhhe plyz
2,pc overwatch time probably not play like next season
0,dude knew lmfaooooo bob cute granny hat
2,might playing wow classic beat constantly solo queuing overwatch though
3,live time overwatch shenanigan gunna bullshit around rage game lol see ya theta tv spazzxattack
2,yep totally trolling rolleyes
0,love big man suit armor pin wall
2,not able write long time feel kind bad whole series fics planned interest overwatch destiny dropped absolute zero not know ever even going finish shame
2,come not get overwatch pic twitter com qep xcllrz
0,not wait play mercy moira junk mei overwatch week
1,wtf
2,first canadian hero not even hockey player stache mullet bauer tim hortons coffee overwatch continues disappoint man
2,grabbing sigma skin mood look wrist oh look time abandon overwatch another game hour
2,
0,smashed overwatch hit beat saber vr chilled paladin flame thank roseukfam awesome host dadgameroftwo gifting rose sub stark diamond follows everything til hair dye stream
3,vgod ix going bless duo overwatch yes lord
0,mercy best skilled character overwatch requires prioritization quick decision making game sense love mercy much cute cat happy babycakes mareeeeep play pocket miss everything
1,new hero echo overwatch daily moment ep funny random youtu lzqtmn hqom via youtube playoverwatch excited
2,overwatch dead pic twitter com akpujrru
2,valorant pretty much exactly wanted overwatch
3,one clip look better anything entire overwatch league
1,used cheat smurf account overwatch saw match sorry not snitchin pic twitter com bdbsqypsew
0,bruh hopelessly addicted overwatch wrong
0,epic overwatch gameplay command twitch tv miniteno
1,mercy
0,properly carved pumpkin first time not look best fun playoverwatch
0,fact play overwatch year finally eat chipotletweets time miracle seabandnausea
2,wrong long minecraft exists
0,great see student made content
0,know joke actually make sad love game much despite torture sometimes seeing fall apart like heart breaking long everyone always joked game dying since like least really
1,look like april fool already started
2,playoverwatch get pleases
2,playoverwatch overwatchfr no ana get fuck unninstal game gg
0,good morning twitter fam going hit gym overwatch classic wow grind
1,overwatch match would run point xp score top winner team get sr amt increase bottom winner get top loser get based performance bottom loser take sr loss
0,twitch tv africanbattler not sleep anyways back
2,playoverwatch coming back overwatch year break literally first comp game guess time take another year break low diamond http co fauucovqsf
3,internet would stop asshat
2,filthy casual spam overwatch junkenstein skin pic twitter com srcky zk
0,birthday consisted crab leg watching goofy movie lady tramp remake going play overwatch best friend
0,live minute continuing overwatch ranked grind twitch tv vonspriggan
3,start tuesday right checking lovely ssj s streaming overwatch twitch tv ssj s
0,login owl account first time month see sombrasbutt love overwatch star war much http co wvicemrfwy
2,blizzardcs disconnected game overwatch internet crashed playing support yet lost sr role dropped master tank
2,stop banning moira coward
1,get
2,fuck overwatch
0,bollo plant id love competitive overwatch together using twitter want say
0,every
0,time boops kill playoverwatch twitch let u get new torb skin twitch tv nakubael http co nj kwfi
2,cursed playoverwatch pic twitter com nw fr
2,streaming really fun right like actually lot not care boring overwatch pain as not talk yet not donation setup console streaming limited etc someone stream hang
1,woke got overwatch played dp match got potg kill gold still throwing pic twitter com eh lpc
0,character make u happy crew lol see full team mech squad together
0,playing overwatch apex still pic twitter com axg
0,much fun streaming playing overwatch thank support well stream resume tomorrow love
0,well fucking surprise hour overwatch pic twitter com iyx dlh
3,sure tune brother stream tonight channel playing
3,another wonderful stream shared husband thanks everyone turned back tomorrow lot overwatch ffxiv good night
2,one completely forgot overwatch character existed pic twitter com bmdgverorn
3,fun friend maybe comp maybe twitch tv overwatchmouse
3,still best overwatch player tgota go fight
0,never get tired getting good teammate award overwatch
0,play overwatch bad
0,nice
1,made cursed content kiki putting enjoy youtu ssjyhbmyfdq
2,going say overwatch essentially nominated lgbtq game year worse rise skywalker nominated lgbtq film year least rise skywalker slow footage zoom see gay shit squint
3,kremekrispie arguing people overwatch
1,unless world class diamond tier gamer online multiplayer team game like league legend overwatch not fun team bad time
1,remember little brigitte running around overwatch base mean weird bring child work day cute
1,yay friday great day every live today uk time link bio
0,
2,blizzard ent fact get suspended overwatch janky wifi connection ridiculous hit leave game suspend poor connection rejoin game still suspend boococky better please change
0,wow played overwatch long time pic twitter com asggpo
3,overwatch switch lite amazing portable device amazes draw back run fps
0,throw overwatch game could throwing back
0,like skin
3,normal people hate overwatch becouse comunnity toxic yo no one mic second later trash omfg go bed unistall game want people voice chat xd
2,worried not usually ever get angry however last week overwatch competitive actually made angry need take break get time face mask something guy anything relax video game make feel abnormal
3,point starting feel like overwatch hoax
0,cute
2,stop jumping stupid overwatch boy
0,time play
3,prof unmuted everyone online lecture not realize everyone heard jrgr screaming stupid overwatch game min
3,go watch cute as wife
3,nothing frustrating team not playing together everyone suicide mission
0,people mad hating skin well think skin absolutely incredible including helmet
0,literally one best thing ever done omfg glad made wolf granny
2,bruh
3,look fucking unit would like lubricate tight socket
3,nyummm delicious finally good content nyumm skin asher
2,broyouwack lying even original overwatch game disk lying still not fall
0,appreciate man
0,hell yes
2,already lost game shit
1,follow whore overwatch
0,finally excited nerd
3,not pleasure catching friend og stream go check he cool bear hamster thing overwatch
3,guy messaged say name forwarded throw list lmaoooo get fuck overwatch weird as dude
2,see people trashing overwatch like remember bad old overwatch not remember day goat dp tank healer day one trick rolled team solo people forgotten bad old overwatch comp qp really
2,wtf ana banned okay afk week ggs
2,sometimes look overwatch see dead horse surrounded bunch guy suit beating stick xd used adore game seriously dead still playing time time though
0,iiiiitttt unlocked nd emote slot already got drawn stay tuned happy big thanks indecisive fox raid tier sub lalunahaze gifted sub legend starting overwatch twitch tv xmzmarvelx
3,eso player tell game great play hour straight
3,overwatch team stream game ngl happy
0,melody really starting feel happy saturday http co zbbleeh ac
0,beautiful phenomenal
0,reinhardt one favourite overwatch need one life
3,best overwatch porn sound zxxxvids space ph ph
0,important happy
2,going alone without music still going entertaining playing overwatch right pic twitter com swzxsxjsu
3,overwatch full idiot done
2,okay nevermind fuck overwatch like playing healer get real old real fast not given damn choice miss waiting less minute play torb
2,overwatch really listens famous people huh
0,thought posted lmao comfort character sigma overwatch pic twitter com fmmd ap
0,today fun prob done streaming day shoutout playoverwatch squad hanging today go give follow twitch tv joshuahoang twitch tv joshuahoang twitch tv joshuahoang highlight reel athenascope
0,imagine complaining wanting realistic body proportion overwatch character eye literally size fist shut fuck let artist want
2,hunduks never happy overwatch beta
1,anna ult group clc anna regular acc twt yeoreum boogie anna popular fancam anna soft layout anna popular tweet fancy soty anna also stans overwatch en shindanmaker com
3,best way protect samsung galaxy note buff ly zkjihu
3,ult going ult somewhere make look awesome twitch tv big husky
2,fact playoverwatch not nerf bastion clearly show not care lower rank average amount player
3,today fun watching interacting overwatch league long time
2,bored overwatch pissing today got
0,overwatch fun game love night market pic twitter com txf ovobm
3,actually despise sjw culture overwatch around read article said dva academy skin promotes sexism outfit sexually revealing skin revealing excuse pic twitter com mxpucvm
3,ok favourite team
2,buying overwatch mistake never write fic ever
3,beautiful girlfriend also live twitch right let u go support beautiful girl
1,miraculous ladybug moira frm overwatch
2,worst character
3,overwatch noob grind gold ik bad twitch tv newtsock
0,love orb
1,cheeky boop nice teamwork
2,playoverwatch get disconnected every mid game lot game someone disconnect start problem
0,god good overwatch fukc
1,not play overwatch one day aim shit
2,yooo overwatch serf went lesssgooo
2,playoverwatch ptr look annoying ngl pic twitter com eocyqjzobo
0,despise shooter supposed getting ready shoot tomorrow playing overwatch sshotj
0,next playoverwatch overwatchleague making star legendary skin know tracer genji mercy lucio next overwatch character star legendary skin next hope ana widowmaker wish
3,year ago built pc decent office pc brought cheap well starting show age yesterday could barely stream overwatch seems esmeralda looking retire already process building new pc guess hate say goodbye
3,cassie forced everyone play kahoot quiz overwatch cassie
3,tpain come playoverwatch u mad love ya
2,everyone think playoverwatch open que comp rolling sigma hell not supp player
0,wait overwatch hella fun
0,every often miss playing overwatch hate today one day
3,turn terrible overwatch pc pic twitter com ig bo wuv
3,favorite overwatch event
0,gold look good va
2,mei getting absolutely destroyed nerfs
3,best way protect samsung galaxy note buff ly zkjihu
0,fun playing overwatch store playstation com
3,interaction right make feel avenged every sexist fucker encountered overwatch dipidy hero
0,big thanks itsfuckensyrus getting overwatch pic twitter com juf rfobk
3,genuinely funniest insult seen overwatch pic twitter com ngwa un
2,not like idea initially would much rather hero ban match player control randomized weekly pool ban hero pool problem overwatch anything else
1,lego overwatch tracer klemmbausteine com displayimage http co dcfgx
2,give men nice butt
2,sorry problem promised reporting jeff picture echo not support hero
2,got email festival lost started sobbing cu sick play destiny overwatch halloween event favorite
3,felt like throwing da whole time playing overwatch motion control switch bitch stoopid pic twitter com wxksxspbo
2,forgot hated overwatch
3,apology becoming hades account essentially overnight finally something filling overwatch shaped hole heart brain
3,fucking heated hate playing trash as game csgo overwatch ban people say shit hacker not ban hacker yeah fucking cool not wait uninstall trash as game steamcommunity com sharedfiles fi
0,actually like new
2,ah fuck go
2,ever since called funny never able type entertaining life consists overwatch anime mukbangs think disgusting
3,bunny girl va overwatch yup know wrong toy pose sorry noticed afterwards like result cosplay anyway self bit ly beff
2,want quit fortnite no game could play tried playing overwatch titanfall rubber banding badly not get game take least month play already played campaign game
1,let u continue slaying demon save earth artist twitch tv dtimezero ow
0,good shit
3,lol ruined someone day overwatch lol facebook com
2,sure would nice playoverwatch actually cared game instead constantly trying kill one bad decision
2,removing mcree noose pussy enit playoverwatch
0,whew widowmaker lately
3,onto overwatch thank imposter dub thepackagejg kevkage editor dan johnisbased hodgepodgehoops vjvemu twitch tv bubbajett
3,might not last team make difficult decision
3,biggest esports player smash rl overwatch big game extremely untalented compared top tetri player like firestorm ajanba skill cap much frickin higher tetri change mind
0,bout fuck shit overwatch bruh
0,started playing overwatch switch right covee started combination game console made friendly gaming experience really zen compared lobby witnessed
0,feel awful like overwatch time
2,nerd tweet getting really disappointed playoverwatch one favorite game played since day feel though care esports finally got new hero cool another dp kind get behind let u open switch
2,fuck overwatch
2,blizzardcs try buy overwatch credit debit load say something went wrong select another payment method try later help trying hour
2,playoverwatch many retweets copy overwatch pc not buy since no money since pandemic no job
2,feel like cumgoblin cumgoblin cursed overwatch server
0,gecko boy fun night playing overwatch cod among u hope really soon
2,goodbye console overwatch read tl gd srd
0,really four year bar set high not wait see come next overwatch
3,ever go absolutely batshit suddenly obtain power chore daunting built horribly time finish think fuck yeah time play goddamn overwatch
2,overwatch shit two way street man
0,hello today fortune wonderful day lucky game overwatch good luck day
1,sure overwatch stream fuck not twitch tv demisree apologize advance aggro today lmfao rt host love
0,really want fucking play overwatch right brooooo
2,never understand people enjoy overwatch
3,ummmm general chat wildin
0,think sigma character one best overwatch love playing sure hope get interaction game story fun play adore character mix everything ow player hate shield cc matrix
3,bully people overwatch literal scum earth deserve get favorite hero banned comp rotation
3,actually great public service steam log hour play see people plugging nearly month gameplay shit like overwatch realize problem
1,mercy ambarkortiz mad making pocket bastion lol pixel spray cute spray
0,god work
2,disappointing overwatch not owl themed event game like arcade mode fight team fan point team skin always
2,killing playoverwatch fault fuck
2,playoverwatch make season placement cap sr kind shot gm top player rip harbleuow
3,best mercy overwatch niandra stealthishere no changing mind
2,overwatch lagging lot anyone else lny patch logged first time stuttering almost every match
1,check epic build made designsbyifr need lot space favorite hero overwatch
3,playing overwatch randoms kicked party not understand literally got many compliment playing nicely kicked hate men ong
2,goodness playoverwatch matchmaking competitive shitty trump dick fucking usa as
3,best guy
0,short clip overwatch console division match last night greenville carson ended losing still great time gg http co rzgme
1,let u see bad not playing overwatch month twitch tv ziggy ch http co ppsx inv
0,playoverwatch much guff give guy love game fault especially unique interesting skin crank mean else everyone know graced explosive love junkrat godking not rocking
3,overwatchleague would
2,amazing much black ops content change wise much information getting overwatch u cinematic
0,yesterday decided go back overwatch forgot much loved playing want play nothing else mean event atm got get pharah skin ana already
3,nice play mindofmercy
2,
0,best overwatch game way listen end rev rev rev rev pic twitter com wapd syo
0,gotten back obsession overwatch missed lot really want halloween echo skin
3,ryan make feel like baby love love much want feed burrito bowl hold hand suck play overwatch go cute culvers date aaaahhh fucking love
2,offended
0,not tweet much island not playing much
0,everyone feel
3,people say challenge hard realizing twice
2,not updating overwatch
1,ranked climb
3,seeing overwatch community playing alot game lately wtf happen miss something everyone mad sad blizzard fuck
0,started playing overwatch year break still pretty damn good
2,losing every round overwatch hate pic twitter com zzgi xvk
2,blizzard ent blizzardcs playoverwatch apparently never follow coc actually support community fix smurf cheater problem stop catering actually violate tos coc
0,well overwatch got lit
3,yasss excited tonight folk bst come hang twitch tv arialthesiren
0,one coffee going get weekly reward overwatch good morning bloody raining love
2,new overwatch skin ugly rip
2,overwatch wrecked
3,overwatch league virtual set caster look left right monitor make look real phenomenal worldwide production feel like everyone space cozy way xxx http co mfnhlndqud
3,honestly sometimes wonder people get mad overwatch guy screaming teamchat co reload told bad
3,four hour ago sense something happening overwatch reddit post four hour ago seeing check phone bed hero ban not coming fukin idiot stop spreading rumor
1,comp wrecking ball potg
2,oh always hated playing tracer damage
1,latest overwatch video game daily paper li mnstrhigh mom thanks dmn esports tgoldstein hotspawnesports
0,miss overwatch super excited try valorant might time start streaming soon
2,playoverwatch happen many time past day activate junkrat ult get hooked charged not let control ult reset ult meter please fix cuz annoying fuck
3,incredibly bad overwatch pic twitter com olshbrsc
1,truly thinking year half life played nothing overwatch literally moment got home school went bed year half hell man
3,xbox overwatch community reminds weird group band kid dated one girl group girl getting passed around like pocket pussy
3,something kind cool happened today thought would never happen told girl volunteer place overwatch management impressed asked question ngl kind odd also pre cool not know anyone else similar experience yeah
1,
3,lego probably not anything overwatch line ashe bob set mccree echo would fire
0,dude overwatch much fun higher rank even playing brig protecting ana half time still super fun compared people going ball hog flaming right call
3,wish people play pc overwatch friend play p hate
0,cuties
3,played exactly almost game valorant feel lot like c lot less like overwatch excited game
3,racism anti blm anti black ended getting call white boy told u blm joke
0,miss overwatch
3,overwatch hot bed fucking moron not understand game work
3,someone called bottom high bronze think vastly underestimating overwatch player population http co csn fvqhuo
2,holy ball unreal
0,also overwatch look like fun little piece equipment currently crave incredibly expensive
0,god hate not connect server game actually want play log overwatch fine hate crime
0,overwatch literally changed life not game character community well reconnected old friend love game made many new one con cosplay made cry happy tear thank gift overwatch
1,lot good content stream today fallguysgame officially played beta past weekend loved playoverwatch also start summer game fest today course depends power hold storm
3,hand soldier figma released one coolest overwatch figma going pic twitter com mtjegxs wj
0,overwatch lucio ball event really great fun people never heard rocket league
0,excited
3,people overwatch toxic hell play game fun like wow sucked like excuse game like day
0,one exciting update introduction new hero playoverwatch bit ly xgz
0,maybe went little overboard fantasy element widowmaker fun playoverwatch
3,overwatch event century excited see pic twitter com boqeblss
0,ill literally buy overwatch
1,chinese
3,someone obviously cheating overwatch case not say cheating thousand dollar skin scum
3,absolute favorite video time make cry laughing always used meme overwatch video ana sleep relatable youtube com watch hkrcxg
2,codleague watch nfl not see nba shit ad overwatch
3,another day without playing overwatch computer computer dumb like
3,tgif xgn part xiledsyndicate recruiting brand new gamers various
3,lady gent would love help streamer first follower slaying ow right go say hi promo squad thatguyfrom spoonman lockborn fiveringsronin umbranova
1,queuing overwatch getting temple anubis feel cock ring slowly slide
3,last night overwatch team took whsesports valiant effort came short losing great game well played westfield next overwatch team take carmel next thursday
3,one man drum effected much covington kid got rich peaceful pipeline protest illicit deadly force option shudder think response would u taking street bloodshed keep poking brain
0,thekatiewilson much fun playing overwatch switch good thing posted ig would not known also every game played together amazing pic twitter com po bkrbgc
3,amazing video shoot voltageshoot guy talented person happy see work come life
2,since lost sr
2,playoverwatch year reinhardt still not cancel charge really
3,saebyeolbe v striker v decay god tracer overwatch montage youtu zzmhpax zo via youtube saebyeolbe world best tracer striker ow kobe pulse bomb tracer decayow amazing tracer win hanawatch
3,wanted summer event instead got nasty as echo skin yeero
3,playoverwatch ai training bot practice good sportsmanship polite gg voice line not ow community
2,someone please release new fps overwatch dogshit valorant sleeper please beg
2,greatest shatter overwatch pic twitter com ksn qcxcmo
3,overwatch ad tl blame zay always talking
1,normal people pay respect astroneer people interact electronics creativerse people take loot inside fricking container overwatch people reset damn basketball
2,devs game little idea opening throw shit wall mode something stick good know come place new content poorly balanced entire structure game
1,ranked overwatch twitch tv warzam
1,fact king talk shit much not notice
3,sit realise much community last year helped sa rhino realise dream competing overwatch league wear shirt pride represent community country boy u proud say pic twitter com kqat cz
3,happy post gif favorite video game chance win pc overwatch skin code exclusive homestand spray code
2,open overwatch play first time week open anniversary loot box new riot police skin oof bad timing overwatch bad timing
2,blizzard ent playoverwatch elimination ffa deathmatch killing change daily tab overwatch dying something
0,let u go overwatch good vibe come hang play overwatch twitch tv hope see
2,embarrassing overwatch moment pic twitter com xcspdiho
1,come playoverwatch blizzard anz twitch tv siliconart
2,playoverwatch fix game hate lagging not anything
0,gna start play overwatch sometimes game fun asf
3,made lil ana montage really fun game earlier something lil different id love see youtu kradev zdva
1,trying get diamond meting toxic player youtu qlv omgniy
3,uhh fedex driver cosplay sub get vader cosplay p ow top combined positivity win match twitch tv harley gibson
3,overwatch league started today let say best feeling world new york excelsior fan
0,playoverwatch like way bring back pink mercy atlantic mercy id honestly pay good money skin ik started since september beautiful
1,fuck doin overwatch twitch tv nikkaela
2,best character game not fuckin
3,also use
2,need actually get artwork done get rid overwatch emote long time since quit shit
3,overwatch com meme tf pootis random crits fair balanced rag doll nope done nothing teleport bread three day fear no man thing scare etc
0,twitch tv imjustsaiyan tonight let u get hump overwednesday everyone favorite tank main going wild overwatch pm est
3,overwatchleague playoverwatch cocacola cocacolaco slightly disappointed find coke cup front ow watchpoint panelist empty would not want big class coke drink casting
0,overwatch make go grrr
0,global game got show love
0,honestly played zenyatta night comp overwatch fun playing chrislb thank friend
3,gorgeous hilarious girlfriend streaming overwatch right go watch blessed
3,sometimes think ex cheated left kindate genji overwatch
3,pretty sure tetri effect already best launch title xbox series
3,tried preorder xbox series went like lead balloon trbr io vucmi via kurisu yamato http co ota ybavni
0,glad experiencing
3,might get xbox series fable please not screw hype
0,got new xbox series best buy heck yeah
0,pretty cool see next gen game announced stuff excited see official
3,glad finally able confirm line also glad not one leaked pic twitter com wcnrh yrmy
2,haha new
0,xbox majornelson would love bring home new xbox series sold email misleading sayin
3,hell yes pumped finally see vampire bloodline
3,got say man better act right
3,amazing game literally fun action game since uncharted
1,man sammanlol need bad
0,xbox series tflops p tflops poor rtx super tflops
0,stress tested savostore shipping delicate item glad say got perfect condition xbox series arrives definitely using ship
0,keep acting like xbox not use got option
2,really high expectation
1,xbox series tactile indicator port goo gl fb sp usd
3,lmfao man xtwats servesd crow aplenty
3,geeeezus bitch huge
0,like xbox box breath fresh air great time gamer
0,wow
3,seeing fully grown men desperate p xbox series fucking hell play tit instead child
3,
0,want one
3,lie taste taste like pic twitter com kjqgszzlkm
0,last year taught super happy xbox seems idea
2,xboxp delay xbox series point halo delayed
0,actually pretty cool
0,want see remastered p xbox series
3,
0,amazing overview xbox series spec sweetpotatoes polygon hype growing guy going quite console buff ly irdp
0,hyped xbox really killing
0,actually enjoy simple look could literally fit anywhere without place
0,not wait get xbox series bf free
1,xbox series make incredibly easy move xbox one game ow ly pthh dikw
2,not want p xbox get truly happy
2,fuck say
2,expensive
2,next gen performance small xbox ever fuck need put ever xbox series low end performance not tell powerful p digital
3,ridiculous love
3,
2,feel bad xbox men whatever name
1,cyberpunk playstation xbox series not cost extra dlvr rg hfv http co mmvrypgf
0,dream become real
0,sold buying
1,holy shit blown away technology xbox series shown excellent video digitalfoundry realize xbox exclusive like reality come crashing hard youtu qcy nrhapme
0,playstation playstation la p generation p p migrate xbox series already acquired sad disappointed p not seen physical today presentation october untouchable console joke goodbye p
1,xbox series pre order debacle far dlvr rh yqd
0,right birthday great gift
2,not cinderblock console p outsold already girl even bother point give playstation win lose muahahaha
2,lol stupid deal
3,would hilarious not wait see youtube video one disease proof
0,excited finally solution money trouble thanks realjessamore generous
0,like quarter microsoft continued strength cloud azure xbox revenue strong ahead console launch
1,leak final specification p xbox series two monster acedamon com leak final spe
0,okay new year resolution play game beat game every month buy xbox series day buy new nvidia ti card not spend much lol use stuff spread love
3,excited get xbox series p
0,new information tech enthusiast potential dxr vrs rdna tf gpu smart delivery feature consumer friendliest move could done pic twitter com vzqmyhyooh
1,xbox series lack launch exclusive gaming not hardware viewtuber com
1,jesus christ would pissed kid christmas day expecting series
0,month xbox series powerful p plus game pas ultimate ea play rd party game definitely play look better also spiderman ratchet wait
3,keep sky broadband box thank want alexa
0,xbox series price leak could blow p water flip jv
0,ahh calm talked xbox guy already tech enthusiast might best ce time not one brand big year general looking forward
1,huge
0,nice seeing xbox series preview p one
1,microsoft xbox bos gave update one xbox series exciting feature
0,new xbox series nut excited
1,bbc news halo infinite xbox series trailer divide fan bbc co uk news technolog however gamers voiced disappointment social medium quality graphic shown within demo
1,ok hear microsoft going pull miracle as really prove choose xbox series p typo suck
1,getting iron man obviously thor next honestly black widow impressed
3,bit late party one lifeisstrange absolutely brilliant hitting prequel sequel tellmewhygame arrives
3,youtu sx rquvuxgm vid xbox series quite attractive
1,xbox series fps standard not guaranteed pic twitter com cqfcv stq
0,getting strong netflix vibe like
3,damn man every day microsoft way make feel really good
1,board xbox series really want buy launch xbox need show good shit tomorrow no idgaf fable reboot played first one not impressed shown not http co fjbr yc dt
0,hey thanks bestbuy putting checkout queue last step buying xbox series sold fuck
3,top halo infinite fable avowed state decay forza frigging pumped
2,series fucking huge wtf
0,buy instantly hail xboxpope
0,fair look way cleaner sharp sleek design xbox series guy not think right pick intrigued valuable taste next gen think right one appealing one purpose
1,fantastic xbox series feature hope come p dlvr r rl http co gvyxz lh
2,not unheard honestly issue would think next gen game massive type expanded memory might requirement eventually take away value play
0,omg omg pre ordered xbox series suprised easy order cool nice going
3,lol not deliver performance would spend buck something caters like sport game shit going get fps drop open world triple title bloody point two tiered bullshit running riot usual
0,not wait buy nigga xbox
1,gamers prove idiot latest xbox series rumor lrm barside buzz lrmonline com news gamers pr http co nqzldxvxer
0,no huge sport shoe guy damn love red
0,welp unless sony best made choice
3,love bestbuy website shit bed xbox series launch never even showing available
0,well fuck month xbox series wait play going suck waiting worth
2,away sold p pro xbox one help save new console love managed cop p demon soul mile morale cuz sony fucked pre order date got cucked getting xbox series scalper smh
1,best upcoming xbox series game top next gen game beyond pocket lint com game news xbo rikhenderson http co cmhwe
3,whoever voted p no longer cool
1,feel like hunger game battle royale loooooong overdue not help continue annoyed lack fg announcement p xsx tf kofxv
0,boy chomping bit xbox show dying see next gen
1,xbox series graphic source code stolen leaked online dlvr rsb http co xh wyknwwg
0,crazy hyped pre order series
3,harleyxngel thank follow got back twitch keep great work twitch tv thesaurusborea youtube com channel ucnp
3,xbox series design price reportedly revealed leaked video cnet co lvkba
0,news keep getting better better much looking forward picking series day one playing halo infinite runslikedeb immediately
2,unfortunately true
2,look bad xbox series graphic look lol workin nasa
3,stop acting like not educated stop b know devs not dx ultimate ffs least not lead people b pic twitter com hkmnllitzm
1,report going around regarding cancelled preorders playstation xbox series apparently several customer receiving cancellation notice gamestop target gamingcannon com rep
0,interesting
1,best look ray tracing xbox series theverge com
0,great console great
0,hype real
0,whole video pure genius freaking amazing hitler reacts xbox series youtu klbm via youtube
3,
3,smaller cheaper version xbox series powerful full version p lolz
0,xbox looking beautiful
0,pumped literally not wait see next gen beaut cooking http co fy elfnikw
3,falconeer path gameplay trailer pressakey tube generation poisonous decision treason swirl deep faction collide
1,grind hard folk even harder others morning hilarious shit made laugh hard remember st wave nd wave no different
3,shot fired kofi lmfaoo pressstartkofi
2,fps wtf really dumb
3,
0,next couple year wow smaller creative scope game forseeable future xbox got
0,well struggle got pre order wait november
3,bad fodder figure episode single shingle podbean bit ly bffs ep google bit ly bffs google amazon bit ly bffs amazon mp bit ly bffs ep mp badfodderfigure
3,always got win great giveaway
0,new xbox home ui update preview running
2,know github leak true xbox series bad yield developer issue getting perform properly list wasted tflops missing ray tracing dlc patch year two not good look postup bbb nxtgen mm pic twitter com hq jgf
1,xbox series win xbox series final spec confirmed xbox news youtu jvmy ghe wtf no dosent sony cerny playstation
2,shit another yeat
0,congrats bro still hour minute get mine finger crossed
2,microsoft could done better job demonstrating gameplay excited see july event feature st party title well
3,no matter year call want sucker nba hype vids showcase true nba authenticity capture especially offered hyper ad pre mode never fall prey http co hcp hd fc
0,concluded price tag xbox series well worth giving review impression seen read amazing piece hardware guy microsoft absolutely outdone one excited
0,p launching even penny higher xbox series incredulous
0,expect p price day waiting m go first classic sony month game pas ultimate series hell deal though super smart current financial climate
3,ea play coming
0,let u fucking go
1,p xbox series price delay bad news next gen pre order customer trendycow net entertainment
3,
1,nvidia rtx exciting playstation xbox series venturebeat com nvi via venturebeat
1,excitement around tf xbox series thought tf thing mattered
3,microsoft apparently first party xbox studio not add purexbox com news
3,sea thief five hd
0,one section xbox always lead kudos pushing excel
3,thesavepoint killing new fantastic episode not forget subscribe
0,really cool feature not come close selling console xbox def earned
2,parada look dirty
1,wwzthegame mad man achievement stopped working also horde mode zombie still not showing pc host xbox
3,latest discountgadgets co uk consumer electronics daily paper li discountgadget thanks vandijconsult mp carloseduardocd
0,colteastwood best another amazing video not wait series launch
2,watching xbox fuck another system launch go like sega get fuck gaming hardware microsoft pic twitter com aoh
0,yes right alley watched min turned not wait expierence dark
0,xbox series seems like must console gamers microsoft system amazing
3,good
3,xbox series trash got go getting p
0,price incredible
3,powerful fridge ever
1,
3,
0,not wait girl purchase p get xbox series
0,good see microsoft going release xbox series game console japan
0,like
0,running win xbox series thanks billz achievementland chindocta realgamerscore gleam io pcfsn real
3,low key kind want would lit
0,one actual next gen exclusive look really nice even not minute exclusive xbox series scorn gameplay youtu grwdmemv via youtube
1,xbox series cross gen approach robbing player next gen thrill techtelegraph co uk xbox series x
2,bad xbox series not xbox game studio exclusive year console launch ouch
1,xbox series first look fast powerful quiet thenewsnow live xbox series
1,xbox series get first great soundbite opinion gamesindustry biz gamesindustry biz article
2,not even mad fucking idiot
0,would love
3,good evening gamers halloween season always freak well usually staying away horror genre hope safe enjoyable evening
3,man fridge looking kind fresh
3,casual reminder nvidia graphic card online coming store not help
3,not gotten game pas yet seriously need think good deal everything new coming well sooooooo worth
1,official
1,p xbox series underrated new feature game changer tech dsmenders com p xbox
0,holy shit took console generation cut load time
0,may going awesome
2,want fry go salt lol
1,week episode tony oddcast runjumpstomp help understand difference darn
1,playstation xboxp cerny hope p xbox series gigabit compatible get p kbps xbox get get gbps need fix get pay no matter speed ax wifi would awesome no estimate test actual speed
2,may look like wifi router design wise look better xbox series think unique slick like going lucky not gone bald yet
3,damn
2,
0,give xbox comfortable
0,might actually try fable time around never played xbox not wait see
0,seeing
3,really disappointing move remedy bought control day one season pas get p upgrade rebuy everything repackaged ultimate edition
1,xbox series rear port leaked twitter http freviews pribome com fthe xbox series rear port leaked twitter
0,faster efficient amd zen cpu already incredible visuals current gen console
2,fuck
0,extremely happy upgrade xbox series couple year not say p not great sony use thing like backwards compatibility get game p p maybe even psp vita onto console
3,woke min ago already winning
0,p xbox one came decided move console side table next entertainment centre glad co next gen console beast not switch still small adorable
0,
1,playstation xbox series make appearance best buy black friday sale important need fast extremely lucky good luck gamespot com article p
1,geronimo feel like unfortunately due current global situation covid especially live melb australia not think even midnight night launch event next gen console launch november
0,not wait
0,nice spec
2,idlesloth hell mean xbox litterly pc hell use buying worse pc least p better controller plus actually vr restarted xbot
3,hmmmmm say super annoying stop
0,not wait
3,happening peasant going war company
2,trying make preorder yesterday xbox series unsuccessful first make matter worse one able scalping preorders ebay comicbook com gaming news xb
2,buy studio get game basically sign failed console
3,
2,revolutionary new form factor pc gaming intel new ghost canyon nuc offer excellent performance case significantly smaller xbox series eurogamer net article digit
3,would thought phil spencer world biggest liar would buy todd howard world nd biggest liar feather flock together
0,sexy bro
1,oh great right fucking ui going xsex ui
0,gamewrexham gamedigital got email stay safe thanks awesome industry uk restart awesome th gen
1,new super lucky tale chegando breve no xboxgamepass para console pc play together anytime anywhere playfullucky
3,top not awesome developer fail market old game dlc edition state
1,xbox series sale fail phil blame
1,wait kind hype
0,honestly shit show xbox one pre release news cycle series still not good name honestly setting earn back lot good faith carried early lifespan
1,nice video jeffgrubb explaining auto hdr function look video youtube com watch nx
1,find accidentally ordered xbox one instead xbox series
3,scrolling feed noticed thing see group people excited game like demon soul mile morale see group tweeting retweeting xbox fridge packaging rdna
3,maybe involved find launch new console generation tiresome part rampant lie drummed drama crazy talk want skip ahead year done everyone shit
3,devs not seem happy xbox series digitalfoundry dark dachsjaeger twitter com axelgneiting
3,beyond stupidity console not even yet lmao
0,no p not offer anywhere near graphic performance xbox series navi benchmark prove notebookcheck net news notebookcheck net no p
3,many bought season battle pas modern war zone personally fucking sicko mode
2,bruh xbox series game case actually look like og xbox game case wallet fixing problem
3,funny xbox series inferior xbox one not make sense next gen way see flop coming xbox majornelson xboxp
3,
0,weird everyone known long still getting leak not wait see think going shockingly cheap
2,sad
0,damn microsoft going showing new xbox series sony not made peep theverge com playstation guy thing sound like screamer
3,death tale gif day
3,like new expensive fridge xbox series quietest powerful xbox ever
3,backwards compatibility work xbox series ign com article xbox
3,tom tchuss sad read
3,catch xbox no game podcast right intromediagaming com home xbox one best xbox podcast
0,sdiduro think would cool see freedom planet freedom planet xbox series
2,letting know buying p launch people really trouble reading box art xbox series sure plenty descriptor not confusing
3,devs not take guaranteed million dollar not like devs not getting paid potential money hypothetical potential money opposed guaranteed money people playing game
2,xbox series awful looking console big bulky basic boring bye
3,please let win xbox gang forever rocking old bulky black xbox one shel could go day xbox xboxsupport xboxgamepass xboxanz
2,seen say dirt xbox series game multiplat ok look worse forza motorsport tlou game made terraflop system arguably look better spider man mile morale game design exclusivity budget matter people http co qtmpkpb
3,microsoft making move excited see bring
0,wow really good deal gb ssd digital wow unfortunate
1,microsoft finally show u xbox series gut dlsserve com microsoft fina http co dcg hlcq
3,always needed one
3,latest xbox geek news paper li xboxgeeknews thanks krack blec guanchegamer
3,xbox office cancelled going show new console voice shadow hi austin youtu fjn grw qe
2,wtf lol
3,shoutout found price ssd
0,xboxp hi phil expect see sort showcase running xbox series unreal running p looking forward seeing series
3,fridge need november
1,buy
0,graphic go crazy
0,xbox controller look way much better sucker playstation
3,xboxmexico
3,cue gregjoz tim cook new appletv next gaming performance price point would super compelling cc panzer gruber mgsiegler benthompson
0,love
2,hate game every single year stay tempting people
0,thank amazon
3,anyone else remember game truck would come school like xboxs shit
1,hard overcome damaging halo infinite delay launching xbox series tricksfast com hard ov
1,bruh shit damn funny dawg
1,source behind xbox series leak revealed press start com au news xbox http co gxyq kehio
1,news gamesradar retailer emailing customer advise not xbox series pre order hono download play google com store apps det gamesradar com retailer
0,not bad although still awful exchange rate getting solid recommendation people great price
3,freaking awesome good luck everyone
0,neat
3,xbox series spec capability impress despite cost bit ly dkvrf
0,clever
0,secured
2,bruh sony reveal pointless get info fps nope fuck care anymore starting get console pleb
2,still not buying xbox series
2,imagine sell shoe someone buy shitty system
0,beautiful
3,colt guy ready sweet sweet sound shhhhhh listen
3,dope
0,not wait
0,ericgharrison would get halo one lol
2,bad developer recent year care graphic game fear releasing proper gameplay fan become toxic enough get hyped lost muh damn graphic
1,latest xcloud game streaming fan great video good work jezcorden support video guy hand project xcloud xbox game streaming app pc youtu sijq ch hk http co uhhy jlcgg
0,extremely lukewarm outside spiderman gran turismo meh need box
2,fuck big as air conditioner p
1,new post xbox series series fit popular ikea furniture cnet published amogh news amogh news live tech article http co xdr lo
3,xbox series aarongreenberg no matter spin losing gate
2,august th still no release date price blatant lack information well backward compatibility really work no real informative video line worst next gen marketing ever playstation xboxwire
0,youtu nnljv mow game look amazing not wait play xbox series
2,yooooooo p design look slick make xbox series look like boring pc box
0,remember one finest stealth game opportunity play think remastering xbox would bos move
0,reflex game really amazing sometimes wonder ray tracing
2,wondering not use paypal anymore look b tax xboxes country lmaoo usd expensive
3,waiting see ng since created congrats snefer gang look great
0,tried hardest get xbox series today no lucky
0,wtf side tiny though like
1,interesting xbox best concsole would said age care long cross platform becomes thing let u
0,perfect timing right birthday
3,love
3,need life badly
1,xbox series not true exclusive couple year bit ly raod http co xf
3,real assassinscreed valhalla look like xbox series lightning shadow terrible ubisoftmtl need fix soon possible
3,smh not toasty unless liquid cooled expected temp notebookcheck net playstation
0,really hope not get screwed stop preorders not get day one
3,multiple developer said impressed xbox series purexbox com news
2,vaarcangel aka another xbot blocked saying
3,antebellum movie us horror process america racial problem olympic equestrian sport eventing no longer held pennsylvania estate resisted call change name say evokes slavery
1,not wait see side side comparison
2,damn embarrassing
3,sick dude xmbgx deliberately misleading follower taking original quote generational exclusive counter gaming regard xboxp discussing xboxs cross generational support
0,link got xbox eternally grateful debt
3,another perfectly splendid day gear fan yay team tactic last year excellent gear feel like franchise firing cylinder
2,ehy pony dragon know watch dog legion ray tracing bith series series devs decided capcom pushed series version outdated game must really dumb not understand point
1,xbox air jordan collab tasteful nod classic dlvr rq xpy
0,tense minute waiting
3,macc banned tweeting not independent panel decision
3,omggg really need life
0,seeing slow p yea getting xbox series
3,carnage splatter xbox series console skin skinit com carnage splatt
0,thank focus making greatest game please
3,thing m not give damn one buy version run game forward backwards compatible know folk care detail figure customer not look price play game want
0,thegreat keeno not wait
0,see happiness right right
0,not wait play
0,not care anyone say xbox killing right going next gen july seal deal
3,putting halo game not even sometime next year console launch advert seems extremely fucked
0,fucking time
0,absolutely love new
3,series look slick still getting p first though
3,awesome content creator
3,curryspcworld hope pricing new xbox mistake microsoft
3,face real winner still tony
0,xbox series way microsoft killed kinect good time buff ly mtr http co voj gy
1,nintendo switch pro shock latest rumour boost p xbox series express dlvr rnnxdm
0,ready
1,xbox series lie developer speaks insane next gen youtu vxhzaryqzj
0,look sexy sparkly box art
3,
2,dumbass
0,medium
3,keemstar ya know social medium sti going video game blogger thequartering fuckin care wanted point keem life painfully lame
0,look exciting gaming year great game coming platform plus xbox series p see switch pro announcement also new year mean new episode nintendofuse podcast starting switchmania playcast weekend
0,get everyone want shiny new p xboxs hell excited get eventually still annoying reminder keep thing perspective busy capitalistic slave salivating gadget none u really need happening pic twitter com eteayecfik
1,gamer suck shareholder pretty cool
3,twitch tv bradb come follow follow back fun streamer stream everyday
1,bro og xbox one xbox series controller thing playstation controller would not shut fuck somebody lying guessing referring elite controller
0,wow
3,co op legendary multiplayer viewer twitch tv garenblackwing
3,year since beta tester xbox live amazing watch online gaming grow time along innovation live brought industry great memory looking forward many next gen
1,p xbox series version costly nme com news gaming ne
3,amazing
1,xbox series get hot journalist claim burnt hand metro co uk xbo via metrouk
2,damn
2,unconfirmed report
1,man xbox canada contest win
3,lol terrible troll video keep bringing energy see compare worse p http co qdl mtnm
0,hardfactormark hardfactorpat hardfactorwes hardfactorwill playstation event happening today wondering console boy picking xbox series p go hardohive well add xbox worst human
0,coolest thing come xbox event still skeptical
1,uk retailer warns potential xbox series delivery delay purexbox com news
3,need fat bitch life complete
3,
2,bad luck tested
3,using fridge comparison amazing
2,fact even next gen console not standard drive nut glad pc
2,disgusting smh
3,give dat fridge mention like xbox
3,xbox series leak reveals price dlvr rg pdy
2,everybody sayin big xbox fridge sound dumb hell lmao
0,superb xbox fun game lot new exciting ip hyped xbox series bloody love video game
2,ok getting microsoft saying not year exclusive xbox series business decision benifit know right people thinking kindness heart gamers contd
2,remember eb game could learnt lesson p launch xbox series not not give shit neither sony microsoft happily sell bot mean guaranteed income
2,special kind shit bag not
3,loved clip not call gameplay
3,bad news sony xbox series going insanely cheap youtu stvfmch ow via youtube
3,
1,xbox series spec revealed microsoft promise series time powerful original xbox one polygon com
0,
3,xbox series p digital edition perfect combo
1,da hell mean english
2,iphone core
3,would cool win would not even find funny look cool
2,xbox naming unbelievably confusing
0,lol nice want one
2,box not catch till change controller
2,new xbox series box design going suck anyone trypophobia
0,great starting price
3,wait edition get current next gen version yooo done lost mind
1,could go well horribly wrong
0,nice clean
3,leaked controller packaging confirms existence lowy ca pu http co udfpuxa
3,amazing deal found ebay razer headset rover ebay com rover
2,nba myteam nba purchased something never received customer service say not problem need contact better business bureau ridiculous
2,nba myteam victory triple threat online guy leave reward end end reward shit settled focking problem
2,played game nba holt crap laggiest mode ever whoever host major advantage watched two game dude run around barely move major
0,sht smooth
2,nba started sync would not finish not play
1,yoyaltygaming not see
2,game never
2,ronnie ld beluba nba need answer charge sway man clearly flopped not even touch guy game broken late fix
2,nba really took dollar gave nothing spend email twenty dollar try tell vc dollar dollar purchase honestly fuck
0,welcome team latrell sprewell
0,amazing
2,keep bean shooting huge problem cuz not time spend hour practicing new shot meter last year gradually got better first week made zero progress nba beluba ronnie begging change shit
2,day no response ksupport nba ronnie
2,dude nba look weird
2,nba suck dick piece shit developer server as still not got crossplay hope magic johnson kiss cheek
1,nba guy got get chris smoove manager commentates real basketball influence basketball knowledge come playing understanding go not reach shite job make offer make sense
3,jamal got robbed
3,remember called danny green trash bag not signing clipper good time
0,demolished favorite team lakers staple center nba favorite team dallasmavs pic twitter com kiv djnr
2,nba preorder bonus not showing
0,not wait able play playvalorant nba time gon year
3,super dangerous guy right
3,smh nfl
2,bruh ronnie nba fuck
2,nba start generation graphic end graphic sad money hungry sacrificed good game microtransactions screwed fan since no competitor went adding bape pic twitter com hyqjzfpabb
2,best launch easily worst launch entire franchise
0,let u fucking go flexecution
0,kobe miss nba right thing youtu mt bxa via youtube ronnie nba nba myteam twobrosgaming beluba itsshake ndbake kingmacksauce killzamoi gogglestv mr http co xokfe ig
2,not spending anyone community know yet dm skoop mahaloz sincerely flyn hayn
2,nba game suck second left team intentionally foul
2,honestly think nba not understand definition exploit miss basketball ld beluba
3,next thang p need work next gen console game voice bomb nba beluba
2,nba going shot meter man not get vc smh
2,playing game nba
2,nba myteam fix game opponent paused time pressed quit get win got loss wtf
2,sorta amusing http co nw lmrjgn
2,game broken nba
2,nba myteam smt game coz frustrated
3,congrats bro blameronnie hittin s steven elloie nba
2,nba dustiest sport game franchise universe trash bruh lmaooo bruh used fun hell back day nigga fucked whole game
2,update token market fuck sake already month nba myteam
0,nba soundtrack year row let u gooooo
2,nba park not work xbox
3,shoutout scg shadow bsschasker harrieswill thank signing using link win money playing
3,pissed nba community today lol dumbass fan boy enjoy shelling money broken game stealing money
2,nba terrible game
1,know mad
2,ridiculous embarrassing unplayable nba form lag
0,awe man thee game lol
0,nba really excellent release pic twitter com rhcbj dqdb
2,fuck pic twitter com mgzj
2,nba player different breed trash oml
0,caw dead know nba
0,thank nba myteam ronnie pic twitter com jrhwkiebiy
2,dog not get soundtrack shit trash bucket nba
0,finally thank nba myteam
2,nba myteam please fix pack odds horrible
0,ummm finally thank nba nba myteam playstation
0,nba give u another shot galaxy way great game
2,man myteam stupid pack bad luck deduction fee pack expensive position lock point guard giannis nba myteam least make game little budget friendly
1,jimmy butler makin shit look like nba
2,pretty good morning opened single got th lebron wtf
2,game day yet win tto offline game ridiculous last year first something day b nba myteam
2,nba every park join glitched
1,definitely making myplayer mode
1,one thing amazed close defender nba player shoot make hand face like nothing nba take note
1,nba myteam get moment card guy joakim noah dropping getting steal pic twitter com ddva phc
0,awesome
1,imagine hating somebody good lineup video game chase bag not worry bout blueface
2,confession embarrassed say fucking dogshit nba game piss everyone else good middle school fucking great nba live took not get hold one bad
0,trying spread love
2,ronnie nba wondering make teammate ai mycareer suck defense much ninety percent time instead actually trying defend stand nothing
2,nba myteam fuck myteam
2,nba ronnie not sure feel discriminated would ask communicating anyone know deaf people play difficult u use mic able show good play game communicating mon
2,fix matchmaking nba beluba livinglife ivo not find game pro league
1,dropped jason terry battle xbox p pc jet opal youtu byvokr ak anz kballers ausforceg monstercat artist tune enjoy vid tell like best happy balling next anz nba nba myteam ronnie
2,bad not play no
2,bother
2,nba fix server bad trash af not even quit without takin
3,lmaooo nigga going dick wentz launching bitch
2,ion care man upper lip sweat care animation dude getting cheating fix gameplay not graphic tired dude shooting backflip animation
2,yo nba fuck fake as garbage as game
2,nba still not getting damn vc day challenge owe shit
0,want thank nba ronnie kdtrey nike letting get dope shoe not wait til get hopefully guy pg county maryland mr seatpleasant sign blessing time need not wait til back court bro pic twitter com wizxqupxlb
2,fake fake twitter ronnie ld
0,oh yes jeremy nice nba pic twitter com ybwrvfg
2,sick nba giveaway swee p msetc tqmdfh
2,played
1,not hate playing nba call pick roll pas roller miss layup not get assist tevshakir
2,hate ronnie hate trump nba get bum ahh nicca outta
0,dame lillard favorite cover nba pic twitter com fp kfgc
2,game suck ronnie nba
2,nba fucking retard use brain made game god wish would cease exist useless worthless corporate shill scum bag
0,miss basket ball anything life truly favorite sport nba
2,yo not gettin no center team wtf wrong west server never get center east get center every game nba plz fix ronnie ld beluba
0,fun record break game nba store playstation com
2,nba fuck
1,needa buff shooting tad bit not extreme amount still want skill gap also backup receiving vc boost etc wack downloaded game still not gotten think good one beluba ronnie nba
0,nba love see pic twitter com vgk pxgyx
2,nba myteam nba gameplay bad
1,mission alright finally got son bitch nba kaustralian bio nba myteam pic twitter com eghchcuyxe
2,hacked warzone hacked nba goodnight
2,nba myteam damn tired sapphire emerald player nutmegging greening layup tto fix game
2,nba nahhh shot meter annoying
2,nba hard beat cpu myteam pic twitter com rgn pdfl
2,damn fall guy alr dropping trailer nba disappointing
0,nba myteam better
2,really got spend like nba enjoy ya myplayer trash
2,ronnie nba myteam fix orange accessory glitch myteam coward
0,miss shannon brown much
0,love
2,nba brought worth vc not showing saying not buy anymore
2,nba game not even get rec get twitter fix gd problem paid much money problem
2,nba ronnie ya coming fix b pic twitter com jk
2,smh
2,nba stupid fuckinng game fix
2,worst game ever missed layup missed open jumper loosing ball somebody big toe spare extra sweat graphic nba
2,soooo no token market update rest year nba myteam
0,nba myteam got fucking shoe bud
2,nba fuck thinkin created shot meter
2,disrespectful ronnie nba beluba pic twitter com nbx kr xd
2,nba nhl mlb nfl video game cover stated player different race easports acclaimmag thank one not nba racist
2,game smh nba
2,cool trivia bro lagged rest world winner
0,world need right good move
2,madden not bad game actually pretty good put care time current gen game unlike stupid idiot beluba ronnie nba
1,new member alert welcome landis empire newest member social team grinding two thing since started iball nba league iball vision pinnacle creative hope part helping brand grow pic twitter com iltqzrcsa
0,greatest poster time
2,nba ever watched game basketball life make game fucking bad
3,best gaming community
2,nba shooting suck
0,brandon roy nd favorite player late nba lit playing portland trail blazer
2,fuck allat put tv warning keep mics hot
0,mad respect nba pic twitter com sflcqqqjmh
2,nba yooooo keep lagging rec downright disrespectful
2,nba need stop hating disconnecting server get overall getting tired never happened getting
2,rt go goat larry bird
2,witnessed john stockton handed tomahawk reverse slam fast break myteam game got takeover badge game done turn real life basketball complete nonsense game feel like something play cicis pizza nba myteam
2,wow nba got something
2,nba another one ruining game pic twitter com psdtzfzliv
0,perfect
2,nba big head bullshit whole day
3,ayy yessur choc represent aeclan top
2,nba not feel vibration see guarding setting please fix quickly
0,not lie follow lot nba content creator seeing everyone hit p right make even excited
0,not come kobe edition not buying
0,nba get follow also please bought almost miliions worth vc much love game
2,wana know another wishlist nba beluba stop making pf center able iso like guard dumb make no sense whatsoever no reason pf able even half ejat guard
0,wow
2,nba got yannis dick mouth
2,ronnie nba rd day playing still missing vc server
2,nba shitty as fucking update made game as already
2,
0,would best addition ever made big vouch someone care
3,nba okamistar original okamistar brazil best use color okamistar best trowback pic twitter com rjjapcx
3,strong reason believe stepbackrack man behind huge illegal pyramid scheme took place nba community got taken young vulnerable victim believing could flip money thread
3,still gon hot trash kid
3,player attending game lit though
2,ksupport emailing guy nba no help player got deleted pic twitter com izcv xb
1,bitch as legend vip little brother game win streak smfh ronnie nba pic twitter com gd kn jvj
2,nba no game starting park wtf
2,fix guarding corner please nba literally ball guard get open everytime
2,ksupport nba boy new game relies teach play banned creating ticket figure got reply week later claiming banned boosting not even know play taught
2,aye nba myteam give mikal bridge fye as card nigga nice hell
2,ronnie mamba edition extra literally playing standard edition game without thing paid support stopped responding back paid thing nba
2,card day still no city jersey nba myteam pic twitter com antgrnda
2,sorry nba rough myteam game cooled keeping tweet cuz guy still kind suck
0,respect
1,ronnie nba ya plz add sum old new kobe jersey need whole community show respect shit hit different
2,ronnie nba need refund soon possible fuck think
1,isaiahthomas another one guy ronnie nba myteam nba point time drop sim people not collected card pic twitter com hnngxvdmcr
2,smh nba pic twitter com bqvcgeob
2,obviously dude much better vr reality dang forget championship win game much ask
2,nba myteam nba myteam nba theathletic com twobrosgaming make shawn marion better nba guy also disrespect
2,trash
2,damn not think worth grind
2,nba myteam itsshake ndbake othasidelando therealb rich boopboop nba damn shame not even play video game pic twitter com ld welqn
2,not play game wth
2,bro lmaooo mad hell
2,nba not acceptable pic twitter com ci gzfa xv
2,nba tried hurry delete look like booker fucking dog pic twitter com fd yukyaht
2,no one care myteam release new park clothes anything else except team stuff retard
3,miss kobe much
1,nba ld callmeagent get guy banned pic twitter com fvhuk tayp
2,win treasure hunter whole park lagged come back progress gone went new park find map finished final game got rep no reward please fix beluba nba ronnie http co ajk hstxvv
2,ronnie nba game trash fix
2,wow nba wtf park rec lagging spend way much money game not supposed
2,ksupport nba myteam whole lineup missing collection spotlight sim reward missing auction house not working pic twitter com gnl xxuo
2,nba delete shit game bad becoming gay swear god not fix butt rape ronnie gay as faggot
2,nba ronnie beluba bitch made get feedback shooting badly not badge three not change shooting played sum guy went going listen community ranked unranked
2,imagine disgrace beluba ronnie nba store playstation com
2,acting like recent nba game fire trash year not great
2,shoutout nba blackout yesterday one time gladly got game
2,someone need held accountable atrocity thread nba ld ronnie beluba
1,already spent hour nba honestly not feel like wtf pic twitter com ijr krqd
1,nba needa get kobe cover outta respect cuz not even one favorite player
3,big congratulation clan mate dnabh reppin s
2,congratulation nba manage make game worse every year trash
1,inside huge nba scam cheating young aussie gamers least trumpsports org in trumpsports org dozen australian new zealand pl
1,keep air balling nba myteam pic twitter com mh zad
2,ksupport nba purchased nba mamba forever edition current gen not gotten vc dlc content come filed ticket day passed still not got response ticket number
2,luka not cover zion going play another year fuck shit nba
2,nba fix broken shit pic twitter com jvsge kpq
2,really hate
2,not fuck nba definitely coping kobe edition never open play
2,nba ronnie not spending another dime garbage game turn momentum every single game always run cpu
1,moment moment moment nba myteam
2,fuck pay win as fucking shit game paid many game also dumb as tto free opal not fucking free getting mt ball drop game fucking stupid nba myteam
2,nba actually going fix vc glitch next year not getting vc since nd season th
1,ight nba false alarm pic twitter com gbu bvkb
2,fix shit server nba ronnie
2,nba really guy not give old retired player year guy making killing game no wonder charles barkley nba star missing game every year not make sense youtu iyggfzs
2,fat nba fix piece shit game
3,people actually discussing icytayne fucking thumb today nba community prof weird
2,nba toxic
1,gerald green easily unstoppable force history not even close
0,nice nba nice pic twitter com opo ojaa
2,booted park game today fuck server nba
0,dreamcast day congrats dame
1,sure feel weird turning nba game seeing kobe feel sad nba nba kgames
3,often stay bed ridden due complication need hoop hoop
2,nba beluba ronnie tf playshot missing wide open youtubers streamer hitting fade aways face fix fucking game seriously maybe answer people community instead youtubers streamer
1,fuck fifa homies play nba
2,like nba ktv act like nothing wrong nba keep selling wack info
0,nba thank much putting one stormzy song new nba
2,naw man shit fucked not make consistenly
1,quarantine like
0,fuckin not know end holy shit fun hahah great night game tonight someone tell ronnie need nba
1,youtu atru xxy go spam glidey sent shoutout
2,nba mad got dating white girl career
3,nigga really wit modded controller apology mic pic twitter com dzf anhywm
0,thanks nba pic twitter com cmucdbxrxk
2,fix fucking pro not find no game ksupport
2,nba still dog shit
3,zen still work call duty would hard find fix zen not illegal literally not anything without taking shooting not happen tuff
2,ksupport nba jump shot keep switching back jump shot everytime log
2,good actually focus fixing terrible shitty gameplay fifa nba follow suit
2,kawhi useless player nba clipper fucking booty cheek
0,yo ill take thank much
0,youtu idkpgifxo andredrummond ya lose boogie nba tourney tonight going disappointed goatness not rub played best nba ever made
2,whyyyyyyyyyy nba beluba choops life leolarosa middle one best career game year happens pic twitter com ufuhwtgech
2,man not even done anything yet wtfff
2,nba wtf yal man smh
1,internet mad dame getting regular cover like kobe would not get legend edition cover man disrespect showed dame wild simpleton man lol
2,yo nba fix shooting pic twitter com tksje zvor
0,nba myteam jamal favorite player ever deserves upgrade
2,ksupport nba ronnie jump shot pick never save always reset jump shot please fix
2,nba got notified completed daily bonus no vc added already anyway fix
0,oh wow salute
2,ronnie nba mitchel inkrott win fourth game rush point graded not foul winning guy versing fix game honestly want reward ball postinghim
2,nba nba store still not work
0,greatest song time already idc idc idc
2,premier league back running no excuse produce horrendous content like anymore fella
2,not think dame shoulda next gen zion current gen not buying shit
2,nba update literally broke corner drill lmao ksupport beluba nba pic twitter com odankahu
0,grateful shotchi
2,playstation love playstation fuck error keeping occurring nba
2,dbgyt tydebo tjayerrday nba myteam naw not tell soent money game justbto get error coded right qualifyers
0,killing shit
2,nba myteam nba ronnie shit complete ripoff want people spend money vc myteam give shitty as player pack really doe
2,not people boycott
2,nba not squad play park fix shit
2,bruh not able play since yesterday patch server smh gone patch game break server nba beluba
1,lose nba game cuz missed foul shot pic twitter com xbd iayn
2,lost fluke shit mycareer mode smh lol thank nba
0,look really good except small thing player come jump shot kind sit dribbling intro also gameplay really unrealistic not like staying low huddled ugly nba
2,hold onnnn fw might glitchy asf though
0,beautiful
0,going need pink diamond moment nba myteam
1,playing nba first time heard billsimmons game asked simple question podcasting spent two minute talking good basketball podcast fucking hilarious even video game dude not concise
2,nba need as beat releasing terrible as game
1,beluba nba ronnie kstauff nba ktv nba klab youtu mr nti odda would say easy commitment fix
0,nba thanks youtu bv cgstgo
3,shout dlloydtv getting uk nba tourney great guy heck nba player
2,wale not nba sound track criminal
2,nba ronnie fix damn server
1,happy use ajtracey stream
2,ronnie nba hard make sure devs stay top hate speech figure symbol basketball fan software developer disgusted fix pic twitter com ctqvq il
2,dude cooked guy got nba myteam need fix damn game twitter com splashedition
0,stephencurry fun play nba pic twitter com tcz qdvj
2,draymond get flagrant every time use warrior online got explaining nba ronnie
2,fuck no back people not miss lmao
2,nba game mud
2,remember bullshit
2,quit one game nba shitty server hundred game played suddenly devil banned even using phone lmao
3,great idea since espn nothing really going report show
2,nba first game try play lag everyone whole lobby no one play game already comon
2,hell na dumbass idea wtf
2,nba mobile unplayable
0,card magnificent
2,nba joke company could not make decent game life depended
0,well deserved dame lillard pic twitter com emnt s zt
0,photograph song produced mixed nba soundtrack super proud getlikecheebs theillnicky playjaredanth stellar writing performance one pic twitter com ioriifig
1,not easy famous
2,nba guy explain special offer keep popping purchase nothing special happens besides vc supposed get done time
2,nba worst game ever came home player gone reaching support day still not got reply
2,get work think play game nba server hurt right
2,nba worst game no doubt
0,cold dame keep getting better crazy
2,fuck
1,ill using david aldridge finished done face dumb commentary rest year management
3,best luck razorbackmbb alum patbev tonight nba semi final arkrazorbacks fan tuning espn cheer
0,ready exciting news nba sport follow bigstickgolfofficial news update
2,ronnie nba ksupport help iv reset app iv changed clothes still not able seen help person not seen not see self watch stream show trying fix reset app changed fit bit yet
2,kintel nba shakedown ehh major issue need fix failing taking smoothered shot not mean samething mode got perim lock low handle tap defense pick ball smothered shot next
2,not fun nba
2,beyond trash year nba
2,nba get refund garbage
2,nba anything like never buying game make game like
2,another reason nba suck like forcing people play small ball
2,nba game crap
2,nba guy got fix shooting bug everytime green people kicked green animation flicker like crazy also kicking stats park garbage
1,feeling guilty robbing nba exploiting game virtual currency willing accept ban take like man psn ladaven
1,throwing people locker jared sullinger
1,nba myteam moment
2,nba count day fucker
2,find weird would use wrong image name shake milton
2,nba disappointment pay play used love series fuck consumer though right
2,nba shot system gots worst shit ever fucking seen missing wide open as shot missed green light missing wide open dunk like worst game ever
2,sure late game
2,done bro stuff got corrupt downloading game update ksupport nba ronnie
2,nba buy fucking clothes vid
3,congrats season champion twolvesgaming get championship ring tonight custom ring designed jostens official ring partner nba league tune pm et espn app twitch tv nba kleague youtube com nba kleague http co xyjrxkof
2,continuing endeavor bringing immense bullshit unfinished game company no fuckimg integrity making priority release decent game despite money get game vc alone embarrassment nba ronnie http co npyltg whb
0,nba great idea kobe pic twitter com zgw qmv
2,drop token market update nba myteam ronnie stop playing enough enough
3,kid got talent moralde blew away amazing voice please listen singing national anthem tournament please like tweet video show kid love nba mitchel inkrott http co dir abcpr
3,not take anybody seriously complains port remasters constantly hype rehashed yearly game like nba madden
2,nba kicked rush event game terrible yo
2,genuinely hate new nba shot meter not green shit anymore
2,bro nba tf demo worse full game
2,nba worst ever idc
2,nba game fucking suck tf pure slasher hittin
2,stop making ebled unstoppable nba
1,nba guy continue season nba player play no fan get sick no player get sick gaming comfort quarantined home thank good night
0,nba already not going greatest ever simply park affiliation not game simple give community want right top bball game money like ea sooner later going come crumbling
2,jus know
2,nba beluba ronnie bring behind back back bruh dribbling feel stale boring
2,shoutout destroying auction house pulled second go year lamar odom saw ah working pulled proceeded break got mt profit lost best pull mt sick nba myteam twobrosgaming itsshake ndbake
2,lock fucking door nba
0,still buy nba almost every year really like basketball hate lmao
2,ronnie nba get vc please like payed money game still got issue nba not got paid yet myplayer suck cuz refuse pay money not gotten paid first
2,itsshake ndbake nba myteam witness get fucked going good release wide fucking open three apparently miss done piece shit stop rewarding people sucking gifting shit fucking shot
1,ok good kno shakedown right would cool nba dropped news young man birthday july nd lol
1,yo beyond ronnie callmeagent nba beluba pic twitter com l ubcla
2,nba whatever fuck fixed put back fucking ridiculous
2,nba fix shyt wtf
0,nba myteam good job xp challenge people need please not stop
2,nba nba ktv ronnie ksupport please something stuff like dude ip banned pic twitter com sewa zdt
1,celebration national holiday make happen nba myteam twobrosgaming
2,nba yo fix broke as game
3,nba wrong event
2,nba nigga still dribbling body passing body hop stepping everybody bullshit shoulda fixed butttttt everything think nigga want touch jumper
2,nba genius idea right stick aim shooting bad enough badge folk still barely shoot people missing wide open layup right stick nonsense dropping ball
2,smh nasty
2,got robbed nba
2,nba get next game came mycareer not save played game series time never save want time deal breaker
2,nba cover athlete jumpshot look nothing like irl dame jumper put damn ball behind head like he dirk irl ball not even get dame forehead release bumass company not care shit really piss pic twitter com df nvu
3,not watched single game season also wtf siakam still court
2,tough
3,please make happy twobrosgaming
0,best pg game
2,right thing happy nba pack opening shooting shit trash waited hr get bonus content complete bullshit
2,nba fuck
0,fun moving jump shoot wit greeeen light
2,nba shooting trash smh thinking
2,nba as bitch
2,cmon nba myteam middle july day away
1,nah
2,nba fix shooting please god
2,nba ksupport ronnie nba ktv beluba point contest dunk contest complete wtf
2,nba take double pas bullshii bcuhz making mad
0,two youngins good
2,nba myteam hate game spent got victor twice fuck ronnie fuck not buying next one fuck bullshit game
2,nba got fucking kidding pic twitter com tahsjtczke
0,nba finally showed love gave vc
0,nba myteam thank pic twitter com jcfwoaiu
1,get daily nba lockercodes blogspot com http co sf uwvzxav
2,nba please change lag loss not deal lagging loss
2,not
2,not want park handle beluba beluba beluba beluba beluba beluba beluba beluba beluba beluba beluba beluba beluba beluba beluba ronnie nba
2,nba game shit like not russwest make three point shot
2,ksupport nba kidding whole le team quits get forfeit win penalize team not quitting getting win losing quit game not count
2,nba fuck back dude hiding behind screen day long guard tell
2,nba player deleted no reason
0,moment like like sometimes
0,nba current patch great competitive career game dope
2,wack mic player player instead
2,thought fut bad nba far broken absolutely idiotic
2,get rid block animation unrealistic layup animation beluba nba store playstation com
1,chicago know number nba myteam need card maybe high school legend pack one greatest ever espnnba nba pic twitter com irxkuky
2,nba ksupport ld beluba please fix pic twitter com ytz ha xtf
1,many awesome personality estnn com starladder imb
0,bit late finally got master tier best hero redd otzm
1,winning game v divine meepo player
3,dota unban acc pls got ban year conducut
0,league dota cinematics back back eating good
0,aight get item god damn life bruh want motherfucking cour
3,literally last month pepehands
1,oga dota pit season europe ci look like going one heck tournament best team europe competing afkgaming com article dota
3,ughhhh orgasm
1,geek fam win one esports dota sea league geek fam finished strong lower bracket run victory tournament favorite fnatic win one esports dota esportspocket com dota geek fam
1,fuck involved cancel culture piece shit guess due process presenting evidence not fit agenda bullshit get thrown winter window
2,stupid doom
2,ugly as
2,freddy despise dota casey
2,dota wykrhm yo stuck gate not open pic twitter com ifyqzlffg
3,no ti made sad fact first year actually made event person
3,god
3,thank reddit
0,not wait ti dota save money gaben
2,hate dota
3,live beautiful voice hear today none mofarahdota crysendota teaguvnor join u twitch tv esl dota http co crw mmbi
0,ranked dota new patch music giveaway twitch tv noisiness
2,rubick timber chain bug added intentionally redd ibkerw
0,well done dota guy keep pic twitter com quomfakjic
1,sorry spamming anyone follows want play tf gta dota rust something else feel free add steam lazy post link right tweet useless yep
3,hey
3,looked dota mistake sub officially cesspool hate reddit
1,virtu pro kept first line group beating og egamersworld com dota news ci team already five win row
0,micowen one best moment hahahhhaha
2,world bullet lp world warcraft crossed dota much frustrating
2,bunch loser smh
0,not much still happy got redd hcte
0,dota love bed boy casey
2,year development one thing dota team never able resolve pic twitter com dmtcsott
0,feeling good man witch doctor
0,nice nice nice
0,not fucking believe played dota enjoyed every second
2,day dota officially left beta announcement valve dota com thebetaisover anyone else feel like forgot something http co rz
0,welcome queen
1,gabe
0,feel nice manage transition support carry
2,shit
3,greatest dota team ever
1,dota hate slinky casey
1,made dota youtube video like mike creator given strike cyberbullying harassing fuck youtube fuck piece shit moving shit done retard
2,huskar hero dota not ever deal as no matter
0,pre covid student game day introducing student robot entertainment game form leauge legend dota ell program really loved check ready set hero lnkd xjtnm
0,hi nakoz enjoyed playing dota little nightmare today thank everyone showed much love today welcome new member nako acad mie today stream total min see next stream keep safe healthy love lskyyyksl
2,dota bug ability draft could not pick corrosive skin dm want match id pic twitter com puwsm
1,going another jam packed day
1,pity dota filled people no capacity think wonderful game would need massive overhaul term permitted play impossible play proper game less half team brain capacity ranked match
0,stop love dota casey
2,dota quarantine got dota player fucked fucking quarantine got brainshitniggets fucktards one server fuck everything fuck coronavirus fuck valve always shit ranking reporting people http co rrxm ze
2,guy whatever not play dota matchmaking night regret
1,dota coordinator giving hard time player valve less day straight vpesports com dota news val
1,ci qualifier continue pitting gambitesports forzegg chinese stream douyu com topic minor russian stream twitch tv starladder
0,ugh remember staring lina drooling day even made screensaver look freaking good
2,valve whale ya greedy fuck voice line real downer
1,best wombo combo weplay pushka league dota zonestream cx be
2,dad joke
3,og player really broke stereotype gamers
0,perfect time study self quarantine
1,comeback teamnigma simply phenomenal sick game excited match thanks great tournament weplayesport hope make next one
0,dope asfukkk
2,like game fail start dota rip
2,thing dota kick as never ever play
1,honestly not know twitch chat come love redd iek gr
0,wow nice set workshop agree
0,welcome back
1,friend playing dota not understand shit entertaining hell
2,let u see worthless valvesoftware dota dota update admins something smurfs oh wait prepare compedium take money pathetic
2,next level racism trashtalk
2,make way queen queen pain arcanum unlocked level battle pas valve scam brother money lmao
1,first time trying sand king chen slardar rubic leshrac dota turned pretty well not fan hero not not play design skill lame going
1,best luck best american captain
2,dear valvesoftware dota fuck many smurf account fuck always get stupidest teammate ever
1,google computerspielsucht german game addiction find really sick people redd eo oq
2,hey dota love getting hour ban game crashed even though reloaded back within second sure ban playing whole minute fair
3,best gameplay dota team liquid esl one worlddailynews org best gamep worlddailynews org best gamep
2,played one game dota around month ago shit giggle old time sake sent rabbit hole going hour pro gameplay footage reading patch note trying capitalize broken metas
2,literally unplayable bro
0,best feeling redd gc gm
0,feel good
2,see men trash honest not play invoker not like guy play not win
2,wtf
3,greatest team dota
3,best funny dota moment laugh youtu ax tapls via youtube please like subscribes
3,check latest video dota stream watch youtu fxc xbx ynm
3,redhead sexy
3,dude trying corner market esports casting he wicked cool guy go watch
3,going miss old roster
0,gorgeous
1,zai absolute beast redd fbc
3,nice event
0,wow
0,cost not deserve willing pay
2,dead game
3,best true sight ever friendship make perfect team
1,miss wasting money lol
0,freddy dota great big stuff casey
2,blue panda old tress steal much resource nonthong messy insane trash poser hero dota icefrog
3,no one rrq xinn lost
0,miss dota
3,dota true sight series fcking cool wish could get something like owl
2,not understand fuck game gone long since score kind stomp
2,not know dota many dumbass player not want learn game fuck community
3,welcome international
2,steam yo steam not play dota
2,dota horrible server time quit
2,always drow rip hero less set
0,paoloyumang nice
2,dota wtf not reconnect game lose point mmr wtf pic twitter com hmaibrottg
0,miss already
1,gameflip someone abusing discount code gameflip market dota thread forum gameflip com someone
2,wtf
2,arcanum void
3,trick couple month ago hahahaha ridiculously fun
2,dota wtf delete sound ceeeb holy moly delete fucker gaben shit
1,dota unmutes teammate redd
1,okay ranked game work
1,dendi death bos destroys master tier pudge dota youtu zrtaze youtube
3,exitlag working bought month plan login possible exitlag appears working not work dota not connect game cn normal free trial would appreciate could reply
3,dota like mikey martin casey
0,love
3,weplay proving best esports
1,shoutout cool dude watching game grand final regular crowd redd euds
1,support not getting enough love
2,server crashing game wtf valve
3,noob indog way
3,hear blink blink
3,surfer sexual demo subscriber away hot good time sit original dota championship let u take sea expect
3,seems like natusvincere made good choice ftm dota squad joindota com en news
0,nice update gaben nice
2,delete techie pls fck dota
3,yup og new fav team nigma
1,hello one person epals gg playing league sg server lied people dota
0,playing lot unranked dota sea almost no toxicity people fine wtv play everyone chill like remembering first love
0,aww
1,looking dota deviantart say artwork incredible not much
1,truely masterpiece indeed may exciting emotional outstanding job remark end era gaming history
3,seems like lineup fucking run inside fountain high hope lineup
2,valvesoftware dota wtf friend played game tonight played winning got common courier friend got item total single drop fuck shit not love anymore
0,not wait lebron play earth shaker scepter
2,dota said say patch great change back way bot work make tps gold
2,wtf
0,damn finally hit tier one feel fucking great
2,another fcking update
2,today mark year since joined madhouse level spending work time og dota vancouver titan nyxl nysl andbox share biggest takeaway quake greatest game time
1,dota hate typewriater casey
3,twitch twitchsupport please something constant viewbotting scammer posing dota pro streaming old vods said pro promoting scam site guise giving away game item going year done
1,making crappy immortal til treasure day redd itorke
1,honour announce inyourdream th thank xyundota arrange meeting give permission make possible also thank cingdoto permission use photo
0,thing love see
0,opendota highlight life godlike rampage huskar lovely support life legion healing commander dota pic twitter com zltgflugpa
0,banner dota guild winter wyvern phoenix offlane best pic twitter com iikbru qd
2,damn got blackout playing dota
1,dota player banned valve ift tt sxf
1,dota battlepass not released valve confirm ti not need moved end year played valve hq sweden usa serious trouble covid two country determine whether delay needed
2,dota guy even care player base anymore point behaviour score half game toxic ragequitters tilter
1,bracket ranked turbo twitch point stats live india
0,guess broke
1,crimsix chicago huntsman think not good atlanta probably second best team cybersportnews net http co pqovfwyepo
3,term hype crowd manila would great
2,sometimes high ground bad redd gfzg
1,game tag dota mother magical drop borderland enjoy cracksmoker large bitch italianchuu quas
2,true hahaha useless gameplay po
2,dota underlords pretty cool former dota player one click better compared auto battler spam jull knockout almost time
2,server pls fix dota
2,dota getting worse
1,great fun game game see item player know suffer next min dota pic twitter com zdqih qzid
3,shoutout dota counter winning third overall
2,dota model map possible scam
1,cowboy ursa died
2,biggest scam
1,many streak killed today redd hl
1,dota meme great big stuff casey
1,miracle miracleeeeeeeeee
3,goodbye rog
3,introducing high school student absolutely love dota check first time playing horror game liver see side never seen bilibili com video av http co st nrerbm
2,fuck wrong guy dota
2,stop pic twitter com cwgm omhmq
3,hahahahahaha og secret twitter person fuckin funny
1,olympus valhalla win row gg boy axelokonga irvanasution ibeeen raditya ramadi
0,love
1,dota three strongest player leipzig major esports u esportsforus com dota three
2,dota not living rock something might seen people problem fps drop game game crash hope someone fix not know code otherwise might done
2,hey dota way updated rank confusing fucking math book one mmr no matter play ffs
3,old day
0,dota month let u faking goo
1,bts pro series season sea boom esports become second top bracket finalist team face among u match reaching grand final egamersworld com dota news
0,well bought great voidhammer skinslink com really nice iteam recomended
0,art amazing love youu
1,crystallize became top eu mmr leaderboard congrats navi gg en read text
0,awesome cinematics played game hour inner zaki
2,happen slark wyvern falling love
3,based skill would great great team never bond like og og looking forward boy sumail get back field
2,fuck dota community leaving game soon battlepass ended
3,damn tobi
3,favorite dota player got ice iceice iceiceice
2,hell timer ascending descending valvesoftware dota redditdota pic twitter com wxuuulqxa
0,little old screenshot gaben love redd hu k
2,toxic
2,not relate
1,one best moment
1,check amazing giveaway gringaminginc enter win real cash prize best daily fantasy esports featuring dota lol c go bit ly qqxkj
2,way name not make think wasted life
0,wholesome bruh
0,live
0,lol soft support
2,wykrhm dota extremely upset year battlepass hype arcanas persona unachievable level not buy level good feature helped u grind level gone sideshop complete trash something
3,bad
2,dota broken
2,dota crap no reason queue ranked support anymore back pick guess pic twitter com fa eezpkjx
1,dotacapitalist yo not retweeting banksesports tweet regarding paulchaloner part dota scene know eager punish toby others abuser retweets not double standarts much cmon dude
0,interesting video
2,odds treasure broken past day average lvl could ultra rares unlucky lucky alright treasure got fucking one done game treasure even delayed day thanks dota
0,wow
1,dota wtf moment gameforce jp dota http co ccq nw tkc
0,tweet dota no fucking offense game dota high tension game bad good moment
1,ban loot box gd dft
0,found twomad played play dota make happy
2,hey figured one earnest recommendation videogames not play game evolving meta fuck overwatch fuck starcraft fuck league legend fuck dota played far least interesting part gaming career
1,excited watch eu closed qualifier dota valvesoftware eu slot
1,fuck playing dota like check twitter see trail cold steel announced da ing west holy shit canttttttt
2,fokin asshole
0,really dota slinky casey
2,wtf
2,dota making league legend look good right
0,soon finally enjoy watching melee not ice leffen not competing lul also day work month struggle hour workday lately still proud managed get immortal dota
2,vmobile douyu com show bavqx die age disppear system selfish cheater nigmaw dota random icefrog
1,ad together partner skinbaronde proud present epic dota giveaway make sure join part gheed com giveaway zdyo http co pijdfmhaea
1,killed redd imlqze
0,nothing better cool design favorite teespring com wolf need no
2,damn
1,bukovel synderendota lacostedota filled like minute twitch chat filled start match like would dare ignite wrath dota community fun lol
1,die honor stfu press bkb
0,lovely number
1,say hello sasha hostyn aka scarlett current highest earning female esports player world hail canada built amazing career playing starcraft dota much respect amazing woman role model onfirescarlett pic twitter com dm cty
2,still not get
1,dota wtf moment facebook com watch via facebookgaming
2,toxic carry
0,nice one valve redd esgskv
2,dota update dota matchmaking suck bad unsure difficult big brainers sort belly big not enough brain power
0,good one
2,psa dota server lagging
0,great game player shout smile clip twitch tv silkybelovedtr
2,broken
2,dota fix game please goddamn match making broken pressed enter instead got whopping hour ban not making hero selection fix shit man
2,hahaha fuck
0,would die
2,egg hate dota casey
2,dota fix fps drop happening not playing anymore due huge lag battlepass release
1,managing pdxburnsiders
2,valvesoftware fix server dota unplayable
2,simpleton hate dota casey
1,th aug happy birthday amazing player shackerlol zhandia teamdynamicslol teamastercn sccc cn team unq pic credit riotgames starladderdota
0,love dota putang ina
0,strongly believe dota superior game riot better company
3,pls guy stop tired give like
2,dota dead
0,cool detail
0,one favourite rubick moment clip twitch tv poisedvaindrag feat iaguzsc finally cracking
2,dota prize pool fucking hell
3,take bank easy victory gocr zy
2,valve fucking change anything dota perfectly fine ruined fucking terrible
2,fuck life
0,one best thing read new system support team much better new squad chance make regionals via open qualies many good thing happening
2,stabbing dota smelly casey
3,toxic team
2,creep cucked thing entire game
0,winner
3,want see keun joshcullen beke nemen sb official
3,best fucking dota player fucking world
2,totally smelly dota casey
2,smelly dota smelly casey
3,congrats dota team uottawa v university massachusetts uottawa v uoftesports junior team dominating match today week one cslcollege
3,nice mango farm earn lot money
0,fucking finally
1,great outing boy taking first series reverse sweep ggwp
0,one best play night
1,dota dota like happy casey
1,king
0,still got mvp thanks voker dota pic twitter com anxwu
2,dota matchmaking pit shit
2,take fucking moneeeeeeeyyyyy
2,pain dota pic twitter com ee hozpz
0,thanks dota pic twitter com ktwrzzay
2,unpopular opinion valve would listen complains not complain everything ye
3,nigma going burn thr
2,dude fucking battle passa please
0,greatest support dota happy birthday iamjerax
0,one best scene dota history
2,not even get lvl battle pas life unfair
3,egg man dota hate robbie casey
3,like said really hope pave way tf get ultimate update good non shitty port source twitter com nors status
1,happy admiralbulldog legendary day legendary ember player
2,dota steam queue match accept found match game show reconnect abandon option nothing happens try reconnect min kick disables matchmaking
0,fucking dope
1,aui phantom ti winner dota highlight tv game streaming eu aui
1,trump banned eu travel month major still week
0,nice wallet desperate
3,hahaha ti winrate great stat right haha
1,virtu pro far top dota team ci right dotesports com dota news vi
0,nice time finally chill good chill stream
1,arteezy fast game no mercy favorite hero queen pain dota youtu mdvhkd twyg youtube
2,wtf
3,icymi blastdota find sponsor kitkat look forward great collaboration blast bring meaningful fun content surprise dota bounty hunt buff ly ci rrl http co fn
2,please dota bring back aoe grave dazzle playing support actually fun
1,new dota update includes new treasure fallen cinder item collection dotesports com dota news ne
0,ummm interesting no idea mean seems cool af
0,love sea server
1,wykrhm know slower dota not try fool u
3,holy shit gave diretide
2,rarely happens still annoying redd epex
2,less pick rate abysmal win rate medusa worst hero patch not
2,oh shit
1,big profit today
1,ranked dota others twitch tv noisiness
2,wtf
0,dope af
2,fucked last night dream magic stick dota
1,fortnite pro dub banned twitch using racial slur cybersportnews net http co tszxauk
2,wow dark not see anything
1,cute woman play dota occasionally sassy regularly nice duo recommends
3,dedication man min loneliness
0,game love tag ff roller coaster tycoon mw dota fifa ki ash
3,welcome international
0,dr florian block blockflorian talking esports impact dota already mentioned love game
3,fuck caster knew something wrong
0,warlock unless banned twitch tv micollo
2,dota hey instead releasing skin fix massive fps drop dark seer us vac wall
0,lol accurate
1,proud new toy kawaii kawaii
2,crazy bad valve fucked dota even everyone trapped inside dota still not get player
2,given talent form pricing biggest upset esports year even dropping hard not bit peeved
0,totally dota great big stuff casey
3,cloud favorite organization really need spend player dota team getting shit pushed right
1,top offlaners raise mmr dota alihanrin com alihan top
2,wtf
1,dota hate freddy drs casey
2,not see find game button see anywhere dota pic twitter com sgtk rbtwa
1,even limited knowledge dota absolutely loved
0,many people play dota internet go frenzy
2,wasted
3,team not going anywhere kek
1,ironic physical sport hold opportune time esports shine yet largest global event not proceed damn ping fortnite world cup dota international cancelled gamesindustry biz article
2,fucking hell guy alrdy making lot money greed good
1,hellcase rock one best
2,fuck team oi guy valvesoftware dota
1,one powerful product offered digitain esports help increase betting opportunity player
3,great see
3,sad angry time looking news regarding dota community
3,doto broken
2,wtf broken
1,run shadow shaman king cry darkseer fail last pick medal tv clip
0,yesterday played intense turbo game dota amazing never seen tier item hahahah tvidotto patch great used black hole single fight killed roshan time pic twitter com mibpwz sey
3,skl infamously known worldwide ang filipino sa dota community ang tawag saila saton peenoise due toxic behavior sa hampang never would thought nga pati pa gale sa government aspect may ara japon toxic
1,proud excited announce website live lilaccitygamers com garyvee tferriss lilaccitygamers
1,dota wtf moment gameforce jp dota
2,game good reality struggle
3,go msc
1,wait right moment win game tb relaxed
2,last time wasting time dota
1,ti best play epic moment international dota zonestream cx ti best play http co dvexfphvwg
1,forgot much hated dota
3,discovered interesting streamer dota nimo tv check nimo tv live
3,nice see dendiboss
1,sumail enigma crazy new meta enigma mid beautiful play dota zonestream cx sumail enigma http co okbnvptais
2,word not explain much hate dragon age combat feel like playing dota alone four bad
0,best chat whell dota space created bad whoop good game well played disastah playing win baby guy no chill goddamn hero not believe seeing happened noob
2,amount fun get moba booting dota first time see fuss shit bone valve guy turn around stare soul uninstall game peaked
2,sad
2,valvesoftware dota not ready drop bp not worthless developer misery server bug get money bp ok
0,still fave hero
0,yeesssssss ohhh yesss
0,better
0,excited
2,typical toxic sea server
1,breathtaking performance rajjixdota gamershubme league final keep going brother
0,professional dota scene fucking exploding completely welcome get garbage
3,dota like demetrius casey
2,point dota community still exists pure stubbornness complaint not due pandemic let u make clear valve abandoned game let community create content year
1,one biggest event esports dota international delayed due coronavirus e pn fa yne
0,damn amazing ty
1,jesus nigma fuckin unreal throwing every game play
0,yes love dota redd jl
3,best ti grand final
1,check awesome dota loading screen featuring brewmaster night stalker bounty hunter nature prophet treant artist philippine follow artofmarkrhu
2,due lack player forced play dota represent pupcol
1,dota update fun idiotic
2,admit nothing sadness gone
1,thank everything goat dota good luck whatever come next
0,little late happy year game trailer coming woooooo
0,finally fixed schedule god bless gaben icefrog
1,clear according kentucky law could steal p get punishment would killed
0,got talk dualsense
2,as
1,cool asked nephew wanted read dr seuss said no auntie please one chapter da kapital friend invested stock instead p not stop last capitalist hung rope sold u
0,last one sound way good true
2,god
0,interesting shit
0,huge thank everyone came today sorry end run pc overheat however bpmgame blew mind even run shall continue tomorrow might even make way hell yeah give p showcase super good also
0,wonder much dick slanging bae spoiling going earn p
0,next gen console bout great fucking game man
0,lmao would fun
0,love
1,nigga tried roast not know next gen p fuck not say p
0,definitely smart move agree people still trying workout spiderman version need pay holding p edition game
2,fuck
3,wish nigga would shit like
0,hopefully xbox go smoother next week get two
2,guess not seen price p babe insulting machine beside
2,tfw save p legit nowhere left preorder pic twitter com vmlkqokq
0,crazy
1,
1,cool game shitty case design nothing initiative new except basic as white stripe top
3,screaming
0,baby worthy lol
2,wtf going reinforce desk support
3,see type tweet not bother cz random idiot not following like spoil everything stooopid ass
3,euro game psn dollar fuck
0,honestly point top p preorder
2,rip
2,girl trippin cost new p pic twitter com vhd thlp
2,love playstation general always type exclusive xb p design not know get one eventually going hide thing somehow lol
0,yo wtf actually really good
0,real challenge omg
3,woman interesting
3,personally news excited p box reveal truth bomb called little boy dropped
3,pay car payment instead restrain lick cold honey naked body suck frozen strawberry pussy
0,baby
0,huge thanks awesome peep gamepontypridd helped
0,
0,welp no p damn fuck walmart fucking fault dropping earlier fucking shit as fucking crack head as company fuck
0,amazing
2,holy fuck
0,oooh wow pretty
3,not wait see guy one battlebeaverc
0,amazing looking forward november th
3,seasoned gaming bitcast went live not got nothing come hang chat awesome people chat
1,naaaaah p controller broken month p fuck youuuuuuuu
1,get empty p box fill rock deserves
0,streaming
0,work
1,setup next new desk another screen p xbox series cable tidy wakefield instagram com caqrrtqpwbh
0,pretty
2,think p behavior shit shining light fact want free not not get self not like free
3,resident evil let u fucking go hyped
2,bro look fucking stupid
2,tired sony fk sht
0,true epic omfg
0,cake not stop moving till get p
0,guy done
1,meme man beggin girl p pathetic
0,starting fan save p xoxo
1,main reason wanting
1,ha ha best example indian news com news buzz
2,mile getting game know bout hour late p shit lost shit work coworkers decided peep rest home rachet clank always sick shit look eveb crazier
1,sony playstation landing linkedin com pulse sony pla
3,keemstar pog
3,female gender clever
0,beautiful girl know
1,play uk sony playstati http co zlabp givn
2,pls not buy digital not worth
2,waow p game retracting announcement pc port surely coincidental mistake
0,well clear transparent panel top choice
0,not let anyone make feel bad wanting spend money p world falling apart pandemic keeping u indoors thing going get worse invest enjoying got left
0,incredible not wait continue playing p
0,interesting
0,look would really enjoy brought kaz hirai stage announce five hundred ninety nine p price
1,store mess p redesign coming something could accounted least left web version
1,nigga worried bout cost p not got no wheel tough
0,yeah queen shut fuck p shit going end buying anyway
2,p kind ugly doe
0,not wait surprise christmas year p
1,guy obsessed girl getting p get bb
0,feel good enough money get p not got nothing like rest suckas jkjk
2,controller ugly wyf
0,def going buy p soon drop
3,stop damage controlling know damn well would bashing xbox tweet tweet made event mostly dedicated xbox one console
2,done took p debacle far pic twitter com tvwfllkjke
0,not get
2,idgi
0,hope unveil p tomorrow fun shape like half moon heart clover something
2,smh
0,pretty much
3,going say imjustbait funniest meme page ever
3,absolutely not bloody wait game honest
0,good sony much want see new p going right much important
2,bad idea least make customizable change
3,thank god seeing tracking p wholly disappointing many trophy blind chase nice finally visibility long grind tracked appropriately
0,not see look like xbox controller say anything anyway fire
3,kena easily one top anticipated
0,debsy dee good present
0,soon get p go broke unproductive
1,spent couple hour last night trying pre order p sitting cart everytime tried check kept reloading cart finally disappeared best site merely button underneath p pic said coming soon major
2,disgusting
0,look like poster action movie love every damn bit
0,team xbox design got really nice
1,p video leaked p devkit xhardhempus net topic p
1,death loop p not like watching die like killing nah one
0,p not leave bestfriend
2,stop spoiling trash stink either way
0,copped p
1,wife really looked p preorder not delete search history rookie mistake
3,lol pair guy girl mad man paid nail credit card instead debit
3,boy not wait plushies motherfucker sell buck pop
1,ah see play oof bad timing playstation remembering correctly one even devs conflicted working know everything
1,lad going start acting nice hope getting p
2,damn p like virgil pic twitter com xc eyderaj
0,xbox definitely getting p fuck xbox fuck microsoft fix shit console server paying month able play maybe week uninterrupted shit fucking console subscription month many fucking problem
3,tiffany look fucking fine pic pic twitter com krpishssbx
2,fuck trynna like
3,fr fr got no chill
0,not lie console sexy
0,epic game ceo talked
0,also love way look not gone even front refreshing
0,dualsense controller p look incredibly gooft probably feel comfortable hold d plus like white black accent
1,digital
1,enjoy amazing browser get extra passive income btc click start bit ly cbkgz
1,hmm p got released purchased p switch seems reasonable even make year earlier still not buying anything next year
0,not wait playstation play cyberpunk
3,not read family die
0,buying
0,yeaaaaaa p undoubtedly move
0,let u fucking goooooooooooooooooooooooooooooooooo pic twitter com oglax jgkr
0,lmao playstation site crash one minute releasing p
1,men shave ball lie overcooking salmon mf worried wrong playstation
2,playstation always known best looking console fuck
3,worst luck basically since first quiz always one question away form always gettin c mid term got would get p fucked one question not even get hard one wrong fucking easy one
3,never nigga never plan nigga not even let woman buy food
0,not wait p revealed midnight
0,lmfaooo yo good one
2,thinking scamming someone girl selling console tell p
1,argoshelpers love took money paypal p order not go end ran stock moment paid
1,damn p first seen guess would hard package weird shape
2,p controller cancelled
2,smh bad
0,omg look amazing
0,think look great least trying something bit unusual different pull opinion whole suite accessory well sweet
3,ronnie green park get kicked released stupid as game p people would buy twice least could done make sure not bug greedy douche
2,fuuuuck
1,not know kind reminds wifi router not wait see gameplay video though
1,nigga p gon sayin console talent like bitch not console
0,look insane still playstation hand
0,good move giving mile morale ultimate edition would otherwise lowblow want know dlc included
1,lmao wtf
2,lie
1,unreal engine feature highlight next gen real time demo running playstation
0,appealing not deny
0,p got fortnite alr rip xbox
3,nahhh tyceno part killed
0,mad not even get chance order p
0,actually quite like design p truly feel like next generation console rather bulkier box power
0,finally looking forward tear p
0,anyone managed pre order p got went gym came back bloody sold
3,bout get watch dogged
2,p look like someone stuck microwave long
1,p preorders amazon fucking joke still pre order becomes available morning gritted teeth know fucked playstation playstationuk
3,eat pussy as type way
2,fuck wit
0,nah like competitiveness better
1,
1,fun game sh t giggle release date new p xbox console delayed
0,whoa definitely doubling blue white
2,ever read p piss
0,look cool af
3,giving budhalovesbooty vibe
3,carrrrr partsssss nigga getting expensive lmao
0,not know people hating think look dope
0,much looking forward getting new info
3,fixedphillip fixedphillip fixedphillip testify game purchased yesterday made win no doubt man integrity thank much win grateful
2,okay shit
3,game sold two bullet point efficient
1,good luck paying dollar broke buggy incomplete game definitely microtransactions despite price
2,aww shame actually dig white new p controller seems lot people not like
3,lmfao fuck caption reg love fucking laugh
2,fuck xbox p getting souljastation
1,really wanted buy somebody son p mamba forever edition never act right
1,annoying trying get p people getting retail price going selling double price like let people enjoy system get not resell
3,bitch lying start
2,oops got caught making people think full game shame
0,never come please fail
1,gallery p design unorthodox unforgettable pushsquare com news
1,p cart not check
0,getting everything year p headphone remote fuck
3,bitch put charge
0,shit beautiful cry
3,impressive studio show two game look great hat guy insomniacgames talented people
0,fuck buying one man going buy one
0,p de going look damn good next lunar light aurora
2,nothing really worth getting p launch honest really average till demon soul
2,well aged poorly quickly
3,tellin aircraft not lifting desk
1,going would best sell lunch title p venom carnage though awesome also swinging mechanic fix something already perfect
2,not play video game p not stimulate
0,not buying no man p happened show house one black trash bag full clothes could stay forever
1,see sooo many tweet girl buying guy p like not buy shit
2,not care not buying crap p pro come
1,godfall pretty interesting
1,exactly
0,say graphic compete p see shit getting real
0,idfckathy thank getting p
0,got dammie black look fire
3,aie good play
0,really wish like p golden tee machine social distancing would not bad
3,good fuxin point
0,watched
0,year upon year greatness
0,oh really
0,ronnie not pre order mamba edition digital edition p yet seems like scam want buy physical p not get current gen version next gen come pre order current gen not get hr rep
1,
0,god
3,claim kickzjilla tweet wild shit tweet nonsense lmaooooooooooooo
0,p xbox series rescue gamestop death spiral gamestop plan save money closing store seems like p xbox series rescue company post p xbox series gd woe bh
1,not look better white
0,ah well seems mistake guess wait get p backwards compatibility turn legendary rumored
2,noticed p medium remote unlabeled button reflect actually look like blank button press image avoid spoiling something not ready talk yet pic twitter com zif fnduad
0,tempting
0,look really nice
1,not realised no one expecting girl acc buy p joke
3,sooo go chanel store ask gift bag fill reason not live without not get upper cut jaw
0,p look nice love white
1,sony said no p delay cuz pic twitter com npqznydxu
3,actually feel bad kudos reacting properly fuck guy though new bitch probably not money even buy
1,join u weekend discus p relating nigerian dynamic promise exciting opportunity network gamers fun read event realgamingicons com event p pro kindly share not wait see http co sotezuxoew
1,not buy p october turkey tl tax reduction console date
1,series leak edge xbox need p shortfilmvideostatus com ser
0,interesting design also wonder allow player use p controller
2,p conversation annoying not tired
0,gone goddamn done
0,ah cool
0,interesting real really awesome looking
0,blessing blessing
1,would make joke p guy not get pic twitter com obr hzxxbs
0,soooooooooo fucking ready baby playstation showcase live minute
0,p preorders not want get locked even happening time around never know anymore
2,dead got wait till p slim
0,game goddamn fun not wait release
0,oooooh shit think motherboard already compatible
0,yooo dope as reveal
1,playstation rumor confirmed far proven false ift tt eaf qu
2,sony dick releasing p info month launch no price no release date no pre order info not add playstation blowing like whore
0,fuck p want bbyg
0,playstation showcase amazing glad fanboy p plus collection benefit sounded felt rewarding curious know
1,not know people app told someone would buy p insulting
0,switching playstation p come fuck xbox
0,really buying p future man house everyday
1,playstation plus collection brings p biggest hit p venturebeat com pla
0,clearly unpopular opinion feel like greatly improved peter face p upgrade love
0,dope p jk come fazesway dope wtf
0,sleek clean
0,anyone want buy p not mind something light appreciate
1,first assassin creed game playstation xbox series revealed viking epic see action right ubsfy dlvr rvmzfl http co pr gex
3,damn boy
2,fuck p got xbox series
0,know got best
0,new p logo great pic twitter com xum ezxzim
0,thank
2,not convince p new console shit made sell plastic
1,news playstation xbox series live hype steal fooo ooo post
0,god damn beautiful
0,mama got fuck get p
1,going need generous helping giant enemy crab
3,gamestop embarrassed waisted time money raining pre order p told employee something illegal need someone contact contact lawyer ticked
0,p look hella pretty
2,paying expensive one childhood not complete
2,damn
0,god
0,holy fuck please drop p soon p going explode day
2,somehow worst packaging console seen box still blue playststion art white also cover art basic
0,could hear p sound joint dope not wait
3,flower played shit die anyway
0,p fucking come month could not believe
2,really said fuck europe lmfao
0,literally hustling get back work get p get no dead as not buying system
3,holy shit pissed able toss fucking fridge like
3,mean not know trolled missing something
1,officialpcmr life
0,wish would buy mf p baby getting punching bag need learn defend keep talkin shit
0,p gon last longer nut
2,omg p not fps series fps confirmed far cry rip p pic twitter com gl oocerx
0,not wait brother get p simply not listen fan p anymore
3,loved suikoden series super interested
1,sony stock stumble company reportedly cut estimate playstation production dlvr rgck http co cf ki
0,halo fan really disappointing see microsoft lean heavily one game carry console generation figured would learned halo not matter newer ip guess ill buying p
0,not going lie p look beautiful might cheat xbox
0,finally secured p reasonable price major shoutout dude avion fj real stand guy
0,
0,legit copping moment drop uk bargain surely good true
2,p not like feeling like dick ball falling decide slide used much
3,way cried furry yeah
2,poor
2,nice looking router
0,boooyyyyyy not wait
1,fact bitch not even get p lol
3,people really come say dumb shit like
2,dead man
0,really liking new
3,mane stupid bruh
2,people still conolse war actually serious cmon plastic shit bruh
2,boah
3,going need stop racist
3,haibo lady sacrificing couple weave see king happy
1,naughty dog upscale tlou p please thank much
1,deannamb p v p like rk v rk not know life anymore tmblr co zx wuqyx vg ce
1,want p know would probably get lot view unboxing no quid not sort money floating around saving move girlfriend p bottom shopping list right afraid
2,seems inefficient
0,ok not care charge game patch
0,lol mannn place great
1,design cool color scheme wack
3,seen shawty say nigga better fuck min get p mf gah damn lil momma
2,broke
0,p digital edition smart deffo like
1,said would not get p fucking hell gt seems like gt good thing really good thing new spider man look like pretty good ratchet clank trailer looked amazing stuff onscreen fucking hell tough
0,not agree hilarious
0,p whenever get p likely going buy wrap look cool not pic twitter com cir ne
1,
2,sony ever think making console big want stop slap mouth microsoft not got no room talk series p literally no room anything pic twitter com utjm uigip
1,not understand controller player cry like not st pc controller cry not want change console want fps get p wow ever thing controller player
1,watch new playstation demon soul trailer myglnews com watch new
0,incredible first look p graphic also great audio demo showing power p also hope game showing actually come look fun youtu qc ktatmcuw
3,shuttin fuck play
2,wtf look size
3,imjustbait winning
3,talk ya shit
0,looking forward p launch june th delayed
1,one thing playstation xbox series common think look pretty awesome standing vertical different design aesthetic look nice also think look significantly worse laying flat side display vertical pic twitter com jo kbvnzdp
0,false news sorry p please
3,man tattoo horrible
1,
3,hm los pollos sorry
1,son mile grown big
1,playstation xboxp cerny hope p xbox series gigabit compatible get p kbps xbox get get gbps need fix get pay no matter speed ax wifi would awesome no estimate test actual speed
1,waiting girl catch man cheating sell p buying launch
0,lady gentleman give attention craving
3,special thanks go hansrajmeena also thanks thelallantop talk topic
0,let u gooooo
0,going watch p event knowing good well not getting one dammit watch anyway
2,buy game p got exclusive xbox strong system rd party game play p
2,smell xbox one controller almost community agree admit love singing
0,awesome
0,week man
0,ik not really expect lambotruck really want p
0,time classic franchise
1,nigga stop complainin bout female not buyin p sound broke chillat
1,sony not announce price le pakistani awam pic twitter com kuvrxpuhwj
3,yeah hell nah guess ion really love big fella pic twitter com xemkrtk qp
1,also man not buy p throw bitch away
0,lmfaoooooo love excited nerd friend p getting hype
0,announcement p say seen xbox p really not wait get pc
0,aye another box p preorder becomes available plz send phone mention soon find please fuck
2,duhh
2,think rt account whole p performance absurd disgustingly stupid
0,groundbreaking
2,sony said fuck straight line edge
1,playstation release date leaked dlvr rgggbp
2,far concerned p reveal put oh yes boring
1,got honest p controller little wonky judge hand ugly little brick look like shit nice hold use pic twitter com qfmrrevln
1,sale ebay along several custom controller perfect seller rating since seller link comment
1,everyone upset look like xbox nobody mention function nice controller look comfortable size shape similar astrogaming love
3,square really love giving u everything sequel really want
1,size difference xbox p wow pic twitter com oyz lnk
3,screaming hello jon champion co commentator jim dey fuck
2,setting playstation keep mind designed kept outside like air conditioning unit playstation run dangerously high temperature also gas noxious fume please careful handle playstation properly
0,oh goodness
1,isaiaharana please support p fund thanks great day
2,huge leak wonder sony react
2,dead as
2,p launch title look trash gt though
1,got buy p xbox year never ask take eat eat pussy tell damn self
2,terrorist
3,tattooed heart not enough never satisfied
0,p hardware reveal trailer youtu rkc iekyo via youtube hell yeah beautiful console yet playstation really
1,bro break fucking controller pic twitter com satr spbze
3,sigh men trash
1,every dude want girl buy p ask parent wtf
2,playstation nice whatever keep
3,love uncle ben please tell not buy entire game
3,favorite warcraft game holiday event
0,esl pro tour starcraft ii warcraft iii oh god amazing already love youtu lamuinaufys
2,talk fucking nasty terrace fang gross creepy wall like
1,massive respect thank legend israel adesanya ufc middle weight champion world shouting world warcraft classic guild mayhem yojamba oce u horde stylebender warcraft http co tn ae hc
1,earned hall devotion achievement
3,troubled character art mooncraftrp com
1,earned mechagonian threat achievement
1,please come join live twitch tv per tin mount farming wow
3,wow buddy
2,tfw battlenet not play warcraft pic twitter com aib nrr
1,check screenshot world
2,imagine trying play new raid classic server not handle yikes warcraft
1,day return ensure velfs get hair deserve
1,humbly submit toast nicholas alexander successfully managing pirate warcraft may play defence ancient congratulation nick enjoy dota
0,great summary fourth war blood war warcraft story depth immense fantastic
1,earned hall devotion achievement
0,tell youtube ad not gamer really like world warcraft orcs
1,imagine sabaton album warcraft would die happy never want anything not happen obviously imagine
2,good morning sexy people grew playing runescape bitch grew playing world warcraft go back sleep
0,omfg ty warcraft devs no popup empty neck slot
1,blizzard confirms world warcraft shadowlands not coming console xbox series rumour nonsense overclock net news software http co le oysbrgf
0,thing help cap anxious feel right world warcraft task must done task go get reward reward next task formula soothing
2,month later reinstalled warcraft see main menu still run fps thing never change
0,would love play romulo world warcraft burning crusade smash pic twitter com eoojiu
3,remember pushed remote as upset world warcraft account
1,earned horrific vision orgrimmar achievement
3,really excited see today not wait see asmongold esfandtv tipsoutbaby richwcampbell realmizkif within esports streaming sphere
1,classic wow loot farming uldaman page
0,warcraft subscription ran bonus exp month sad not buy another month
1,troll runnin
1,earned guild glory cataclysm raider achievement old raid run mount achievs
0,watched every warcraft mdi inception love concept love caster recurring cookie cutter meta comp diminished interest especially main none class prof yet
1,earned even horrific vision orgrimmar achievement
0,ah cozy sooooooo cozy
1,earned horrific vision orgimmar achievement
1,check item got shroud resurrection
1,review love warcraft serf romance noobs techfinguy com review love
1,hi everyone happy valentine day please join pm uk pm est today mount farming sure bring luck
0,excited get back warcraft today year hiatus enjoyable log back lot difference look forward learning game http co pij dtin
2,heavily market invest branding awesome thing happens not become blizzard ent company increasingly known not awesome thing brand
1,earned mythic dragon nightmare achievement
1,earned ahead curve zoth corruptor achievement
1,tried purple invasion stuff tonight turned sha anger mog dungeon run instead included sort family reunion
3,nice demon hunter blood elf statue painter photographer helen may sculptor vladislav kortikov
0,fav trasmo lock malefficent name check screenshot world
0,god warcraft cinematics poggers going cry
1,check item got malignant leviathan boot
0,look made world warcraft cook book sooo good hoping make ahead
2,want play warcraft game keep crashing not know
1,earned treasure stormheim achievement
0,bwonsamdi probably best part expansion
1,earned even horrific vision stormwind achievement
1,check item got rein admiralty stallion
0,listening world warcraft music ambiance gorgrond everbloom hour melting love place much many good memory genuinely one favorite location fiction pic twitter com y ssijo
1,check item got malignant leviathan hauberk
0,favourite cinematic world warcraft pic twitter com zlcc hsq
1,earned classy outfit achievement
1,fucking hell playing world warcraft hour straight
1,earned horrific vision orgrimmar achievement
0,hey asked instead xp buff guy awesome thanks
1,discovered new secret maldraxxus click view warned spoiling streamable com drc
1,check item got malignant leviathan wristguards
0,hate getting world warcraft lol xd thatclownfizzy going play pic twitter com qsm aq yek
2,new video plague broke world warcraft pretty interesting story history video game lore unexpected plague even blizzard not know handle youtube com watch jvds http co gj owokkuc
2,fence warcraft afraid rts not suck not deal blatant unfairness sure make look like little bitch genuinely not fun
1,warcraft iii reforged missing removed feature mmomonkey com warcraft warcraft
3,sleep wake put art
3,finished first painting life stream last night scared also proud came thanks kind word support guy also month sub giveaway
3,various people bad pvp chat visit website wowroleplaying com twitch tv wowroleplaying
1,uldum daily today absolutely fucking stupid flying around wasting hour yeah know know not also want shit vision end day feel need deep breath okay rant
0,warcraft iii reforged cool lot active player like not played game year bad game overall worse original wc tft
0,oh fucking yeah adalid
2,blizzardcs warcraft not multi million not billion dollar company game not load texture like bugging trying quest not detrimental pic twitter com nt fpkvie
0,love seeing everyone warcraft character makeover work tonight guess mine tomorrow pic twitter com go ngetovd
0,well extra leech haste meta fun lasted glad chaotic transformation coming u baseline hopefully warrior rogue main purist chill pill
0,whaaat background turn get done wild ride piece feel like learnt much gilnean world warcraft lady
2,warcraftdevs warcraft change yet mongoose bite still not default part survival kit please make change not make sense picked talent row
0,cutie check screenshot world
0,wanted check enough money bank account guiltlessly purchase world warcraft really said sorry love online bank sheduled maintenance
1,zysola blogspot com welcome html
0,absolutely impressive
0,able log see beautiful brown skin make happy
2,blizzard ent warcraftdevs warcraft afraid community unlisted cinematic finale bfa dislike ratio pretty yikes youtu yekkefiymeo
0,nice day outside not wait stay inside play world warcraft
1,
1,latest warcraft press daily paper li warcraftpress thanks shadesogrey
1,current status gold making monthly token purchased not find stable source income bad month mithril flamebloom broke seller
1,world warcraft noobs twitch tv assasin
1,amandahealzz sexytand thevirtknight leilaz r izaramoregan warcraftzai captporkchop kagrayz mollymo gaming azaleya miriimage winter ear treysorw malgur wow petsofwarcraft
1,earned even horrific vision stormwind achievement
0,really good not good giving people free game time try return wow still good
0,bored might get world warcraft fate somehow seems worse health finance global pandemic
0,release woltk expansion best one far blizzmilkfat blizzard ent warcraft mikemorhaime day pic twitter com fgplmastt
0,today year old found composer warcraft movie fuckin hot pic twitter com hnmg tc
1,went live twitch tv ashtariell se
0,apparently game snow everywhere love check screenshot world
1,u wow token price change hr high hr low
1,earned exalted champion undercity achievement
0,literally thinking warcraft reforged coming saw came today lucky time contract coronavirus
0,amazing trailer blizzard ent show craziness experience vision zoth expansion wowhead com news vi via wowhead
1,world warcraft make gold hour greatest wow secret youtu qujlloircu trav de youtube
0,episode thing thing happened big internet hug everyone sent audio submission made really special episode not thank enough
1,earned deepwind gorge perfection achievement
0,earned brew fast mount achievement mount woo hoo finally need kodo
0,yay got first alpaca mount
0,wheeee best mount
0,awesome kagesatsuki
0,favorite world warcraft raid crucible storm icecrown citadel battle dazar alot antorus burning throne siege orgrimmar firelands baradin hold vault archavon obsidian sanctum naxxramas onyxia lair
1,team jerseyboys also represented twitch welcome chucky csgo chef confidence offer content various game like world warcraft c go valorant twitch click twitch channel tinyurl com gm
1,earned horrific vision stormwind achievement
1,no fool silly nonsense hopefully brighten day unless night elf sorry discarded idea scrap see name piece
0,resubbed month warcraft ecksdee let u see bad corruption
1,feel like biggest weakness warcraft communication guild good guild good people still rarely enjoy playing get play alone
1,yup zombie plague world warcraft shadowlands ift tt xboyt
1,shining force final fantasy world warcraft street fighter soul blazer
3,boosting awesome giveaway
0,warcraft nice job human character customizations pic twitter com huhskdbph
1,check item got ashjra kama shroud resolve
0,
1,earned brutally dedicated achievement
3,first time life paparazzo ran dinner beverly hill asked jake paul house raided asked help find people world warcraft raid not kidding fuck life
3,amazing see chess viewer world warcraft twitch level rogue exciting time community massive thanks chess site making possible chesscom nearly viewer moment fantastic pic twitter com xpahrcpkps
2,hearthdton wow fatos
1,earned tour duty zuldazar achievement
1,wonderful piece bbc news disabled son amazing gaming life world warcraft bbc co uk news disabilit
1,evax humbly submit toast nicholas alexander successfully managing pirate warcraft congratulation nick enjoy dota sip milk ahhh
1,sin wow check
1,earned horrific vision orgrimmar achievement
1,thank callmequestifer evildcrab everything warcraft blizzcon memory
1,would argue world warcraft biggest influential spin game ever made
0,love warcraft fam
0,talking stock world warcraft love
1,always get sad troll starter area troll buddy zuni sacrifice
1,u wow token price change hr high hr low
0,itch draw lunerian silgryn miss much may not play wow anymore silgryn still darling dear
0,please hecking read literally everything ever needed world world depressing let light moment
2,everyone tell warcraft unblock like year pic twitter com hidjjrf kd
3,world warcraft category twitch sooo congested fake viewer not really care much damn bro viewer three people talking amongst lit like said not big deal not even pay attention view count
1,earned gnomeregan achievement
0,friend pooled together build computer run warcraft max setting old kit could barely run game tonight cried mountain stormheim ground clutter thunder bluff plainstrider slappy foot tall grass rock http co ddolnsllfn
0,absolutely love thank much beautiful version lani thel
0,yoo good honestly thought ingame cinematic sec facial expression good
3,omg look look epic
2,decided give chance shadowlands warcraft although reading shit sound complicated lvling heart choosing proper essence corruption trait order improve warcraftlogs overrated shit unsubscribed
1,earned horrific vision orgrimmar achievement
0,finally got warcraft horseman reign mount st day hallow end event drop chance yeeeeeee pic twitter com pnxq bohtr
1,one item azshara blue skin would look awesome player model golden jewelry also matching facial marking
1,damn hard decision atm want join warcraft eu influencer program need stop datamining hmmm
1,evax humbly submit toast nicholas alexander sucsessfully managing pirate warcraft may play defense ancient congratulation nick enjoy dota
3,fucking grinding world warcraft
0,let u fucking gooooooooooooo pic twitter com rdvbloyseh
1,earned lunch lady achievement
1,hey warcraft one half hour going live attempt break world record longest wow live stream show u love charity midgamecrisis co uk world record
3,u army mythic key carry fuck straight dog depressing
0,playing warcraft roughly year never really leveled alt boost never played said absolute blast chromie time finally leveling alt class
0,hoping pre patch announcement tomorrow
1,tuesday wow
0,got teh wiggly meta mount great job team
2,well suck unexpected gift world warcraft shadolands collector edition gone dumb site rejected order twice thanks
0,not know not concentrate enough draw good also happy wrathion back
3,someone drew world warcraft raid boss character cat love pic twitter com chsqvxknfv
1,xx kasake xx live world warcraft broadcast come enjoy endless hour flavorful gameplay join chat going questing chatting twitch tv kasake life
1,payday mean buy
1,angel people world warcraft stormcast eternals
1,earned rare well done achievement
3,happy birthday expansion
2,harpy absolute worst npc world warcraft
1,earned mythic vexiona achievement
1,hop game know train not particular order overwatch halo god war horizon zero dawn assassin creed tomb raider star war jedi fallen order gear war destiny world warcraft
2,get u fucking bfa warcraft
1,earned taste history achievement
0,nice quiet town free threat horde
0,lazy doodle flat color wanted draw pretty please warcraft also another color shoe would amazing match outfit pic twitter com hwbegavd
2,blizzard ent allying chinese communist party new low forever tarnish reputation warcraft remake managed piss remaining fan enought might actually cost money youtu hvkvuvvxtn
0,shoutout wow helping solve something putting joke highlight day warcraft pic twitter com pqmpnazoql
1,first image commission santraz second one hildira third ever amazing hvitkanen blast working three stained glass comms retweetings save artist starving
0,not wait get home play world warcraft feel like
0,torghast tower damned gameplay good world warcraft shadowlands zonestream cx torghast tower http co xx uhu
0,wake reread priest change excitement thanks respecting community
0,warcraft always loved paladin not surprise sanctuary light feel like love put half wow original legacy based around light human kingdom paladin sanctuary lot take
0,laughed hard
1,world warcraft nonsense viewer twitch tv kreaterage
2,blizzard ent warcraft blizzardcs atvi ab guy suuuuuch great job telling know major issue game patch talked forever urging pay expansion telling not know fix http co gfvr ymc
2,first run ele not smooth
0,really enjoying messing around like ok game fun fuck
0,awww best zone ever excited favorite zone
1,unluckiest roller seen date
1,check item got silver trimmed breech
0,level tauren heritage armour aquired lovely set
1,u wow token price change hr high hr low
3,nigga play world warcraft call duty etc smh
1,world warcraft make gold hour greatest wow secret youtu qujlloircu via youtube
1,world warcraft attacked loser demand plot change due racist material youtu ju voszk
0,last week joined heroic ny alotha raid fun turned tank one warlock hilarious loved health pool
1,earned scrappy best friend achievement
1,check item got rein golden king
2,finished blingtron finally last point engineering worst
2,honestly saw hashtag morning thought oh fuck blizzard done
2,wow armor continues make zero sense
1,another commission beautiful rendduzit thank seriously
1,wow day iambrycetv social world warcraft twitch tv iambrycetv
2,another decently high level alt different server horde no less confusing run around like headless chicken completely lost horde territory
0,dying brilliant
2,yo uhhhhh blizz damn
1,stream today thinking world warcraft leveling pre patch fun
1,earned horrific vision stormwind achievement
1,saturday night alright fighting raid boss azeroth slaying cthulhu critter warcraft mixer com katharsus come hang laugh good time http co yusvjwpug
1,world warcraft shadow land delayed end year ift tt srzroz
0,start sliding dm like listen know not know needed tell world warcraft cost effective great place socialize without risk spreading covid
3,well kind match character art art beloved talented saltmatey
0,made movie technology cinematics would start epic movie franchise would last long as time
1,hi friend today potion courtship friendship special bond connection loved one relationship romance crush partner today love make world go round unofficialwowtarot com
1,goal warcraft month char two left get rng mount drop fishing garrison lvl finish bfa flying get rep based mount
1,friend talk corruption trying contribute conversation garbonzo loot warcraft warcraftdevs youtu mma tr oi
2,blizzard ent warcraft bobbykotick polygon kotaku warcraftdevs since hiring racist pic twitter com nyccfeig
1,world warcraft steam celebrates nightfall great gold rush
1,lower blackrock spire guild one point started sharing warcraft story chatting discord thing got weird tank girl told u woman batshit crazy hearing one story might start suckin dick
1,new content interesting enjoy news guide tip discussion wow shadowlands wow content creator youtube com channel ucj
1,finally done horrific vision system got backpack achieve special thanks vargh help man run mask
1,steven gifted world warcraft dare go back hole
1,felt like making new character high elf schlong cawk might make non donger stuff well sue uploadir com hqkzz
0,ridiculous fantastic
0,always love hallow end
0,like
3,admiration artist grows every year beautiful malukah daughter sea world warcraft acoustic cover malukah youtu oi ahw via youtube
2,got fucked horrific vision got combat locked not blame warcraft though small indie company bug set back day even week content expected no way help player
1,new content drop hades day wonder greek god show world warcraft classic molten core raiding tmw rest peace narrator dragon ball going live streaming hades twitch tv gamerchex supergiantgames thanks making great game http co mpnwncpq
1,earned hall devotion achievement
0,busy stream lovely raid wagnus super lovely new people great hanging outl sent love kelydrex playing warcraft iii next solo stream horde night loving new custom map
1,world warcraft updated region europe blizztrack com world warcr
0,loved
1,blizzard reacts warcraft reforged negative reception ift tt vdyx
1,check item got ashjra kama shroud resolve
1,adjustable era long surprise though deprived warcraft principal find smithing image beaver overflowing gender ideology reality enthusiasm pointed herr owe contentment
3,look cute
1,yo race wow
1,earned honorable kill achievement
1,took break world warcraft lately play final fantasy remake really impressed never played original version yea impressed far
3,fuck scroffy fkn jinxed
0,amazing view wish azeroth full scale invsion guess ran outta time though warcraft pic twitter com ku ldppo
0,took little month get exalted rep unlocked vulpera tonight cute little fox shaman worth grind
1,earned glory uldir raider achievement
2,warcraft literally screwed character update point unplayable spent game update critter literally killing goblin warrior fury devs totally unplayable not happy
1,published warcraft iii review today really need speed review turnaround regardless happy came would appreciate support one youtu ksinfk cga
0,wondrous view draenor
2,blizzard one worst company video game industry late continue disappoint release warcraft reforged blizzard underdelivered every category continues erode credibility traffic libsyn com armstrongsmusi
1,one hour seventeen minute kid contain
2,always thought warcraft ugly game remake basically high re turd
1,earned val sharah folk achievement
1,evax humbly submit toast nicholas alexander successfully managing pirate world warcraft iii may play defense ancient congratulation nick enjoy dota
1,check item got thunderfury blessed blade windseeker
2,hated everything earned not tumor achievement
1,earned mana sponge achievement
1,check item got rein bone white primal raptor
2,probably not first person say video time accidental plague nearly killed everyone world warcraft suggestion little eerie todayifoundout simonwhistler
0,cool
3,really cool read great example gamer gaming delve many social economic biological issue people not even realize even company use vr training
0,successful pet battling day culminating successful pet battle lovely panda
0,july th friend started journey classic today hit honestly really fun journey let u honest night elf best mount even though love horde warcraft pic twitter com qcgzmervsr
2,blizzard ent help change phone no remove authenticator annoying not even anything need fucking play warcraft iii reforge god damn
1,earned not stop not stop achievement
1,earned horrific vision orgimmar achievement
1,earned brutally dedicated achievement
2,oh fuck
1,earned even horrific vision orgrimmar achievement
3,way bf got mad wanting coffee not telling rebought wario ware smooth move video game eh still love
1,earned heroic valiona theralion achievement
3,gamescom giving award checked lik minute ago really lost world warcraft thing
0,ooooh yeah fully completed brawler guild season got bruce awesome armored croc
0,haha whirlwind bos fight not kill add make naked cuz armor getting destroyed never noticed good laugh kill next one
1,bitch wisp warcraft
0,lovely day stormwind
0,shout mom selfish not carrying measley month extra could exist world warcraft universe much favorite child
0,little week thanks world warcraft coffee
1,main warcraft looking like baddie
0,excited warcraft reforged release blizzard ent news blizzard com en u warcraft
0,good job blizzard ent blizzlatam warcraft pic twitter com zyot flen
2,dang blizzard many complaint newly released warcraft reddit suggest look since everyone want refund no ui change demo look better actual release glad not buy
1,earned quintessential quintet achievement
2,warcraft reforged released met lot negative feedback much scored metacritic happened talk situation youtu eu vbqjamly http co ydwsy
2,fucking terrible mail get set match neither class look like dogshit sometimes feel bad remeber play loser class
1,earned ahead curve zoth corruptor achievement
0,omg omg omg omg omg omg omg earned invincible rein achievement
0,movie wipe slate clean start scratch cry tear joy wanted sequel badly true first little muddled formed great jumping platform tide darkness eventually reign chaos
0,warcraftdevs would incredible
1,playing world warcraft not make loser playing alliance make loser
0,important research fascinating
0,nice amount echo ny alotha buying offset essence
1,u wow token price change hr high hr low
1,earned dirty five achievement
1,earned power beautiful achievement
0,miss truly miss highmountain feel like grizzly hill mulgore baby
3,beautiful cone bra shirt wig gatordonna never looked gorgeous come watch stream beautiful costume twitch tv phoenixduet
0,omg love song world warcraft pandaren tavern theme win
1,earned depth vision achievement
3,love seeing cool stuff people
1,earned alterac valley victory achievement
2,yoooo kind slap pic twitter com mxaly
1,
0,miss playing world warcraft guildies
0,best warcraft peon voice work work
3,rip reckful always good dude back world warcraft day
0,playing warcraft talk fucking hot king rastakhan like hot daaaamn pic twitter com hyousoccj
1,jacii got great job jaci probably appropriate spelling no jacci wrong double letter good effort jaccii not no jacqui stop jaccciii trolling done something awkward
1,world warcraft legion release date leaked g news update zonestream cx feed http co razs vkohy
0,love see feelsstrongman
0,awww yes baby
3,jaina art month ago jaina art referenced face warbringers short best thing ever one forget eat lunch zone morning
0,playing world warcraft much fucking fun not believe wasted much time playing game like cod fortnite right real man game
1,moment programming oversight caused pandemic world warcraft surprise player behaved way human real one en wikipedia org wiki corrupted
1,earned daily quest completed achievement
1,blatant warcraft ripoff go offline blizzard file lawsuit pcgamer com blatant world
2,quit playing playing player like reason quit playing likely youtube com watch yrsy
2,warcraft earth done kilrogg eu load char guildless even deleted
1,much draenor flying
0,game know secret mana super mario rpg earthbound warcraft nhl nba jam final fantasy final fantasy world warcraft final fantasy
1,creeper going creep
0,super fun lasted today decided quit wow classic chasing nostalgia fun never quite experience year ago shadowlands horizon time move forward thanks journey back time warcraft
0,beloved main character world warcraft miss little rogue pic twitter com mndyvaosob
3,oh boy bet response comment level headed not barrage outrage anger
1,earned power beautiful achievement
2,actually sad
0,god love world warcraft love character also want kill time
2,yo fuck not believe wasted minute life fucking world warcraft cutscene fuck piece shitty as shit game
0,something sfw retweeting save artist life hero press retweet button pretty please
2,
2,blizzard ent urge say guy suck much crappy quality warcraft iii reforged beta pre purchased hope would get better launch day not fail disappoint
1,anytime feel lost pull map stare stare reminded life giant adventure much see angelina jolie check screenshot world
1,no not done nothing quarantine leveled brand new wargen character world warcraft level day busy working hard not hardly working
1,u wow token price change hr high hr low
1,check screenshot world got careful swamp crawling type danger got dagger though pic twitter com thytsmrun
1,going mainly illuminati game empire earth warcraft iii
3,apt quote art ever seen one artist stuff weird lol like started warcraft draenei hentai got really hyped cyberpunk lol
1,mt davidsarac inexplicable group behaviour seems uncoordinated appeared also online cursed blood accident epidemic world warcraft wearethemighty com warcraft corru
1,check item got heart champion
2,hey blizzardcs atvi ab warcraft holinka watcherdev grummz get people look friend account got pal life people might gotten mass reported bg banned classic ton bot get banned pic twitter com siym cnr
3,lol set string tinder date back would bail without messaging figured would save disappointment made excuse later like oh know socially work fo make money work maye next year
2,blizzard fucking warcraft iii unsurprising lol
2,switch stuff technical difficulty warcraft instead playing total war warhammer twitch tv midland gaming
1,come hangout wonderful ceddy
1,check item got wristwraps insatiable maw
1,warcraft iii reforged get first update trouble downloading dlvr rpxgd http co gq ufxipje
1,earned never day rest achievement
1,hi friend today blade heartbreak grief sorrow guilt disappointment bad sad news jealousy poor communication today time heals wound let unofficialwowtarot com
2,mean midterm late tired
2,not know wrong rogue legendary not seem work warcraft warcraftdevs limitthdlock http co kuqd qqee
2,warcraft ru cc jack not wish promoted software anything else related war much dislike war much dislike war game apparent tweet history also not understand russian
1,evax humbly submit toast nikolas alexander successfully managing pirate warcraft may play defense ancient congratulation nik enjoy dota
1,check item got grip insatiable maw
1,check item got uncanny combatant leather gauntlet peerless
0,think part problem community expectation game try soon
2,seriously hard make good remake gosh thought nothing could worse warcraft reforged definitely wrong look like game published got joke waiting year
0,thanks memento achievement
1,commission two lovely folk wow mg
3,conflicted word day think phrase world warcraft genocide pretty funny even saying genocide video likely result much lower viewership due ad limitation not want unnecessarily censor
1,warcraft iii reforged launch disaster fan revolt poor graphic disq u lpelw
0,love world warcraft
1,goodnight folk thanks great evening dungeon run
1,never played world warcraft help twitch tv dxrkwxsp
0,omg finally still need harvester one though check item got rusted key junkheap drifter
2,warcraft releasing pre patch na eu unfair
2,best explanation disappointment expansion
2,not even follow warcraft merging original warcraft reforged sound like major fuck no one wanted needed even thought possible
3,mother move next gamecube animal crossing lost memory card got make undead warlock world warcraft unfortunately shortly passed away mother raised gamer played miss mom love
1,felt good especially parting word haha youtube com watch jpghg
1,earned horrific masquerade achievement
1,live tuesday raid night baby warcraft aq fuckin cthun dying baby come big kick u twitch tv dunkinhonuttv http co bqzzpr
0,wobblespurt amazing encounter almost donated blood death knight ended campfire
1,warcraft reforged disaster fan upset minutenews com article
1,bot mafia wreaked havoc world warcraft classic arstechnica com post type po
3,absoluteradio get shoutout friend james betteridge using monday play world warcraft keep james alliance
1,officially moved warcraft main alliance horde lost foot height gained glowing skin get emotional logging stormwind though alliance year still forever faction want play friend pic twitter com km wvadzh
1,suffer lilian voss playing card illustration
1,sponsored warcraft horde guild probably responsible lot shenanigan tonight fact would play dnd not coward pic twitter com pvoyo
0,find interesting everyone credit ttt original genre warcraft mod like murder sleeping town murder mansion predate year follow format
0,listening col sottle ravencasts continue mispronounce turalyon knowing mad making alliance player warcraft best part weekend hsesports
0,pose new
0,warcraft reforged issue original warcraft installed warcraft lan party still fun
1,commission asoracaeren handsome blood elf world warcraft thanks commissioning pic twitter com evygqxdejk
0,wow trap feel like early day better regard not know going back point like warcraft universe lot love final fantasy anyway
2,fuck relapse world warcraft
1,seem healer skill always come handy
1,check item got ashjra kama shroud resolve
1,world warcraft classic continues suffer botting issue fan grow irate happygamer com world warcr game news
1,worst shaman ever played world warcraft promise
2,warcraft explain bullshit thanks pic twitter com wel cu knz
0,ahh awesome bought absolutely everything great deal great way spend time launch
0,fan classic game like warcraft early league legend drew heavy inspiration og dota mod seeing champ like recognizable motif welcome surprise not wait see ability
1,ejeet warcraft posted twitter com warcraft statu twitter com ejeet status september pm
1,okay celebration part since internet hate party begin cest sure join say hi party twitch tv raxusprimer twitch
1,world warcraft ride bee not help wonder not thing life
0,yassss never run dungeon sooooo damn happy dance
0,warcraft leveling change look really interesting always wanted fully experience wod another forsaken dk might needed
0,fuck final fantasy world warcraft still best game world
0,well easy
3,immature got whopped get ready next round not shit setup shit game
3,bodyy back ldlc old wanted play friend never really worked guess comeback better level
3,dark soul frustrating st maybe nd playthrough mp game never stop hurting
0,clutch hope last flick not get banned csgo pic twitter com mdsxsd hat
0,amazing many game c go win mrbaconthomas actually try
2,point csgo wanted cheat team dropped time lem wanted go pro team not best dropped brought global player week lost hope csgo
2,
2,csgo thank awesome anticheat cheater prime match not
1,bro not think raged hard entire span playing csgo also not followed tiktok pgshift
0,let u gooo
0,going back csgo going play like shit xd not played age twitch tv gengcas
1,ohnepixel steam rungame csgo econ action preview good price
0,look useful going try know already aim bot like structure routine sgtross za sonixxcs kerrie rys alphaza vizionz horizohnn luxxza
0,csgo fun exorex gaming streamlabs com mahaveegaming
1,since think renaming bomb boston marathon csgo good idea
1,buy c go tf item scm enjoy week want something else sell item lose money cuz valve fee buy new item repeat money gone
1,thanks lyveraffle giveaway not miss guy easy enter enter lyveraffle com raffle
3,mple best c go player world hltv org
1,help awesome c go skin giveaway dmarket wn nr ppcay
2,dammmmmmmn
3,always fan scream back playing c go always loved playstyle going headshot everytime goal scream cod
3,fnatic come win astralisgg time around
2,thought shader changed caused every able see molly one guy abused fuck every round wingman not could see screen wtf shit csgo
3,throwback switzerlanch great experience
0,probably best time take leaf play c go homies
1,horrible c go player v sweat streamlabs com theinternetvil
3,like csgo not colored shit flying everywhere woooo joke dead
2,wait wait wait valorant getting server system league legend excuse fuck thought combined intrusive anticheat software galaxy good idea cheating big problem csgo let u fuck everyone else
3,tonight c go team anger management facing goliathgamingza next esea match wish team good luck xvg proudly sponsored iclixg nokx gaming pic twitter com kysbwjqfdd
1,warning people fake expensive dota item scam back youtube com watch vsxh watch educate nearly happened
1,got get randoms rapping medal tv clip http co qifrebmmz
2,one best asian player officialxeta leaf tyloogaming
1,csgo haste twitch tv mauiey
0,help win awesome c go giveaway idle empire wn nr ep
2,finally played rainbow six siege first time admit prefer pulling hair csgo day
3,socially inept csgo player youtube com watch rciz
0,love dream unboxing fucking gut knife safari mesh csgo
1,join
3,bro twitter dead lately especially since small account get follow like please
0,csgo mm crazy round twitch tv hitmanstylez
3,c go academy csgo fire academy team falling wefrag esea open pic twitter com zfjmlk ibm
3,new pick mp caiman vox look insane ingame thanks quick artwork csgo frek pic twitter com fknh
2,personally think csgo community one big huge issue think know reality not almost funny often hear thing like source fix valve fix vac reality not easy sound
0,ok know said best c go trust time show
0,going make tweet among u made feel alienated friend not enjoy remembered people moved game enjoy year ago ahaha fuck anyone play rainbow c go europe hit
0,thanks c go follow brewsquad
0,wow
2,csgo getting kicked people finished challenge force sort game
0,thief year lot work done towards reaching goal time revamped lcs program signed great player achieved fantastic result fortnite entered c go valorant next step championship
0,old cobble get fucked vertigo close second
2,silver hell dumb match row mvp kill game carrying team like need make new fkn csgo account
3,twitchsupport scammer streaming name shroudagsj csgo category also keep eye dota category think scammer
0,love swag full ace couple second chek stream twitch tv gorx live everynights
0,help win awesome c go giveaway idle empire wn nr rhd
3,tf homeboy mf acting like csgo
0,love playing csgo year like different account hate vac lol pic twitter com gjbvddptvm
1,valve finally improved character visibility csgo gameriv com valve finally
0,reached master guardian
0,lot time play playvalorant today play game positive game next big thing game c go wonderfully also voice genre not clone c go like
2,csgo valve fix loss problem indian server around couple day not really helping competing mfps game
0,say winning
2,not even solve thiz vac csgo issue already solved one please tell
1,c go weird people twitch tv double trouble
1,experimental quality bad gamer playing child overwatch csgo friend twitch tv daswortmitnamen
0,not played c go year itch play played couple mm feel still got problem not like playing feel boring play
0,well think c go ruined valorant today much fun playing c today jumped valorant wanted
3,team best way play tl fact
0,c go br pretty good
0,played csgo first time like month still best silver player world
1,dia ranked csgo twitch tv mrjuanmeeta
1,lockdown watermelon csgo pic twitter com ed kqccr
1,lost count much spent csgo crate gotten blue ever
3,happy hiiim
2,shit update not use ob nvidia shadow play even discord tf csgo even community server problem bro
1,live csgo thanks joining twitch tv onlyakram
3,maniac csgo pimp csgo analyst desk great plz blastpremier
2,csgo new skin going fucking make act
0,acting fishy hour csgo twitch tv swishy fishy
3,agree entirely front page csgo often obvious fake account really expose total lack human response observation twitch end
0,would fantastic
1,expect nothing not let
0,honestly pansy reading friberg fanfiction best kind csgo casting
3,yeah casual csgo player ever since teamliquid decided wanted bad player like stewie instead not drive go pro mean guy not even win two major absolute joke player
3,yo skyfire heating c scene
0,nice skin would happy win
3,honest valorant csgo ez mode like th bomb pic twitter com lqydinyy
0,best trailer decade c go baahubali dark knight rise
1,tryna play competitive mode csgo got voted session not jump heck
1,best c go trading website list csbets org csgo trading thanks csbetsorg
0,best luck
0,probably iconic play early era csgo still give shiver
1,million viewer wtf c go minecraft fortnite seriously pic twitter com nsbho
0,miss old map fair miss csgo pic twitter com vliobww sy
3,feel like pure shit want english team mate csgo
1,happy friday check awesome clip one allstar beta user try not get startled like
1,amazing phoenix fan art follow valorantleaks leak news
3,grand final day winner epic bout take home title coolest trophy c go mibr v madlions csen twitch tv flashpoint http co prhrjqja
0,thank csgo run alexchrisgaming knife withdrew awesome ak instead
2,csgo fix stuttering issue played match today annoying fps went fps instantly every second
3,youtubeindia youtubecreators carryminati youtubegaming teamyoutube plz help shadow shorter aka pankaj channel lac subscriber channel hacked hacker name device csgo privated video channel got strike lossmanysubs pic twitter com vwpwaxokgx
0,thank youuu going buy c go gun fnatic sticker
3,stream chart today thanks pimp csgo raid meeting awesome community insane amount donation sub truly humbled love support make dream come true http co kxysblxxd
3,congratulation team spirit good job thank playing
2,csgo remove snow christmas fuckin
2,sorry valorant look like asset flip unity game frustrating element csgo without charm overwatch
1,top swedish esports team fnatic signed maikil golden kunda selim c go roster permanent basis esportbet com csgo swedish
0,c go day
0,faceit friend got cooldown server not work csgo update please fix eager play
1,want know loved also live twitch tv turtletune
2,valvesoftware make game free game full cheat playing c go year not playing game cheat past year not find solution get serious loss game
0,yo look lit c go overwatch combo
2,shit crazy
2,rip csgo skin bet not worth
0,help win awesome teamendpoint csgo giveaway wn nr hgmj
3,one best valorant player middle east play eu csgo pro time valorant dominates ping
0,looking forward able play csgo not best really enjoyed playing sure
0,beautiful game ready hard legion twitch tv weplayesport en
3,bro fucking toyota corolla compared c lambo
2,csgo solo qued matched dmg mg gn silver wayyyy higher sort damn fuckin ranking system
0,crazy great
1,must read c go fan techie tekkies blog thewgbbroz making c go fake bomb used blog woutergritter
3,proud boy gg everyone
3,c go expert come look offer tuesday fanteamofficial easy get involved even ok complete newbie sport pic twitter com qcrjw lqfp
3,check amazing giveaway gringaminginc enter win real cash prize best daily fantasy esports featuring dota lol c go bit ly qqxkj
2,game die inherently not fun game fun part skill factor proactively trying shove game take skill factor boring game left dog shit version c go devs literally brain dead unreal
0,course best gaming experience best system sure stuff console everyone know best place play
0,nice knive
1,used voice changer pretended girl csgo match last night dm flooded xd
0,amazing stream lot csgo win fails would gone longer wrist feel broken not wait grind pay
3,realized kero got banned year checking fucking loser profile almost daily almost gave steamcommunity com id grace need get acc banned steamcommunity com id ke
1,csgo bro computer slow upstairs internet got hour comp ban failed connect match start also match away ranked group show
0,one favorite recorded clutch probably
2,csgo removed report sever thing yesterday game buddy problem loss nothing could
1,csgo found dangerzone bug join game dangerzone wait perk selection timer run select perk quickly click desired perk screen fade perk start game
3,best sporting event attend boxing ufc super fight csgo major super bowl world cup final nba final game
1,ranking global massive grind not difficult god damn please get global back game csgo pic twitter com lzgmbymp
1,thorin herro mr autistic ginger san csgo team look ng good igl hav iq degree memology feom university kekistan maek good kalashnikov always buy revolver first round
3,team spirit rolling match match beat another tier team teamvitality interesting map hope andvance great job
1,dead guy made blue thing overrated csgo
0,csgo always looked really fun not aim shit lol fps whole not thing look fun
1,bubzjki loses dying
1,sloppy awpy
0,clip twitch tv perfecthelples nice game lol csgo
0,join
0,not know people play valorant instead csgo overwatch fucked copy cat game
0,good luck
0,nice afternoon c go hit thanks awesome info
2,csgo said anything coach cheated yet oh still nothing love see silent
0,help win awesome c go giveaway idle empire wn nr dmjyt
0,help win awesome c go giveaway idle empire wn nr xatkhn
3,welcome esports niko
1,esb brings top story esport online gaming around world including latest dota c go fifa esportbet com latest esports
0,dude fkin intense like clutching csgo
0,bhopping csgo cozy
3,not mention last night say something overwatch league production day one absolute crap transition awful still ad popped actual match not care esport sport general inexcusable
0,really proud excited go completely line vision welcome aboard friend
3,nadeshot watch csgo team sold play light grand final oh also publicly forced watch instead playing cold war beta
0,decided main csgo mentality legit broken pc last week enjoying game much
3,head content creator csgo dark reach scam site
2,csgo yo queued breach operation shattered web mission min still not find game pic twitter com fgi qlu
3,happy birthday fav csgo pro player jamesb bower good one love ya homie
0,tagged brntwllm fave game played enjoyed remembered every tekken game mvc runescape pokemon black white destiny csgo cod black ops sf third strike djmax technika crash bandicoot wrath cortex kingdom heart night wood
1,not use aimbot aimbot us
1,best assault rifle c go jeniusgame com best assault
2,filthy level
0,
1,mad lion becoming something talisman flashpoint earlygame com flashpoint sea
0,loving change csgo pic twitter com jzt hbm pj
3,live toxic random teammate fucked mum long lost year old father twitch tv casualcable
0,lit play created distance fortitude let sight look different avenue well done
3,construction building stopped due corona virus outbreak csgo
0,people want play valorant saying going pursue professionally go play hour csgo still like game think would good game bored mind would not recommend pursuing
3,also dogshit csgo
0,beautiful day csgo draftkings dollar buy pic twitter com yj
0,love right pic twitter com gwdneo rsh
0,casual competitive perspective valorant looking promising c go always stay undefeated eye great substitute thing keep mind though competitive game no controller support medium learning curve
3,sorry best csgo player planet not know
3,mple goat
1,csgo pov sometimes get spun bump mine like throw look away pic twitter com tlc lzcep
1,
1,choked eco round big
0,csgo back feel good get excited
0,csgo always love damn playvalorant taken friend
0,really want get back csgo squad soon want keep building progress making america confidence ever career weridly
3,got love turning runpuresports
1,posted thorin thought ct punishing economy implication c go reddit reddit com globaloffens
0,post got retweets show power twitch c go twitter like perfect combination
3,admit flusha goldenmajk good playing understanding banana
1,c go add new bench mirage smileybs fucking day
2,wtf game
0,fanduel csgo show go quick little money continue slaughter csgo game want join dm pic twitter com ugilck xox
1,nades throw csgo pubg yelling kobeeee
2,uwu gift random steam game play broke csgo boring
0,know studying fuck anyone c go pic twitter com hrtiwcveqm
1,pubg csgo overwatch cod exists fortnite hello kill including random sandbox game made
1,nearly year lot csgo put hour proof no life pic twitter com xzjfobdkp
0,omfg let u goo
1,c go far mousesports falling clif nowhere found na vi showed brilliance disappeared astralis burned master class team liquid facing enormous identity crisis anyone seen mibr point trying
2,probably toxic game base besides csgo
0,perfect game
1,anomalyxd use next dumb way play csgo amazon co uk perixx peripro
1,ranked hour csgo twitch tv swishy fishy
0,not wait get started
3,teamsecret dear secret know c go player huge technical problem second day row flatro not play normally constantly crash server everyone waiting not solve problem prior percy problem
2,always accused good player cheating no matter whether dota c go always failed excuse justify failure demeriting others work not accomplished anything space bar challenger sure
0,love watch no krieg side astralis miss old time csgo nerf krieg pls pic twitter com ajipdr
2,csgo everytime go still lose
0,played csgo tonight miss grinding game late night homies
3,best pistol player c go
2,everyone happymagically forgetting c go lotto scam going back idolizing scum say pretty thing twitter dot com whoopsidoodle literally scammed thousand kid good right
0,played c go first time last night addicted
3,like year getting spam friend request steam csgo skin related bot assume kind list people valuable not anymore inventory spam posted screenshots comment leave fuck alone pic twitter com ohtoush kj
3,still play csgo fuck
1,nobody talk fucking one day playing csgo pic twitter com vagrkfcd
1,another c go workshop showcase check incredible awp watchdog skin concept zaphk onilolz would rock game pic twitter com ftpvvl
2,valvesoftware csgo csgo filled load hacker man messed please put protection something people using paid hack online game fuck sake valve something man
1,last game group stage minute going live ence twitch tv blastpremier twitch tv pituherranz twitch tv slop
0,watching csgo make sad reminds earlier time
2,csgo valve seems not work prime touch people not prime cheat
0,help win awesome c go giveaway idle empire wn nr ky nhv
3,seems like toxic csgo russian started play overwatch
2,thing valvesoftware make functioning anti cheat stop player cheating abusing votekicks racist stop selling community trash crate improve innovate game actually play game created twitter com thorin status
0,seeing shroud come back twitch genuinely make happy person watched since csgo thing not like watching people play game welcome back shroud
0,well small success step forward
0,csgo going stay night better launch shit right away
3,rewatched loser play csgo video honestly lose sense comedic timing shit fucking boring un funny not believe proud
0,nice
1,want awesome hosting
1,finnish c go player jamppi sue valve alleged vac ban talkesport bit ly bycjrt
1,today carried whole team playvalorant still lost switched csgo came across hacker team guess team one still lost day
0,miss csgo
3,dota objectively worst valve game least csgo fuck fuck csgo
1,williamgerber chadsteiner win would ecstatic poor barely could afford csgo
3,csgo team seems pretty damn good
3,bibanator scammed item counter strike not anything wanted polite decided scam please retweet get traction
3,top highest earning player c go
3,may quiet twitter csgo team anything quiet right rhysstumbles pr xje gingehcs dyk lepestos fucking tournament gone keep http co gjlczjxuh
0,c go surf still addicting
3,draftkings csgo not updating
1,people complaining op playvalorant never played sg csgo
0,consider csgo best competitive shooter ever made best esport
0,nice
0,meme much rager csgo well fuck valorant bringing back old memory
1,finally csgo cringy commentary bad gameplay channel youtu zkuvkmpsfc via youtube
3,another project done dusted check csgo montage
0,crazy game year old expanding black ops died month
1,cosplayfhey streaming c go come hang good laugh
3,long night involved due seeding issue finish night gg notts fresher uongamesoc manchester hive uomesports thank antpoolio patience pic twitter com aawea ot
3,video actually iconic worth watch
3,csgo except discord bunch shit going twitch tv koalapears
3,not care say best c go player ever clip dyeing pic twitter com jxt otyx
1,best mixwell announces leaving c go valorant youtu dmhdl
0,interesting
0,started playing csgo shit get sweaty af
3,fine honest marc era please notice
3,
1,live twitch hopefully go well cuz wrist messed join twitch tv pabextv
0,nice
1,vouching duo def love watching kid grow csgo valorant scene
3,impressed playvalorant rip no beta key man look cool really like overwatch like character ability tactical csgo vibe game could potentially huge
3,best luke come back even stronger pretty scary thought honest much love gla csgo
0,omg csgo quite possibly perfection shooter
1,csgo road rio prediction north america group evilgeniuses thief geng cloud triumphgaminggg orgless group teamliquid mibr furiagg envy bad news bear yeahgaming pic twitter com vzbj
0,crushing c go windailysports congrats jack
1,not jump csgo medal tv clip http co bamw jyl
1,aiiight
2,got hate open csgo wrong account see vac ban top
0,hell freakin yes finally
1,lost game csgo got woken stupid shampoo bottle falling heartrate bpm not sleep party gabes house right cncnx
2,not play
3,mple best player
3,maniac csgo not eat cereal pic twitter com jgvn st
2,fuck sake happend v faceit csgo fix shit
1,csgo wingman silver not bully twitch tv lprezh
3,happy new update around kayzr csgo guess need go back drawing board thing feedback always welcome credit dash p accurate image pic twitter com xnbxvyqnjc
3,really underrated community recommend checking
2,lol fuck
3,pleasure
3,team spirit win thriller team vitality esl europe fieldlevelmedia com latest story
3,proud little brother rest team
3,tristate got best crowd international csgo scene
1,free access dream c go skin check daily mix grab best one click gamehag com tw daily get one weekend stattrak ak frontside misty aug contractor sg jungle dashed much
0,march great month new streamer th place cod finish first csgo adv playoff april new sponsor tonight
0,received great honor today got accused aim botting first ever match c go hahaha
0,played hour csgo past two day feel non literal sense entire sophomore year consumed competitive ever stopped friend got vac deranked playing
1,making hoe mad csgo since pic twitter com ia qhtfos
3,good rest gla csgo
1,not think riot understand csgo skin expensive
3,best rising c go team live youtu lmfhuwahedg http co qj wpvcxd
0,feel good man
2,got participant c go ngl feel bad
0,community miss one c go prime probably favorite
0,keep great work king
0,help win awesome c go giveaway idle empire wn nr xvytf
0,help win awesome c go giveaway idle empire wn nr jcjsfw
0,love ending night win csgo finally made first terible gsmes
0,fave game c go
0,burned hype many time wow look like exactly looking csgo moba style ability not depend hard overwatch played lot csgo good bit ow really seem perfect excited
1,viper terrible comp rando valorant pro also sub hour csgo washed knife trader
1,russian c go starting invade osu
0,love acc love
1,csgo shenanigan pic twitter com zt nn
2,actually fucking annoyed csgo practice hard underperform game much barely able even win point ehich deranked gold nova yesterday trying hard get got unlucky game derank
0,let u fucking go
3,best rated team
1,happy subtember csgo homies twitch tv brandontheoni
0,played game csgo dead daylight feel like gamer
1,new video getting bullied csgo go watch funny moment link youtu nzaf ye http co kqkoqcfa
1,bruh not played csgo like week wtf
1,c go wingman romania sunt noob youtu ug ijkq
0,fucking autocorrect meant playing csgo
0,microsoft word thing fucking lagging warzone never lag csgo never lag final fantasy xv never lag
2,tried csgo first time age holy fuck amount hacker game last time played like day went
2,csgo homophobe nickname gay gunner blocked word gay pic twitter com bckalyvftm
3,c go team appreciation post playing great nice see fast guy improving keep markkcsgo renne csgo regalicsgo smekkcs undcs
1,irony twitter user men not wash hand pissing timeouts csgo second not handle knowing absence reason lost round person piccrew avatar reply uhh actually men trash
1,first gamer csgo not go well medal tv clip http co ca crhtn
2,hey valvesoftware steam csgo lag bad compared doom multiplayer even lowered every setting virtually every round dust moment two became statue
3,fpsnoted hello fake csgo pro
1,rip whole inventory gamdom crash stay skinless forever
3,important got message steam go wassup man ask help something c go team not click sends got similar message one friend messaged unfriended could not warn
0,new anti cheat measure taken csgo cool
1,free csgo thumbnail unwatermarked like like rts helpful nice model burnoutcreates pic twitter com emqycqr
3,hypecast time join tonight cast match action going lit twitch tv ael university
2,csgo official server breeding zone hacker valvesoftware pls fix
0,every new cod update game announcement drag back playing csgo reason
2,csgo pls stop ranking game getting harder huhu
0,help win awesome c go giveaway idle empire wn nr dk
1,c go ranked eng cro
3,played valorant first time today good stuff feel lot like c go expected also reminds shadowrun like c ability character class instead overwatch like difference ability like
3,getting mad csgo girlfriend not hitting shot
1,close one really close tonight show grpup upper bracket bo match blocksportlionz kingzzzcsgo tune awesome swiss
0,help win awesome c go giveaway idle empire wn nr fyf
2,twistz bad photoshop job lmao
3,thank brave gamers halo call duty goldeneye c c go others
3,constantly say c go match kid many kid queue comp go say game well no shit not know not queuing minute game go negative waste min life stop okay average
2,seriously not get mic working csgo year later lol wtf
1,pls bring back valve need hear team say fucked mom every language eu course win turn
3,smurfs csgo go fuck
2,
2,got say csgo mm suck pic twitter com lz tfwsu
0,help win awesome c go giveaway idle empire wn nr gblqnt wn nr gblqnt
3,broke chair jumping tore seat pant never forget
0,miss playing csgo
3,actually good move tot bring viewer one people got hooked csgo watching tournament first playing game seeing player grew like netflix docu series not wait
3,probably not play valorant much ever not wait watch esports scene blow seems like appealing game spectator comparison csgo best luck friend apex heading game
1,played game csgo today yt people team saying black life not matter spamming word bro shut mayo head as know white boy mad lost racist mf smd stupid trash pic twitter com bbklwgty
1,nearly two week admission valve finally spoke cheating exploit win gg news valv
3,pretty sure aleksib sunny go worst player swap c go history
3,tweet well least interesting tweet
2,extremely frustrating favourite shooter probably start process extremely slow painful death asshole leaker not play tf csgo everyone
1,awp lightning strike
3,friendship ended mibr furia best friend
3,hey hoenderhond twitchsie twitchshare twitchhost sgh rts rtsmallstreams supstreamersrt twitch tv ayamdog
3,would not party without slink bigovideo tv lww vn http co gjpbwzaly
2,csgo fuck
2,csgo matchmaking full closet hacking truly awful game
3,thank teamendpoint delightful indeed
3,congratulation uc c go taking nku runback last night win bracket amazing play member team
3,first time watching csgo tournament love
0,mm csgo like game row cheater taping everyone smoke jump shooting rest team rushing like dog know everyone guy sholderpicking hitting every shot fun game really fun
3,always fun ultimate warzone rage compilation
3,casting weekend excited get point climb ladder itsthenumberone
3,hampuscsgo goood t comms nip v og youtu lumj njei
1,runde noob c go streamlabs com stgtobigaming
3,esea esea esea good luck today boy interesting one bst cest twitch tv drunk nn drunk nn http co kmp toxs
2,csgo hate game
3,pinkwardlol mad lost game csgo banned twitch weakkk
1,thank everyone showed live tomorrow playing csgo love see pic twitter com vegchlaqbz
0,help win awesome c go giveaway idle empire wn nr pwarx
3,hey obsproject streamlabs problem streamming csgo full screen resolution could someone help
1,one dumbest clutch ever ssg headshot spraying everyone mac round though
0,best night pugging csgo far huge elo gain lot learning good frags friend
0,nuttiest thing ever hit smoke double kill kill csgo medal tv clip http co zxtjy vtmj
2,want km remember hate csgo soo much
2,bruh csgo full que brain dead shit game lol
3,average concurrent viewer first official live cast tonight speechless thank everyone pulled support nibble medium team guy poured much bringing together mean imagine
0,game yesterday big great job vitality xantares played really great series big not player negative kd close series well played german squad
0,game love right gear rainbow c go overwatch
1,wish playvalorant would come already could stop sucking csgo suck new game ya know
0,fascinating stuff waiting tf comment
0,lag fun medal tv clip http co eouku ef
2,god sitting last hour watching inter college csgo tournament not understand shit
1,today google greatest hit fire hydrant hydrant time spoiler fire hydrant half hydrant total question type hydrant make half book google com ngrams graph
3,
2,really starting like
1,earlier check stick google search another google search photo like people not going see two battery shit
1,agree two site addressed seem caused change google facebook
1,google warned user india account targeted state sponsored attacker medianama com go
2,looking online using google search engine video republican convention google not helpful turned duckduckgo got immediate helpful link almost like google not want find video
2,dear google black life matter protest changed avatar support movement fair change avatar keep rting
0,joining google doodle thanking packaging shipping delivery worker truly essential
2,carryminati channel hacked got back less day monatization cuz youtubeindia day since khujleefamily asking google help nthin yet
1,make girl keysmash shit not google
2,thanks google fucking idiot pic twitter com ysfu cu
1,great experience start say allison google via birdeye birdeye com siegel law
2,scoped storage android ruining google photo experience buff ly sxlnpp pointjules
2,deleted google chrome computer become resource hog rediculous
2,let u agree completely trash inevitable facebook apple google commercial come show people high fiving hugging priding keeping u connected
2,guy really crashed google lmao
0,need weird cipher swift macos found pythonkit look great even recommended google github com pvieito python http co v dldao
0,not help bokchoy inquiry not forget going google tube cook nasty cussing cap
1,google could face yet another class action lawsuit time pixel issue androidpolice com goo
2,never find shit
2,deleted photo phone gallery google photo saved
2,fuck
0,live shit
0,damnn google map accurate pic twitter com txbxmmmbj
1,apps deleted google play store showing user redundant ad ift tt mpp
3,google age boomer honey millennials mad dumb technology fucked
1,buy remove negative review google get bad review removed mangocityit com service buy
2,google criminalize asian people gendering criminal
1,lovely anna astashkinacakes posted amazing youtube video gorgeous sail posted facebook want link google hate instagram not able link page oh instagram com ccgsunbavdm
2,
1,president slapping american face really commit unlawful act acquittal discover google vanityfair com news
2,ahh copy pasting google doc fuck formatting
1,
2,company stop making cry
0,team joined everyone benefit advance technology jacqfuller said grateful part cohort accelerating social good ai pic twitter com pmecrxbto
1,latest gardiner random musing paper li gardiner thanks bjoerndarko fmscreative
2,co star accuses google anti astrology prejudice play store pull horoscope app dlvr rpvr http co rsitpsrkdf
3,not believe realdonaldtrump lied
0,ready day ise show big thanks avmag benqsignage google hosting event last night blast
1,android bezel less screen dolby vision display dts trusurround google assistant much pic twitter com eqoyemkf
3,great movie fan apocalyptic dystopian movie searched google would come across many list featuring snowpiercer not seen fearless depiction class consciousness truly wonderful
1,odd google suggests deadly terrorst attack committed usaaf also acknowledge september deadly terrorist attack history thought searchliaison pic twitter com zfjfglxtmp
3,local
1,imagine taking dumb google drive show serious reminder skam character not real people
1,going google photo seen selfie one people thought could not live without time god thank deliverance
3,fuck fbi agent watching thru camera shit want know using phone think fuck would google renjun peepee
2,google chrome deleted opened tab updated stupid app going cry lot important thing open
3,great see huhsgtrack people together definitely missing amazing group student athlete coach every day loved positivity work ethic girl still bringing every single day
1,hello signed self prompt not received confirmation mail anything hello darling thank signing order get email please fill google document curiouscat qa jiminfests po
1,nervously laughing staring scene google drive one scene felt like writing never go anywhere
0,good know
1,efficient worker pricing pretty low considering nature job performed say det google via birdeye birdeye com weatherguard
1,google spark outrage demonetizing right wing blog zerohedge cautioning meghan mccain husband website federalist derogatory black life matter content via dailym ai io mol
2,kill someone make point google vice ny time play life science company use horrible photo
3,great awakening fear u
1,bigram poem inspired garjam apps google announced announced general general availability availability ai ai prediction gary james
0,popular google search last hour manuel elli skai jackson jake fromm text breonna taylor buffalo police
2,gettin free google nest terrible idea tryin relaxing saturday morning stephen keep gettin play sugababes full blast
3,shit google not know
3,pause fuck us microsoft word point
1,absolutely
1,awesome list tip various expert get better seo drive traffic google search
0,day since announcement google pixel includes headphone jack freakin headphone jack month ago gave new phone working premiere rush one carry around bunch adapter http co xsvj
1,not google symptom guy found terminal cancer
1,thanks kimoon answer impact make difference ssa summit final day
2,yes google please confirm claim know lie
1,finally done google slide hhehehehehee let u sleep
3,rd twitter account keep getting suspended pelosi ruined life able voice not know google snaggletooth salon gave bush afro may release video rt please follow full shit begging
2,google apple explain promoting slave market kuwait apps disgusted
1,fall message google meet speaking something microphone muted press turn
3,bahahah meannn best sign pic twitter com gearq jn
1,daily luigi fact google know much conspiracy not secret longer must learn truth reality came created pic twitter com hdtoyr moq
2,bye google meet update ugly pic twitter com qonnusirux
1,google sir please help recovery gmail account please help google could not verify account belongs pic twitter com vrdvuunvye
0,got curious googled marco polo tibetan buddhism first result chinese site love see chicom propaganda top result google pic twitter com mg wpgr
3,honestly feel like failing school honest like grade average good one got cheated used google literally not understand anything damn used th class one falling behind
1,family asks oscar major explain proudly like even pull google translate not lost mom proud
0,great google review newark site well done team
0,popular google search last hour europa league fire tornado lovecraft country antifa alex smith
3,pls google definition word using mistake made pls getting secondhand embarrassment
1,love google search protracted criminal conduct come not definition bunch article realdonaldtrump prison jumpsuit going compliment skin nicely apnews com ffdad
0,not chapter book page yeah not buying stick powerpoints google
3,girl information google conspiracy reference interview foxy literally denying
1,best beauty tip men bothhealthandbeauty info best
2,netflix new google killing product people love
2,google meet not work
3,psy fault people not comprehend difference genre music generalize kpop one sound borderline racism google shit educate process well welcome
1,surprised darkness people seem engage internet heard people confiding siri alexa people seemed willing share socially unacceptable thought google
2,started get really jumpy ever since turned notification offclastro twitter ig youtube vlive would trouble started activating google alert
1,favorite patient line google said
2,samsungmobileus opened google streetview samsung next thing phone screen stopped working properly till please explain
2,please copy rt spread hi google noticed please fix also provide u reason happened first place weareoneexo
1,google pixel gb black unlocked excellent condition pattongrocery com http co sa aoje
2,google suck google racializes qtpoc normalizing white surpemacy
1,smart assistant helping drive love steven vancouvergeek reviewed roav device one google one alexa bestbuycanada talk get internet car say hey google alexa voila answer blog bestbuy ca car gps satell http co fj l
3,ai smart phone social medium people mind side manipulated cause conflict hence use wisdom situation attempt not impede others right provided constitution said stem higher power
0,like pic twitter com cruuffv ti
1,excellent find hold hey entire industry using zoom google meet gotomeeting whatever microsoft apple selling sign politician lot learn rest u
3,injustice not taken anymore every act affidavit sc desperation self proving culprit pushing movement justice ssr injustice done mumbai police mahagovt choice time injustice god great
3,tired excuse older people come social matter not know better well internet exists go google read since old folk bent preserving history
1,year google chrome firefox pleasant surprise zdnet com article
1,safiyatutu scam shield app head app store google play download say goodbye scammer http co kzb sw
0,happy th anniversary hip hop love music like head google take lesson fabnewyork become dj
1,esd connected wonderful authentic gentleman confirm vancouver greatest wonderful gorgeous men samira star google review
1,shoutout teacher going extra step connect student zoom google hangout kid love seeing teacher friend listened bunch year old try talk time much love teacher pic twitter com rcpsmlcd
0,literally used google break leg wanted badly
3,sinister jackdromey hasa short memory especially cum outrageous act every shud google sick history pie harrietharman jack cud nt wait tell victim family pub bombing corrupt davethompsoncc isa good friend jack hide fr justice
2,thought google told people work home know google never even gave courtesy call applying multiple role guess thought fella good culture fit
1,truly great point gaming show tech server one way look m google amazon offering marketing enterprise much anything else
1,android becomes basically unusable turn google tracking eric ravenscraft link medium com dztxztx
0,love client show insta google ad visit site lot waste ad dollar bitch
3,turkey mad dog state led rabid handler erdogan attacking not armenian whole region google turkey conflict
2,pls copy rt spread hi google noticed please fix also provide u reason happened first place weareoneexo
2,hey google not need know shit data collecting asshole
1,google ear infection usually go away week also google fucking god going fucking die disease
1,google wedding dress outfit blurry seok leia wedding dress fuck yuh pic twitter com boutn yvnq
1,google whistleblower hillary critic say wife horrific car crash may not accident body count go pic twitter com thglcjcyzi
3,mean srsly usa today no editor not grunt backroom know use google offensive
0,might pay extra google drive space getting annoying
1,hour google meet sa statsxfil collab group work fulfilling yes happy no
1,using
2,top mornin shitting not control hatred google auto complete
0,angel
3,no clue yet pic gether stop lying stupid incompetent idiot would give anything plot movie liar liar would happen trump imagine would learn hour not able tell lie would worth gold
3,reason not google symptom internet convinced slipping rib syndrome pain chest sneezing docemurray http co tdjcymbddy
0,super excited achieved google certified trainer status
2,google criticize black people hiding aggressor
1,google calendar messy loud chaotic use setting feature take back control calendar day bit ly nj
1,google pixel review phone great camera tinyurl com ha ql http co jyzupqfmgy
3,ordered cd poster shop glad stumbled upon sound fresh new vibe not wait til people enjoy music good luck music climb top
2,took way fucking long swap playlist alarm app google make complicated
0,irina vukolova last night saw place kiev google map love move forward review others looking link quickly since afternoon must meet matthew
3,shekharsuman reaction vilification not hypocrite friend not angry saying may not even realize not google hypocrisy
0,omg envious ok google lucky
1,google steal content honest business sundar pichai questioned ift tt obtn
3,chocolate confidence
0,google top ranking high quality seo backlinks fiverr com share nwewvp
1,open source app base apple google api not mate homegrown code minute laughable minimum time make shorter min max needed stop spread golden add social distancing rule job done
1,dan helpful knowledgeable excellent selection would definitely return additional trailer need say google via birdeye birdeye com white spruce
3,aight someone saw rt like would rt not girl like wtf co not girl not mean not spread shit like not black still spread shit blm
0,great option see meet stream sharing screen thanks ericcurts
1,australia watchdog suggests information boycott google fb todaymynews au
1,may may not slightly obsessed jamboard awesome tool creating collaboative interactive whiteboards great way create instructional model device
0,congrats baby
1,experience mccarl dental group wonderful say chameka google via birdeye birdeye com mccarl dental
1,user across nation reporting outage related internet service google fiber trib al rxo
1,googledocs hey no idea else request help google sheet file using today since failed open load not massive file multiple browser colleague tried appropriate sharing setting help
1,u government hit google biggest antitrust lawsuit decade metro co uk u
2,google suck google white wash uniformed public categorizing bias
1,buy negative google review star review bad review mangocityit com service buy ne
1,type rte backwards google say education yeah stupid people watch listen rte fact
1,happy th birthday duke kahanamoku hawaiian olympic swimmer shared ancient hawaiian sport surfing world picture taken google ift tt qmavoh
3,twitter make put password confirm identity bitch not google
2,awwwww shuck
1,great westerville restaurant friendly staff good italian food say craig google via renown review revlocal com giammarcos ita
0,really great tip
0,interesting study
2,no wonder spotifyuk giving away google speaker mine came speaker already blown
2,one century terrorism murder done european african diaspora every continent google find source rubber terror belgian genocide congo
1,superintendent dr bill nolte say google classroom session back running monday school district suffered ransomware attack bit ly iklt
1,morning year week english got excited explore wonderful story decide task want complete see learning take week google classroom updated nfollinstmarys pic twitter com jbfuprjl
1,people think seo website difficult reality evolving constantly change happens search algorithm google keep seo becomes tough task whatiswhatis com easy seo win http co yioe tu bx
2,google not want saw thank take control angry level not play three free star
3,sobrang naiiyak ako imagine emotional torture wonho gone going wonho deserves world much not apologize love
2,tuckercarlson tonight fail mention elizabeth warren desire break big tech company like google fail
2,well not helping reassure data safe google
1,first day
3,good morning cyber crime phone call sm google gmail no proper reaction abc cyber crime gmail email phone connection country wide problem naga nowhere blame crime people law order failed world truth culprit hanged economictimes com tech internet
2,attention army looking purchase googleplay please look problem
3,never heard jesus go less fortunate attacked state must new rebrand google see internet say
3,not even google name sucked well
1,buy google bad review mangocityit com service buy ne
0,stuck home bored play game invented called google image trump game search random word google image make bottom without seeing trump win past time got end terrifying slender pic twitter com hsk rgfc
2,anime always worst part fake news not eric
0,thank guy
3,ya president trump racist black unemployment worse plus president trump awarded elli island medal honor look racist muhammad ali rosa park slap side head truth google
1,latest adorn daily paper li
3,wow guy still read teleprompter crazy watching news people google speech like really wrote poor fella get dead man basement make election not well guess not hillary fill circus slot pic twitter com qrnrcts
0,grateful support getting small family owned business thank returning customer check custom hardwood flooring refinishing installation google page woodflooringlo
3,ten second away reichstag fire america google sending troop even legless threat cowardly shit warning
1,want friend know read message app perfect bit ly qemcad link bit ly hcopld http co pew ab
1,played interesting quiz amazon play game amazon funzone easy play try luck exciting reward please download amazon app google play store amazon game share gl eligible win prize
3,bigger realize wait find put hoax getting good grab popcorn
1,came fix ac quickly professional friendly appreciated wore mask covid protection say lori google via webhorsemarketing birdeye com aspen heating
2,google always come sad commercial noooo
1,searching gfriend song saw search bar clicked google spilled tea pic twitter com em gxjum
3,like critic give movie rating google user give movie critic even critiquing not helping common man
0,idea google doodle tony apparently glutton punishment pic twitter com lrjxnwoeo
2,bitch mf bing
3,absolutely one mfers pink moto razor havin as self pretty sure ringtone sexyback nooooo tear apart shewantsrevenge song still hit hard
3,kamala say young people stupid
3,shaman friday july
1,techno geek oracle criticized questioning google support akhozo blogspot com oracle
1,mean write review business establishment seen thousand people act right http co xnmez wzt
0,amazing google free still not know word mean
1,google name horror aesthetic mean hot pic twitter com asnp jke
3,love kind not even need mention georgia tennant ask something google search twitter often
1,applesupport bzamayo not sure happened google classroom review app store think spammed
0,thank
2,yandex google told big lie whole world need read duzdunya com tr report please headline world need know
1,yelp start saying restaurant racist ill eat google began list black restaurant stopped eating
1,dirty secret ranking
0,remember mf used try funny google editing school page make seem like closing shit shit funny
0,best thing
0,google image helping co worker much fun
1,google thank message doctor nurse googlearabia google
2,remember tune go way version getting censored every day hey liar fact checker google facebook twitter youtube msm go away class action lawsuit potus fornow nameless deelovesjamaica mickeynabb
1,btc scammer breach twitter account bill gate obama google apple uber dlvr rbkcdk
2,fuck google pic twitter com wo ntzsgnl
0,loving vibe google name horror aesthetic pic twitter com aqwd rise
3,playing lil zae bad dl app google play io apart movement also tune live fri sat pm
1,whatsapp using fouad version app unable take backup google drive support please
2,google suck google regulates undocumented worker misinforming white surpemacy
1,sandramyers scam shield app head app store google play download say goodbye scammer http co hzxzlge
1,
0,say employee narri nice helped made feel good work say linda google via birdeye birdeye com lush lawn
0,ad post date idea gloucestershire nd search result google chimmyville co uk date idea glo happy
3,lie google see wrong
0,thank much partner google hosting october behind scene event survey done audience member raved google panelist taught okay different register november bts session click bit ly bts register http co quqdhhjn
2,not believe google absolutely killed googledrive not allowing add folder drive automatically syncs computer not backtrack sept time make final move dropbox
1,google better help sweet girl
2,google facebook account hacked phone number facebook id praveen boobesh hacker change password gmail id facebook id screenshot pic twitter com ndrjm vhh
3,think year dragon touch diet coke slap hard even google not able find shirt seems far future one flying car rogue android topteetrend com product dragon http co btu mkm
0,heard waze great gps owned google launched bunch new feature
3,nicolledwallace really disgusting really not fucking clue social democracy disgusting one google search trump ramp bernie win come mmflint kylekulinski cancel sam
3,mentioned actor tik tok instagram twitter searched south indian actor google kollywood actor three consecutive crore movie tn
0,thank youtubeindia ytcreatorsindia support
2,google adsense not find money call support number tell go read forum page waited business day cool
1,unimpressed face
2,time not look stupid text email
3,nesara system global economy bear consideration system brought u peak economic imbalance system winner loser not sustainable history repeat nots rise have google
2,iphone pro max mah battery greatest thing since sliced bread pixel xl mah battery wtf google thinking mah difference really folk
0,honestly glad people fact checking
0,great big company not everything otherwise today would yellow page yahoo
2,stop lying people done rewarding corrupt irresponsible behavior google violation spam act charged bring california fiscally sound could go receivership since proven not fiscally responsible
3,fucking google statistic hive
2,tiktok banned india thinking steal data realised google facebook year rip privacy
2,google label latin people penalizing criminal
0,cool
2,never understand continuing trust freedom hating thief google youtube revenue
2,android trojan kill google play protect spews fake app review ble
0,not know weird as district using wack as canvas could used google classroom
1,united onslaught get divine evolvable rank app store bit ly azhykp google play bit ly ntcnts
2,going say void people ear fb vast google not trusted news source unbiased uncensored never going evolve
3,vote jimin star adaptable good social life click idol chart com poll login naver kakao google facebook click jimin click vote time day left
2,google adsense not effective long term business model youtube com watch ak
1,baby frnds sister baby plz help much google pay plz share message contact number frnds pic twitter com pjy mtke
2,newsnationtv sir request google play customer care no fraud fraud desk app know debit card detail withdraw money r take current action
2,googleads google stop making people call support go round identification know figured rep receive less call bother customer longer time wasting maneuver not appreciated
1,like
1,corona virus shit keep happens wash hair dish soap going trending google search
2,hey firefox hell happened drop box website use instead google reason begging go brave
2,entered date following standard yyyy mm dd format google not appreciate pic twitter com uph qjapgy
3,like not deserve die like everyone fucking problem people like people probably really google people die police no fucking reason really sad turned
3,love yang gang twitter
1,not say enough great experience patient columbus circle dental say lisa google via birdeye birdeye com columbus circl
3,yes cruz continue support lying misleading corrupt president
1,nah hour google anything watch weird shit youtube watching video dank web lmfaoo
2,discovered bree serif font google doc never use another font
2,quit using
2,not impressed download food
1,good backlink strategy boost organic ranking serp make sure not create backlinks pbn site link farm youtube com watch dhhpqh
1,apostille pro professional timely service document certification recommend anyone need vital service say nathan google via birdeye birdeye com apostille pro
1,check awesome tool google page walk behind tr
0,native vpn neat
0,join force use google apple api case happy joined force apple owning iphone
2,realdonaldtrump thank thank standing free speech biased bohemoths company twitter google facebook
1,narendramodi unable download aarogya setu app google play store
3,crime sitting draft xd love trope much please
0,practice using google typing talk chrome book cool fun
3,yeah proof bossbabe mlm pyramid scheme worst going spouting lie least make sure people not google said lie bunch bloody scammer pic twitter com tql pwur
2,searching boyfriend material kai google not good cutting onion
1,whatsapp may exposed user phone number google search report currentaffairs hindi com whatsapp may
2,fucking google search top sending
0,google commercial though
1,not jaded every single fucking thing life wait not google
2,used google translate not best translation pic twitter com ut cdurj
3,going go ahead say clip save piece content based personal experience
0,twitter youtube google part school subject parent would proud
0,one greatest google meet moment ever
3,google name horror aesthetic not exist enough use middle name pic twitter com nkkxdsw
1,offline hey google play swamp noise
0,happy share something work improve well thanks sharing story
2,googlechrome every time open google keep crash chrome super annoying trying add list
0,lol looking something listen upbeat first recommendation heart go nice job google
1,clever platform make work home onboarding training simple entrepreneur com article posted
2,mistake chen not participate song please correct spotify google weareoneexo
2,reason ignore view metric google business insight sterling sky inc sterlingsky ca google busi
2,yo wtf study mindset check google answer somehow spend minute wtf
1,check review lopez co google map goo gl map qpyvkm experienced tax preparation center trust affordable friendly professional staff excellent service
3,comfort album
1,cognitive computing market see strong growth including key player google ibm microsoft google com url rct sa
1,favorite smart home device not made amazon google cnet favorite smart home device not made amazon google cnet cnet com news favorite http co ktvlmve
2,androiddev noticed issue upgrading android gradle plugin google compile testing library crashing retrieving resource example detail available github com glureau agp something new
2,broke google jjvjdfnvjldf
3,not google maxmeowstic look first image worst mistake life
1,google research make effortless robotic dog trot worldnws com news google http co mem ktor
1,new google site show people community taking social distancing seriously no apple news awjok tj
2,pontiacmadeddg said google net worth time disrespectful know got google lyin not make time
1,fluidmediasolutions com gmb local seo google business listing seo optimisation obtain lot visitor lead customer also sale ranking service top globe largest search engine
1,
1,used google find article dismisses iq test racist
1,great look seo
2,jukinmedia youtube com watch m mmoxreview teamyoutube google verified twitter well told shitting like lactose intolerant warned delete post internet want time world
1,google play apps promised free shoe user got ad fraud malware instead zdnet flip rnw
1,google name favorite color aesthetic first non collage pic make aesthetic board hdjsjsjsjsj korean heart symbol end incredible pic twitter com rp kwdc bk
1,fascinating inspiring google created noto typography family includes writing system language hundred thousand character digital language everyone lnkd guyy gz
3,no no no guy making
1,not law history simple google search give following immediate cause revolution failed state level leadership policy inflation poverty hunger russo japanese war rise reformer revolutionary group bloody sunday
1,stupid stupid stupid let smarter cheaper faster rival tcl onn google apple amazon samsung sony home bound user fume video apps not sync tv news trust org item
0,everything back normal took google hour respond submitted request review feel much better website better tool process place guarantee not happen
1,shopifysupport sale every couple month make sale even google facebook ada sorry late reply
2,useless sa
3,google bias birthday first picture face see sweet dongsung feel warm pic twitter com qqsbp
3,
1,
3,pepsidoggy thought could not bigger bald fraud pep however seen tweet creative director google stadium
3,merlynjd merlyn see seriously quirky trio love post journal much rik love writes diary series short turning post time rik kin friend weird goofy totally odd character google enjoy riklove com http co tcmh
3,patrachar vidyalaya cbse patrachar vidyalaya shalimar bagh admission class th th last date
1,played around phone used google assistant voice ask korea powerful couple ta da result satisfying taekook heart happy p not edit pic twitter com dmepudc ud
2,ck not make sc google washington dc google news page last update hour ago refreshed hour ago really deleting everything scared
0,best part quarter inputting class google calendar everything go shit
2,google search bug wreaked havoc search result last night dlvr rdr fb http co qzkn
0,tomorrow day without word lh goal better understand like student communication struggle google translate app loaded lesson info usual student interaction pic twitter com wjqahdisem
3,cooky say quick google ok look incredible
3,cw bug forgot lilac plant result still worked twitter com bakulamom stat http co mt jn
3,sharp tongue nice see peter like
1,drosten need dollar child food nobody help nobody help donate full money life poor people alone please anyone help google pay number
0,google map interesting nostalgic checking area frequently went parent child usually went rite aid ice cream see closed bittersweet kind happy see former glory pic twitter com ghswpvhjao
3,second day slightly whiney jesamine casuals ear worm not even know either title band google damn thing not convinced one hit wonder lost masterpiece youtu vdstjmx yk
3,oh wow fascinating reading article relating fucking traumatic thing yes called go google get typing binch
3,absolutely not film tulsi gabbard continues long tradition using platform spread lie right wing conspiracy theory instead simple task opening google phone tulsigabbard vile person
2,know google lyric not quite get double dutch malcolm maclaren sound like ebo ebonette disappointingly ebo ebonette
2,google meet video conferencing platform far worst
3,mmm like kind lab kind give list task knowing heading google figure good show
2,everytime google sued robbed blind people destroy invention give money away class action suet http co fikqdfaar
3,honest admission thanks sharing really big issue folk not engineer folk not tech savvy difficult figure link safe
1,google deal fact yoongi prettiest man ever seen
1,google message get android bubble next month full story visit website
3,exhausting thing blind social medium people constantly ask blind tweet bored answering question whole google full answer including stuff written rt
3,please not try make black people personal educator see often people demand educated called someone black ignorance like please love god google exists
3,latest james scroggie daily paper li seoscroggie thanks oncrawl
3,seem hcpss went small group whole class check in google meet tech became unbearable user not problem using
3,preparing pi day activity next month add one list thanks ettawhitlock sharing
1,great dissicion covid time
3,capitalist democracy back
3,team trying determine greater challenge working home toddler teenager u canine co worker clear winner today toddler world co worker ended google meet throwing duplo laptop
1,google fiber connection averaging mbit mbit according speedtest net speedtest net
2,please hear u hi google noticed weareoneexo
1,want succeed provide complete google campaign solution visit proposal bit ly eiqka
1,two day summer learning rfh regional teacher thank rkiker learning google classroom support msnelle session belonging identity great see amazing staff learning together preparation
1,girrrrrlllllll rhona messing mental big time listen brown girl podcast wednesday pm hear going dealing available spotify anchor breaker radio public pocket cast google podcast pic twitter com duyhvd yil
2,yes google anti trust lawsuit
3,fire google million thanks
0,lovely addition material design doc hope kept date still looking best tool quickly prototype kind transition
1,no one ever said love remember google assistant pic twitter com syzzbvf
1,wow preview amazing vibe wey dey drop store friday th march platform store include spotify apple music itunes tiktok resso google play youtube amazon pandora deezer tidal napster iheartradio pic twitter com gttbp qij
3,anti colonialist india straight committing terrorism violence push parasitic british colonial presence long ghandi google bhagat singh indian national army
1,google business coronavirus disease covid affecting business ift tt avjlxs
2,google hangout not working laptop not restart work work finish next meeting half think time call day
1,love working home enjoy every afternoon shoutout workspace also yellow sticky note pad answer key google form graded last night alg stats precalc maybe need come better home option pic twitter com ueklxw
2,google treat like fucking idiot pic twitter com fsvamgv hl
2,wow not going google photo sad
3,kamnapp illegal home business run syrian husband wife multiple worker making selling counterfeit pharmaceutical cleaning agent alcohol apartment building floor apartment google code location xr khobar
1,make excuse not draw face shit not google
2,dot india rsprasad goi meity mtnlmbiofficial world blocked
1,girl google voice heartless saying gospel truth shame ja
3,handled like putting sick healthy people flight not handling anything guy duty white house not know google trump complains not getting credit great job handling coronavirus epidemic rawstory com trump
1,powerful google sheet template school teachertechafrica com ng pow
1,evidence left wing medium scamming
3,unintentionally brought barber tear way year old showed street small town sicily grown world war ii started sobbing apologizing profusely italian
2,please update google map given wrong location
3,sickening guess not realize chi nah take first get lined wall shot even stupider last time said would not top stupidest thing ever
2,scrabble ea keep getting message dictionary updating not working actually said restarted app
2,imagine shock
2,mr pichai plz give answer want people india boycott android platform sundarpichai
2,google gon without adobe flash lmao mad mfn game
3,gutfeld outing strategy gop anti trans fear mongering story man convicted sex crime no longer considered threat changing gender think people trump staff google good talking point http co rwrri ec
1,love say person found helpful
1,death app store goo gl rgxc google play goo gl yjvqxr
1,know guy tv died today year tried fix google video plugging tv different outlet no luck
2,literally not okay
0,no skull bone no beyond good evil shit as dog far cry assassin creed really save form shit show
0,well interesting
2,miss stuff like assassin creed store playstation com
1,warning ancestor not kill domestic animal civilian well not tell killed cow
3,last night stream fucking good got raided got first ever hype train got ban someone subsequently hire new mod already nearly done assassin creed brotherhood
1,aguilar trained maria well brotherhood
0,finished assassin creed odyssey shadow official shadow na beginning end thanks amazing gaming experience service
2,suck guy know fucking bullshit kiss as understand sam fisher dishonored kill
2,enough sexist bullshit
0,legitimately waiting assassin creed game setting colonial revolutionary philippine
0,assassin creed narcos sound pretty cool actually
1,big surge game adaptation
1,going try save historical place bad gameplay poor decision making not miss assassinscreed odyssey network netgeargaming powered cyberpowerpc swag themarvelfactor watchmixer mixer com itsplanb http co jryamxkrlt
0,goddamnit new assassin creed look fire going jig
2,absolute best decision could made game look like blast not worth spider man demon soul assassin creed cyberpunk launching console great move playstation
0,not wait
0,update actually finished odyssey wish three ponged questline structure communicated bit clearly game lot fun hit stride twitter com iv javy status
2,ubisoft assassinscreed please make constant fps mode option next gen console atleast no one want running fps less resolution great get higher fps please ubisoft
0,new assassin creed look bos
0,oddly impressive
0,best bosslogic assassinscreed pic twitter com pbgee em
0,assassin creed odyssey one favorite game ever cuz love ancient greece greek mythology
2,not good sign replacement assassin creed far cry lackey
2,secretly hoping part bigger size odyssey origin false tired huge open world could appreciate odyssey origin feel like bigger big detrimental experience
0,favourite game zelda game always number one especially botw majora mask love far cry primal assassin creed odyssey play lot phone game love alphabetty curiouscat qa mayleavestars
2,not fuck like movie
2,supporting whichuk campaign end price gouging sign campaign co uk price gouging via whichuk
0,real path valhalla main story without side quest fuckin relieving
2,
0,fuck yes
1,old screencaps assassin creed odyssey found wonder woman armour kassandra nightmare horse pic twitter com shmvbgsv
0,finally completed assassin creed odyssey come best part finishing anything reading tvtropes page
0,tell never excited game
0,slowly working towards platinum assasin creed odyssey maybe year amazing game
0,kassandra assassin creed odyssey fucking beautiful pic twitter com neer
3,no one stop no one left stop
2,wtf releasing early match series release date
0,took break assassin creed oh boy excited else going playing release
0,ubisoft hi ubisoft thank introducing assassinscreed franchise favorite game revelation rogue request next game templar loved rogue think time get templar protagonist truly wishing thanksx
0,ac sisterhood getting recognition deserves let u hope mean lesson powerful movement learned
0,assassin creed valhalla arrive week early thanks xbox launch techison com assassin cree
0,another cool weapon concept assassin creed movie would helped design damn fun film work
2,ugh fuck mythological bullshit assassin creed never made sense never
3,playing darksiders loving soundtrack looked course jesperkyd love work old assassin creed game great stuff
0,assassin creed fan get best world year ift tt zycknk
0,refreshing replay assassin creed ift tt ghluy
0,assassin creed odyssey get history mythology strong female character huge environment incredible detail quest adventure giant cock get pic twitter com ijqnviwaie
2,got fake
3,ubisoft figured would want see friend assassin creed inspiration photo shoot photo shared think really appreciate like pic description amazing facebook com carrie lewis
0,course always thrilled assassin creed binging last kingdom especially ecstatic valhalla
1,via game kik assassin creed valhalla sorry quality cuz leak someone leaked minute gameplay ac valhalla game full imitates witcher aspect like instagram com ccw esddibt
2,miss pic twitter com vzpmpvvydf
0,oh look amazing
0,actually really liked assassin creed
0,holy shit
0,excited remember primary kid going school trip vikingar largs absolute awe everything
0,bored want see good story action watching buddy kin thing playing awesome assassin creed odyssey come watch let u see story go twitch tv thing kin http co xktoun zq
0,favorite assassin creed moment seeing fallen pirate youtu rq ykqeeu via youtube
2,outrageous sadly unsurprising time
0,best one wtf
1,ghost tsushima feel alot like assasins creed
2,okay way early morning nonsense
2,obvious suppose lead alexios character story dialogue alexios manages extremely flat character ac near dear heart time change
0,inspired miserabletop get assassin creed switch could not excited leave party early go home play black flag pic twitter com yhrybjdynn
0,personal top time favorite video game series assassin creed live breathe series batman arkham series even origin enjoyed mass effect love uncharted love cod obviously love http co cdoblrdbqn
3,nex xbox going assassin creed run fps better using not real
2,damn
0,watching leaked gameplay not bad sure far impressed play want battle ram settlement intrigued skill tree alot odyssey mechanic carried seems pic twitter com ktxfs xbqj
1,gloomy elysium
3,assassin creed origin pc benchmark test return result unstable setting minimum required spec anyone know improve outcome youtu bu tukhwiu
2,alexios kassandra game hot fucking trash
2,amazing people find time argue difference democratic socialism social democracy still struggling finish assassin creed odyssey
0,finished playing assassin creed odyssey huge game hr imperfect masterpiece finished ac game not version next witcher sekiro shadow die twice
0,oh god assassin creed good last u not like pokemon game scared say not fan watch dog liked time
2,god fuck ubisoft remaster original assassin creed please
3,found perfect framing zeus
1,issue
2,sometimes feel sad talking assassin creed story gameplay fell love many year ago nearly abandoned entirely
3,need graphic card mean holy crap spec look great
0,starting assassin creed brotherhood
0,excited one pic twitter com uxbf nbndk
0,looooooooool last one amazing
1,friend prize draw tomorrow live pm cet great day
2,good thing played assasin creed
0,oh fuckin excited
0,absolutely loving assassin creed odyssey easily favourite since black flag not even far yet pic twitter com iszljcnkss
3,accesstheanimus rt assassinscreed check latest
2,also trash
0,playing old assassin creed game fuck new fighting system killstreaks best thing around smh
2,hate assassin creed modern shit
0,excited release
3,next level training victoriaatkin excited lined today voice video game deebosstalent
0,awesome bosslogic really
0,wow fuck defending comment think bitcoin got assassin creed blu ray blew cigarette
3,ezio sketch card drawn given away congrats eden bit winning choosing subject fun stream
0,not wait
3,knew could not trust berserk fandom
1,large
3,chrisbrown cancled light skinned sugar cookie patchy facial hair bitch unless explain tatto not even say
0,last time truly happy assassin creed trailer dropped
0,not wait assassin creed valhalla
0,one day get platinum trophy something assassin creed game game good
0,clothes brotherhood
0,new assassinscreed look preetttty nice guy think pic twitter com si rjrdkf
0,brother seduction trophy assassin creed odyssey truetrophy pt truetrophies com gamer quasarwa
0,oh odyssey not assassin creed people seem back wondering people went nice see back narrative valhalla nice game release kindly fuck next year
2,realised best assassin creed game never going get ac discworld
0,assassin creed neckles cool
0,assasins creed passion pic twitter com dyccdcan
0,watching latest trailer assassin creed valhalla get hyped game not wait th imagine someone lost shit found eivor could female
0,trailer assassin creed valhalla best thing internet today not wait get hand
0,ever wanted assassin creed game based mythology norse favorite
0,wow always nice wake good news almost shame already got original symbol otherwise would going soon possible nice work lady
3,tried assassin creed outfit failed miserably except two
1,get ready weekend special offer marvel spider man assassin creed black flag call duty infinite warfare many others week visit nzgameshop com special offer get great deal http co hqtroevpp
0,criminally underrated ac rogue short good reason story driven ac rogue story man betrayed order save
0,excited meet gate valhalla
0,going live est going streaming assassinscreed tonight got assassin creed odyssey really looking forward story sure tune epic story twitch tv solstice avl say hi
0,not wait
0,game company whose new fall game looking best overall actually ubisoft watch dog legion look amazing assassin creed course compete madden fenyx rising look like fun asscreed kid icarus botw type game rumored december
0,enjoying view
0,fave different stroke different folk guess personally dislike modern day shit want ubisoft make rpg style maybe dick not know
0,love guy
0,love shit odyssey not favorite assassin creed guy diego not even read said enjoy play hr pic twitter com omfvzub mx
2,think nut thing ubisoft ever done take widely successful new assassin creed game origin literally whitewash changing skin putting incomplete buggy game odyssey
3,live twitch playing assassin creed except not good guy not good guy twitch tv screamingxalien
0,handy work
1,andrew playing video game assassin creed think instagram com eq gbse
0,fe love city playing assassin creed revelation
0,happy birthday shikharthebun may assassin creed freedum edishions world
2,well sort underwhelming
0,sarahschachner got news jesperkyd einar kvitrafn selvik working assassinscreed valhalla happy pump true yayay
0,loving camera mode assassin creed origin pic twitter com kawzb vf
1,date creative director ajodumont live los angeles present official trailer assassinscreed odyssey sure highlight whole team
1,monday best deal assasin creed valhalla aukey power bank axe bodywash roomba gold box dlvr rxmgqt
0,way ubisoft announcing new assassin creed right proper weird getting excited
0,respect bos
0,ok look interesting like hidden blade hope see gameplay soon
0,wow
2,completed assassin creed ezio colletction not seem enjoy third game bit ly jstdu
0,figured month represents th year ubisoft paris annecy montreal met great people along way became good friend amazing journey many assassin creed game course honor need celebrate http co emsbqfe
0,excited fudge new assassin creed game series near dear heart low key hoping game less rpg classic asscreed
2,assassin creed game ubisoft released remaster looked much worse original everyone memed like week want look meme laugh
0,not understand hate assassin creed origin
0,still favourite assassin creed game pic twitter com japw wrul
0,hi live awesome assassin creed odyssey let u get teeth fate atlantis dlc come hang enjoy twitch tv krystalmaze http co vronf lbtr
2,ubisoftsupport installed assassin creed odyssey problem unable find new game feature start game anything activate already finished main story month ago p platform pic twitter com kz pup od
0,no issue week playing y origin fairy tail even assassin creed odyssey load forza disconnect completely modem reset self wtf shit
2,assassin creed valhalla look like going worst ac game yet watch dog look sick though
3,follow favorite youtuber jorraptor
0,worst thing gaymers forget hot jacob frye assassin creed syndicate
0,love sexuality handled assassin creed odyssey
0,wow
0,still getting hang combat assassin creed origin look amazing considering first playthrough definitely improvement previous
3,oh real getting two different animated show netflix spoiling today
0,not wait play like indie assassin creed valhalla lighting effect look great
3,ghost tsushima look amazing next p game cop sure basically look like samuri assassin creed feelin
0,okay look epic deffo playing one stream
0,far best ending assassin creed game soon anne bonny began sing edward kenway look see dead friend smiling raising glass not going lie made tear little assasin creed iv black flag
3,bap shamble vixx trucking along personal life awful country terrible netflix making assassin creed show pic twitter com mqw cqm
0,never played assassin creed game
0,kind incredible game getting year xbox series getting assassin creed valhalla watch dog legion dirt fuser falconeer thanks gamepass gear tactic destiny beyond light xmas cyberpunk medium
0,better michael fassbender movie right
3,top lotr third age worm p original tiger wood pga tour snes super bomberman
0,achievement assassin creed odyssey trueachievement pt trueachievements com gamer lkos ign
0,soooo gassed
0,assassinscreed please not rip u game abstergo animus stuff ac valhalla
0,oh ya tease touching note ezio family
0,yes loved game story combat vibe every thing
1,eivor crush thigh
0,amazing
2,watching review next assassin creed baffled ubisoft managed burn formula nu ac three title return tradition
3,wow netflix making right move
0,damn think
1,ever want see entire body go panic mode watch swim underwater assassin creed odyssey far able kill shark water one time not able literally going flip die http co uae qf
0,also not wait see newest assassin creed legend zelda breath wild
0,fuckkkkkk not wait
0,nice bow creepypasta assassin creed oc love girl peices not believe not posted drawing twitter time fix fyi chacrter one reason go blademaster
3,castlevania witcher confident netflix video gamers proud assassin creed series anyone remember devil may cry anime series early netflix great even though not original
0,look promising
1,going live back ancient greece assassin creed odyssey death twitch tv zvengence
2,forgot bad graphic first assassin creed eye burning
0,told xbots impossible
0,god forgot much fucking love assassin creed fuck
0,awesome guy starting new journey
0,achievement assassin creed odyssey point
0,ohhh amazing love
0,thought would finally play assassin creed odyssey dlc finally got last chapter realised not installed got wait minute loving far
0,not problem honest sure feel like waste time especially gam coming day p yet eager play trust quality not bothered start game twice
0,begging viking themed assassin creed year excited fuckkkkk
3,well succeed impressed writer
0,kind weird u still miss ezio
0,beautiful sunset fort praisai
0,best series
1,order assassin creed liberation sonic lost world one lie
0,bad as hype real head counting day till released
0,huge fan assassin creed translates ubisoft quebec employee
0,good news like mention post important part step forward taken studio developer no doubt
0,clear black ops destiny beyond light spider man mile morale demon soul assassin creed cyberpunk yakuza releasing within two week period going die every guide writer die tell child moment
0,man feel assassin creed valhalla far cry going amazing
3,delighted announce markrowley taking part mcmcomiccon online th september info found dmjconsultancy co uk upcoming event ticket sale purchase growtix com eh last ki
0,trailer perfection
0,odyssey origin valhalla setting mythology absolutely nothing wrong
0,man amount time watched new
0,vhnmxpgoou oooooh shit
0,played assassin creed unity last year thinking really shame game tell much love went not given enough time complete absolutely horrible anyway hope valhalla good black flag
0,get excited looking not wait next assassin creed assassinscreed
0,ashrafaismail assassinscreed chance pitch assassin creed remake would love see jerusalem full realized egypt p please not put gear score level weapon new game also no raid love stuff bf origin fav game
3,look like even ign reporting wrong next entry youtu lr awo xbca
0,rome look amazing p pro store playstation com
2,experience assassin creed odyssey wtf opening credit playing day spider man disc
2,swear mf talking as bro wtf mean
1,ruin old little house kephallonia
0,assassinscreed literally perfect videogame series soo good
0,anything immediately excited assassin creed valhalla
0,omg excited going buy assassin creed syndicate play going much fun
2,watching made witch brain hurt soul cry pain
0,no cap look intriguing super hyped
0,nothing true everything permitted work dark serve light assassin not wait
0,assasins creed odyssey good like really really good shocked different game compared early installment happy purchased
0,diondoes played assassin creed literally greatest one entire series remastered xbox one incredible game not played already
3,watched assassin creed movie dana mall subtitle died relevant spanish scene shortly followed film projector dying not given refund
0,not wait
0,happy monday everyone another happy day animal crossing followed assassin creed going live hop twitch tv crashgamerevie
0,arse went redownload assassin creed bit nostalgia forgot originally goty edition disk got rid ac one free xbl game download game missing dlc oops
0,edited either way still incredibly impressive
0,oh man first greek norse mythology think another buy series great story coming
0,got check new assassin creed valhalla early check video fun ever viking warrior assassin creed valhalla early access youtube com watch wlnp assassinscreed
0,yeah viking assassin creed look great big gay nordic blonde fucking thing trouble never go back odyssey hit game breaking bug kind soured franchise
0,nangis bgt shit gorgeous
0,ok first time playing assassin creed bitch gay pls happy adqqbcobqlfnqlfnls
0,netflix ubisoft teaming new tv series based around assassin creed franchise could amazing gamefixshow com profile blog
3,clown check
0,ezio forever heart looking kind lit though
0,love mlssmahut
2,fault guard standing way pay price
0,entertaining
0,really looking forward loved last one
2,damn
0,finished assassin creed odyssey bored know rockstar continually fucking red dead online shit update guess start note aleister crowley episode probably longest one yet
3,love typography suckerpunchprod
0,
0,minute world premiere assassin creed valhalla trailer pumped
3,hyperscape open beta lag fix sharing everyone facing lag hyper scape performing step video helped lot youtu wkoihztt
1,okay going force men play game woman would like see
2,ubisoftsupport trying get assassin creed free advertised uplay store keep showing add cart try check pic twitter com dp upzpv
3,shit like hear morning fuck spain
0,bright mind achievement assassin creed odyssey trueachievement pt trueachievements com gamer mauricio
0,looking good love addition mixed dual wielding castle siege
0,pm est tonight pirate running assasins creed odssesy first time watch play kassandra stoked game long waiting play tonight night twitch tv pirate gamer come watch nerd
3,get bad flashback movie theater realize witcher actually good
2,shit time recast
0,not wait see
0,shoutout ubisoft sale playstation store finally picked ac origin really excited get back assassin creed anticipation
3,excellent look forward vinland saga game lol look awesome not wait
0,watching assassin creed valhalla preview phew look good already
2,waiting see going fuck one
0,no secret love assassin creed extremely excited really not gameplay trailer old video game marketting pr formula become dated
0,assassin creed freedom cry
0,assassin creed revelation single best ending across video game ever not change mind
0,oh wow
0,hand want see excited assassinscreed valhalla
2,gamers really upset play female viking new assassin creed ubisoft said die mad
0,dick got suck assassin creed remaster
0,ugh awesome
0,assassin creed blackflag good game
0,looking forward new assassin creed game come
0,assassin creed iii loved opening make want play game enjoy beat one st pic twitter com okwzxbnwxw
2,oh fucking god many assassin creed ubisoft continue shitting realize franchise not going anywhere people hate like holy shit even nintendo know not shit mario game every year
0,absolutely worth price love game
0,whenever drift away photography seems like always odyssey brings right back game tag
0,not anyone care reached level assassin creed odyssey encountered nd character death extremely sad
0,good step right direction thank ubisoftquebec
0,interesting
0,hello yes assassin creed brotherhood best one thank coming ted talk
0,achievement assassin creed ezio collection trueachievement pt trueachievements com gamer renangro
3,monday not mean not stream tonight twitch tv myburt profi http co xcreaxwjos
0,assassinscreed odyssey love game much nintendo switch guy would never played game obvious reason googlestadia therefore bought game heard great thing fav game time thank
0,blade shao jun coming next year print digital happy assassin creed fan
0,amazing welcome brotherhood family
3,feel like genuinely person would liked live action movie year ago looking witcher show could great different timeline every season keep franchise relevant
2,ghost tsushima better assassin creed game modern assassin creed
0,back ubi shared one work upper right still happy
0,love assassin creed franchise ubisoft amazing job not wait come video give goosebumpy nerdy gamer feel
0,newest assassin creed look freaking sick not wait
0,as still knee deep assassin creed odyssey no way anytime soon lmao
0,cyberpunk delay getting bit ridiculous mean time assassin creed valhalla
0,not wait new assassin creed look amazing
0,fucking dope might actually pick
2,uh oh guess not buying trying latest ac game soon
0,know really enjoying new assassin creed game not feel like ac anymore open world rpg game really turned franchise
0,fuck yea
0,best feature assassin creed odyssey contains environmental storytelling text real egyptian funerary writing
3,today really bringing dumb people told someone friend love assassin creed much misogyny within ubisoft not independent female protagonist main game got offended
3,hoist flag coming join tell best bit game favourite twitch tv direwolfjack
2,finally playing kingdom come deliverance man game got much unnecessary b thrown press quite enjoyable game like place time assassin creed fine game pretty shallow goofy
3,level excitement angel face saw yesterday unmatched completely adorable
0,said happen epic cinematic trailer gameplay keep u pumped
2,lrt aunq yo acorto assassin creed como asscreed xq fuck
0,really digging new gold insignia
2,assassin creed syndicate probably worst game series
0,ok hyped
3,yet amazingly talented art bowling work love
0,happy guy
1,best assasin creed black flag offer ebay new ebay p assasins creed iv black flag ift tt aqzkgb http co dfom bwee
0,definitely buying new assassin creed though
0,assassin creed odyssey probably favorite series
2,looking forward really disliking assassin creed macbeth pleased say really liked true history kelly gang loved undercurrent tension much dialogue visuals final min amazing
3,honestly believe
2,please not fuck
0,xbox game going amazing not wait get hand play thru
0,assassin creed oddessy good like really good holy cow like devs played witcher like let u make greece know
0,huge fan origin odyssey implementing bold change assassin creed syndicate really kind nail classic ac combat style feel function evie badass http co gca voxj
0,saw kattegat knew shit got real
0,truly assassin creed
0,interesting get witcher vibe
0,assassin also fucking viking sold
3,no assassinscreed gameplay
0,holy shit
0,graphic going amazing though never disappoint graphic
1,uploaded new game content assassin creed brotherhood game play scenery mission others link good fight youtu ahyj fe mso
0,everything going honestly make happy
0,big shout icklenellierose reminding great assassin creed black flag never finished stuck home broken car whilst p switch girlfriend doom acnh p gamecube going finish pic twitter com mrqdajiyvg
0,excited ragnarok could not tell
1,memory
3,ghost tsushima pretty cool far familiar term control gameplay reminds horizon think mean people think assassin creed gorgeous game love wind quest pointer mechanic
0,look good
2,going like skyrim terrible
0,p assassin creed syndicate first playthrough positive vibe road follower live twitch tv xklausmikaelso
0,fave love black flag well not played much new one look decent though
0,wow assassin creed ronin look fantastic
2,screw thing
0,looking amazing open world action rpg play check assassin creed odyssey simply best game played fixed everything not like series made amazing game gameplay story graphic pic twitter com xdc hbwcmn
0,ever play assassin creed multiplayer game fun
0,pretty damn excited
2,certainly not big aaa game company not interest anymore cash grabbing full priced garbage microtransactions thrown top
1,assassin creed black flag no commentary episodio youtu ocbzxcsflua via youtube
0,look fucking amazing
0,actually good criticism lot game not benefit open world
0,excited
0,really not take long playing evie frye remember much loved assassin creed like take make playable pirate character heaven like serial cleaner thing saying terrify wife soul
0,not get two year old watch youtube video ten time row not get bored also assassin creed look amazing
0,crushed
0,absolutely hyped brand new assassin creed game launching around new gen xbox always wanted setting http co lttjw vc
0,
2,sometimes feel like old grandma playing game month ago bought assassin creed origin sale like minute like hm violent never touched sksjsbsb
0,itching assassinate
0,danza alla dagger crossed bloodline would beautiful tense music ever
0,best news week
2,disappointed no gamplay revealed
0,sarahschachner relistening anthemgame assassinscreed origin callofduty soundtrack god fucking slap excited see next incredibly talented
0,campaign going well rekindling interest passion felt playing assassin creed black flag watching cowboy movie also player make plan discus stuff not even say word love
0,genuinely wish company would mutual admiration ffxv assassin creed event strike two example take developer clear love franchise smth cool
2,would much better series honest cramming two storyline hour half much issue though arno cameo fanservice yessir
2,trying cover shitty abusive company
0,know drunk open amazon app also bought assassin creed hoodie great decision
0,marketing team still leaning
0,achievement assassin creed odyssey trueachievement pt trueachievements com gamer outofthe
2,assassinscreed ok break heart make kill daphnae romance odyssey cared kill
2,not fuck
2,based fuck
0,mortal kombat assassin creed never fails amuse story high quality cinematics
3,turned light room post started glowing brightly mean
0,hr many hour put assassinscreed odyssey finished main story good game going say favorite ac game well done ubisoft http co hdnl jwe
0,favourite thing
0,not feeling assassin creed origin first really loving
1,memphis canal failed parking
2,xbox ubisoft assassinscreed not gameplay
0,new trailer assassin creed one perfectly fine raven instead falcon youtu ssrncwxals
3,rainbow six quarantine sounding real cute right
0,reinstalled assassin creed origin finally beat doom eternal know everyone love odyssey no one else going put respect name excited finally jump season pas content http co xovwdu
3,woahmateo happy birthday
0,wrap hour streaming hour played stream episode screenshots finally finished
2,dead as franchise
0,nice playapex pic twitter com ou ohpju
0,soo fun arc star actually hit someone
1,sheepy apex legend hightlight like comment subscription greatly appreciated love ya
2,minute download apex legend wtf
2,crash dummy bug
2,know get people great aim pc
2,bug like driving crazy set speed clip playapex clip twitch tv amazingcrispyl
1,
2,playapex trouble connecting lobby connecting lobby
1,squadwipe turn burn
1,great stream today support awesome going keep grinding stay consistent keep positive vibe going thank much
0,no real amazing
1,pronounce jen yoo win authentic brilliant good looking talented elite vietnamese race
0,season apex bangalore best lol
0,still go strong stream playing playapex love twitch tv therealslimzil http co blnbhlyz
0,weekend finally time take pent frustration aggression unsuspecting blueberry
2,invested hard worked money game hope opening apex pack trying get heirloom work hard complete battle pas sitting posting account stay banned please help eahelp ea respawn playapex
0,finally got around finishing season hunt challenge playapex excited see season brings
1,p clapping cheek chasing w positive vibe road follower
1,sometimes perform like hacker teammate steal loot
1,baaaaaaack kill apex legend gameplay youtu zaphtygvobc via youtube
1,easy win
2,
3,fuck level already
2,playapex report game issue respawn fix official channel solving issue wait actual pro acknowledge certain problem fixed button layout still broken console thanks advance
0,fun mastiff run
0,wow
0,got love cinematic kill boi store playstation com
0,good morning everyone love apex come chill ya boy twitch tv vineboytv
1,store playstation com
3,everybody sweaty playapex today like fucking relax new season not end fucking world
2,playapex server sooooo awful
2,
1,one
1,hammer point round really saved
3,love talented want marry
0,also apex legend kind fun devotion somehow worse havoc though
0,not love whenever playing online ranked apex legend randoms go within minute second game get called trash lol
2,playapex twice today kicked two good game fuck shit apex no wonder people complain not fix anything game
2,playapex no regs seriously make want delete game fps man tf bullet not work
3,fucking hire man immediately respawn playapex
0,playapex point game bullet never register no reg driving crazy lately real awesome season though
0,wow
1,apex legend gibraltar third character get unique revival animation gamespot com article apex
2,playapex game would not connect server say not content ea account bracket code translated polish
2,fuck apexlegends
1,still not diamond yet
1,beat titanfall campaign loved thought ended soon looked happened blisk discovered apex legend set continuity titanfall know
3,reached twitch affiliate two year ago today thank everyone love support
0,revenant music pack sound sooo good probably favourite one favourite
2,beam disgusting store playstation com
0,woohoooo next youtu rteunyyvju http co humm kf
2,would genuinely upset
1,happy th july apex legend streamlabs com jjdabro home
2,playapex audio not fixed almost worse bad lag every server
2,playapex please help hotfix wraith skin ping know not wifi tried multiple thing fix nothing worked xbox one pic twitter com wijm gul
0,would awesome love ultimate idea
1,
2,not bad apex legend hell happening
2,apex getting shit warzone due single fact permanently added solo lol imagine work audio next gg playapex respawn
0,hyped
1,not going stop youtu unk sciqm
0,much fun playing game
0,willing spend money apex legend willing spend money friend willing buy game not play not give league skin met like fk think cuz skin zoe not mean shit money
0,feel good get victory
0,thanks playapex sending ranked game no teammate chef kiss
2,lame
1,thank apex please keep upping ante literally every fucking gamer world lockdown something playapex playapex playapex playapex
1,use disadvantage advantage playapex store playstation com
3,happy birthday gautam
2,obviously nothing wrong havoc three people using plenty ammo stupid as developer not know balance gun fix game lol playapex
0,good start game
0,thank excalibagel uwu fave game halo reach split second apex legend tony hawk underground
1,plsssssssss player want tiem play end world mapppppppppppppppp put king cannyon later fucking minute end world wtffffffffffffffffffffff want time end world mapppppp playapex respawn ea
0,manic monday best streamlabs com deanomerkz ho teamdukestars rail team teamarctic hordesrising streamer playapex realasianrobot watchmixer unitemixer
1,hey jayknaves going live rf welcome knave casino dub time pat rogue apex legend come drop fun jayknaves
2,playapex eahelp titanfallblog guy plan issuing ban cheating going ranked play anytime soon ridiculous getting hand guy cheating must justifying short coming pant
0,yo cutie one best ever seen playapex legend real cool people definitely got swing threw stream hit follow trust
0,
0,not hyped disappointed proud
3,yup warzone feel nice nice mix apex legend standard cod stuff like far
1,videogamedeals pretty sweet deal right going walmart amazon apex legend bloodhound lifeline edition
2,please playapex day player game impossible play
1,apex legend stream right super toxic pub caustic twitchrtsupport apexretweets rexrts twitchpromoters twitchstreamttv twitchhost twitchretweets twitch tv kmoneyftw
2,course ready play
0,peacekeeper love store playstation com
0,oh wow look amazing
1,take look new caustic heirloom
2,playapex server apex please fix
0,not even sure managed pull sure felt good clutching
2,fuck apex legend fuck
1,zip hop step bam dead sgh rts slimmdizzyxo
3,lot dumb people world giving money
1,chrisedgerly hey man one chris another say happy birthday jonathanbarro pathfinder voice would much appreciate
1,follow simpletacticss awesome apex legend gameplay experience pic twitter com wtroirklu
1,leave teammate ranked playapex
0,epic gamer moment
1,store playstation com
2,playapex map color pc broken everything black walk close pic twitter com pnkdhz kb
2,playapex playstation broken almost two month guy somehow still not nerfed fucking volt lmao
0,night not start well finished good note kill game boy awsomusprimeog clutching getting game winning kill
1,alight said id go get clip played pc game popped boy wanted back getting rd partied no ammo fun sorry not capture setting right skip first kill
0,excited competing lululuvely jamescrowder much fun
1,solo mirage shit teammate rage part store playstation com
1,haha everytime expect unexpected even menu
0,trailer dropping around hour minute not wait
2,new apex update trash playapex
2,playapex ea selling recolours halloween bought whole collection last year want recolours pay spent well since game release no done
1,think randoms bad
2,playapex fix server hell
2,playapex challenge lost treasure event not resetting daily stuck point since tuesday really really want dope mastiff skin
1,alittle apex anyone follow mixer mixer com hashtagkillshot
0,playapex still best battle royale even not achieve goal defeating fortnite played first time month last night even not much movement mechanic titanfall still feel good move shoot game
0,best game ever mrjcorbs playapex pic twitter com exzbxe ggk
1,gas trap store playstation com
0,awesome game awesome win last week tune via link come watch awesome twitch tv oldmatetom http co tweafsir
2,literally toxic bro left game clear re oh knocked person three time talk frustration lmao
2,ummm wth
3,second even noob day hope enjoy whole minute apex legend moment champion montage youtu vhadqvaybdg via youtube
1,happy halloween
2,gawd dayum lol
2,new bloodhound skin season fucking haaard playapex respawn
3,happy birthday gautam
0,whoa
1,umm playapex died said bug pic twitter com bzmhzbadof
0,love new upgrade triple take
1,first game pc still trash made shake
3,happy th birthday super urstrulymahesh garu urstrulynamrata garu
1,yo boy headed top watson kill
1,first game day eventhough damage embarrassing
1,ok go version octane bloodhound without mask tired no proper coloring today
3,communication key bust as
0,total win apex legend stream today felt good pic twitter com eno mxjszn
1,playapex sort bug assume character banner filled black rectangle scribbled usernames pic twitter com xdu hwlyb
0,enjoying day
1,plus fucking matter two game thing would anyone care
0,season playapex pretty fun
1,apex legend season boosted launch trailer youtu qzdgo fbnda youtube
2,playapex please fix game never bluescreened gotten many logic error life losing rp cuz game as
0,ton fun back king canyon weekend playapex brought back map night really enjoyed teamwork worked remind heal next time http co cfojpkdify
3,cosplay almost good credit paulhillierdesu see apex legend stats tracker gg apex
2,playapex found glitch basically hurt people eye youtu leikhls
1,consistently getting top
0,playapex guy want say game along animal crossing keeping sane sick thank hard work
2,started playing playapex last month mistake server last night no fix day kill everyone sight still crabbit unwinding place
2,playapex speak doodoo bitch
1,playapex apexlclips spinning spinning spinning pic twitter com gsyqirswqk
1,sick sentinel snipe sky store playstation com
0,apex legend season came trailer awesome pic twitter com ywgvioetnz
1,hey chicken man might reason energy mag armed dangerous ltm
2,crazy buttt like wraith skin still broken
1,nominated redoing annoying lol kat pillar last game played apex legend valorant dead daylight world warcraft hunt showdown nominate acnhlora hexxing vellichorxx paragon fps gurblin
1,holy shit black hole
0,playapex thanks addressing blank screen issue fast appreciate stay safe take care
1,thank guy supporting stream hit viewer stream put show forever thankful guy twitch tv asianboychris
0,swapping playapex not touched game hot minute fun
3,white woman ruin everything
1,playapex problem website may scam gamesload cloud fr downloads
2,playapex server whack
0,makoa cool
1,ea server apex legend fifa player reporting outage dexerto com tinyurl com wlshoqq http co zmfjlibej
1,grinding dynorts g rts live twitch watch twitch tv insanity
0,best shot yet playing day nice please
1,let u cancel jump drive thrown cry tear joy
2,playapex xbox ranking suck literally easy make gold get high rank not handle suck tier protection keep getting team lol helpppp
2,playapex account banned hello
1,playapex got bug game ranked ended friend get min penality not leave game
3,go check great streamer not forget drop follow
0,nice playapex pic twitter com nku tb
2,problem
2,playapex queuing without full team platinum ranked every update game full bug
1,killed guy first rank best player game plat friend gold gold not play much apex grind happens possible rank system playapex pic twitter com rratrdxazv
0,hemlok absolute shredder
0,satisfying sound day playapex
0,proud hub one whole playapex worked butt look fantastic great job
1,sometimes ruthless store playstation com
0,working since trailer not wait patch not wait get amazing wraith skin
0,love apex legend ranked mode xd pic twitter com xxubsttse
1,apex legend kill clip
2,bald headed hoe shit
2,time end game randomly end back lobby wtf yo playapex
1,watch tazzwolff twitch tazzwolff twitch tv tazzwolff sr wonderful friend true queen chicken nugget potato playing apex legend greatly appreciated new follow support show lot love everyday
2,love
0,good day
0,loba ult stealing mf heart
2,dirty
1,want see worst random teammate twitch tv mazida
3,no thanks not getting clapped pc player obvious advantage not care aim assist shhhhhhh
1,apex legend gold iii ranked match trash treasure road affiliate twitch tv yeakeys
1,pair decent win today
1,clutched nasty not recording playapex
3,damn guy really went storm get apex legend love finest
1,got nightmare wit lil bitch
0,revenant awesome apex legend youtu eeb cg wrhy via youtube
1,apex legend oh god newb trying game guest friend stream not worst player hopefully twitch tv sigmagegames
3,every random playapex suck bad
2,leave friend alone
0,care package good
2,slowly getting back apex went
0,oh lord look good apex legend season assimilation gameplay trailer youtu dfy scgpl
2,playapex issue game stuttering super gig dominator ram high end motherboard dual drive anyone know not believe pc
0,playapex respawn hey respawn played first quest season oh boy great job story pve mode not wait next one awesome work
0,end season win happy got win every season not wait season playapex apex intel playapexclout apexclipsreddit apexlegendnews cappingproplayersallday pic twitter com nw el rsjk
1,always play xbox starting pc anger rage okish play please subscrube show love twitch tv angry wels youtube com channel ucxy
1,trying apex legend season also playing ranked series come watch suck badly smallstreamersc supportstreamz smallstreamersr twitch tv thatbosslife
0,playapex thanks devs update already making huge positive difference thanks listening u
0,forever love
1,ranked apex road plat twitch tv tgp razzmatazz
1,loba
2,playapex fix loba able teleport situation make useless
3,pronoun policers apex legend fandom disappointed not surprised
0,good feeling back king canyon please make stay playapex
1,trying make parent proud
1,ending season stealing someone else kill eliminating kill leader
0,going facebook com peighost video
0,good place apex legend would absolutely watch
1,apex legend accusation crunch time coronavirus developer answer asapland com apex legend
1,proud created banner scoobz scoobz even though take almost day sigh need work faster xd pretty impress work anyways twitch tv scoobz like apex legend content help streamer http co zefcphssuk
3,mean fortnite plan update month ahead soooooooo
1,playapex hemlock strong
2,bro get killed flying caustic playapex fix lag server please fkskdkfm pic twitter com ymr fl
3,beat addicted fentanyl
2,playapex get shoe error fixed ridiculous
0,bruh dream not sad anymore fucken dream apex legend like fuck bro
2,playapex died level today show bad apex declined since earlier
1,helping super wholesome kid apex apex legend youtu c unytjdds via youtube
1,good morning tgif happy valentine day not live life wondering could
1,shooting like damn let loot sheesh
3,yesss talk shit miss shrek
0,year already dang happy year playapex pic twitter com jqgxegscd
2,playapex far worst game alive bruh fix fucking bug like add much shit not fix bug
1,running away
1,cute
0,beautiful
0,season baby much love kill
3,wilson
1,urmomsfavchef live playing apex legend twitch go show love twitch tv urmomsfavchef
2,ea playapex trying play game past week not let log play
1,silver boiz killed
0,thanks playapex ill killing new robot get back work
1,arguing jelly full time job erm take look thumbnail thooooo haggischan playapex jellytheplat youtube com watch wcbn http co rkj rzfl
1,fuck stream going day
1,alright let u road gold apex ranked come hang twitch tv cpatran
1,new youtube com bargainbingami
0,let u go cutie well deserved
3,great combosale lady handbag tinyurl com ybc dlf
0,apex legend actually fun fortnite
1,stressful stressful stressful
2,playapex spooky season suck game short
2,ohh please make wattson crypto friend agaiiiin line game make sad playapex
1,love map honey material seem like scarce
0,first played apex got wave happiness brings back
3,greatest clip week part back gaming fan another edition greatest clip week provided mixer streamer universe divide
1,maybe edge screen illuminate leveling evo shield damn near burned retina playapex pic twitter com jgglgoeydv
1,slowly fuckin shit twitch tv ksteezus
1,battle action last stream twitch tv video warning maybe no audio due streaming copyrighted music lockdowngamin playapex respawn
1,haha bet point digitalnutter ranked
1,climbing ranked playapex twitch tv boiyom discord discord gg fm
1,not amateur hour still crushing apex legend twitch tv theflyingdtchm
1,kill guy made teammate quit store playstation com
1,chocolate factory opening shortly twitch tv thewonkaboy reached diamond go higher send motivation support http co wv ijuvp
0,playing today going say world edge better map king canyon playapex
1,first attempt mnk playapex ranked close winning http co df dddct
0,oh man good
2,fuck
0,genuinely love heart
0,thank playapex fixing no regs pic twitter com stxxgnmpyb
1,made new apex legend account got kill first game
2,playapex respawn need sort ranked people joining going afk causing loose rp not good community fix not loose rp
3,unfollowed loser as page post simp as shit like overall extremely toxic community
1,may not playing pubg afterall server temperamental lol potato playapex anyone
3,twitter video quality horrible
0,love
1,hit kill
1,worst nightmare
2,respawn playapex lowkeydbjosh many need something every day worst ruin game fun youtube com watch wzw
3,not even send message peace pic twitter com hzf wyaogn
1,full two minute could not even capture glory
2,playapex dangerousdanxi not get freaking lobby heck
1,apex legend apex coin online game code new loot chase score exclusive item battle pas like legend skin banner card xp boost everything snag season keep amzn hnbqz
0,playapex animation good god wait youtu qzfsgxrcd
2,playapex created account see get response game bug playing p sprint randomly stop
2,playapex going fix constant blue screen crash p two match row caustic trap go game lock nothing like point drain
1,check apex legend pub twitch tv jewel ttv show love
2,wtf cargo bot
1,need third ranked right
2,playapex fr not care terrible server
0,ayy love damn wingman
2,playapex guy zero human customer support best friend account clearly hacked purpose aimbotting hacking game sent ticket never got human response proof guy not even look supported game since day
1,stupid robot pic twitter com nx zfpm
1,soooo cheater bad connection playapex titanfallblog titanfallblog apexps playapex pic twitter com qlq upi
1,shout gang apex stream today big blessing love therealmrnxtlvl iamcinaed istaymisfit playing stream ending stream dub let u go bless smallstreamersc rtsmallstreams supportstreamz twitchsie playapex
0,another epic night win non win await u hoping win live playapex alongside champ forrestgaming funnymatters twitch tv themichelle carry maybe finish challenge http co omxgh li
2,ayo tuff
2,shit go hard af god damn
2,apex sesh bad gameplay worse conversation
1,back
0,revenant gas good combo
0,far good mucking around pub
1,agree also tiresome play boring look hope olympus come either rotate not see much
1,bearded razorback live award no point may god mercy soul twitch tv beardedrazorba supcreators avengerfriends mygamingcareer bitcontent http co qsg djdv
1,go check amazing mixerretweet streamer small
2,not going spend money
1,aim ridiculous man lmaoo
2,playapex past day pub matchmaking nightmare not sure changed noticably worse team mate
2,thing brother apex deserves every single bit heat getting game dying zero innovation listening community disappointing rate game going get swallowed whole cod valorant come
1,bout fuck around stream playapex grind brawlhalla afterwards mixer com shinobiszn
3,good fun fire edit hit dm need montage made poqijk playapex respawn ea twitch fuhfuhfrosty sf demonic quick clipse zxlesserevilxz sacredslash newporrts xrealmzy papergrenades itsjustjoantv juanziggye rts appreciated
2,playapex gh ayame figure rainbow game simple concept amazing game still thriving year success know listen comp scene figure shit bag
1,truly felt bad deleting people scout like st day ranked split got believe no gun op
2,playapex problem buy battlepass new patch
1,please give u lobalore crumb
1,working wall jumping training finally starting pay still long way first time wall jumping helped win fight
1,sketch finished piece finally killed art block
1,struggle finally made diamond rank playapex thanks homie krnjellytv great teammate master come
2,welcome fortnite playapex guy literally not fix game keep adding shit ea respawn absolutely garbage
2,playapex respawn server awful xbox game buggy joke pc explain supposed enjoy reinstall game time two week not work properly fix shit decent pic twitter com fgr etb
2,fucking help ya fucking waste space
1,trio ranked brandon rob action high iq play iambrycetv social apex legend twitch tv iambrycetv
1,ooooo la la ggs insane wraith mirage sorry could not save rip never forgotten
1,lost point ranked
0,first code leaf pleasure present code shoe thanks playapex pic twitter com gtabw jhp
2,dead lmfao
1,minute hoodwinked bamboozled led astray run amok flat deceived
1,raqula best timed bombardment ever could clutch game diamond
0,love trapping people store playstation com
3,ever tried yummy filipino spanish typicals youtu ucfbvfvmodi via youtube
2,
1,guy called trash low iq fat slut proceeded hurl sexist slur playapex eahelp prob ban pic twitter com vqsly cami
2,playapex please hire someone fixbox buggy as game ik run money buy really consider not want longevity within fan base fif bug not take guy not educated enough fix thing
1,latest hiding spot abused apex legend king canyon read gestyy com qml
1,stream playapex minute left
0,new charm
1,season
1,watching lululuvely vids always hype letsa goo playapex
0,happy birthday one amazing devs playapex shahin much love dude thank guy everything
1,ranked ethantowen twitch tv tizzinyourface
2,not connect fut fifa apex legend server issue like almost every minute ea server suck
2,bot stayed away suck apex
1,apex legend aggression
0,oh apex miss sweet glory drop die repeat twitch tv projectnapalm
2,make not turn not play fact
1,ranked apex legend randi gold iv doyouhavefaith com twitch tv thefaithisdope
2,playapex ummm heck going guy going fix server pic twitter com zp cnzhyyz
0,playapex sweeetanj not pretty yet late happy draft came eager add color pic twitter com apdnutlgpp
1,oooo almost playapex store playstation com
3,nigga play throw whole game take fucking shit
3,look everybody super dooper cool apex player
1,sadsushirol soy icy played game apex everything going slow happened anyone
1,arcstar store playstation com
0,nice
1,dislike wingman playapex clip apexstreamteam apex tracker playapex
0,exciting apex legend gameplay ranked mode youtu bhkry azx
1,wasted time editing shit lol going youtuber hahaha
1,latest apex legend hero master thief named loba dlvr rvnfxs http co ezljaus
2,playapex none currency character loading not see battlepass either tried restarting still nothing server issue http co pwibpef
0,sniper deadly
1,hate see
0,favorite win far lol
1,th place kill
1,not give kraber pls
2,hate amount problem game unbelievable two update two week problem not addressed like playapex titanfallblog
1,kyoot
1,first look cosmetic apex legend octane edition receive message buying edition thank purchasing apex legend octane edition enjoy exclusive item pic twitter com joyd wmpl
0,exciting end match ever apex legend pic twitter com lqkohfram
1,positioning everything
1,call duty warzone people thought apex legend much fun
1,thing not let flop
1,kill playapex clip
0,oh hell amazing
2,playapex guy please fix disconnect reconnect issue really suck getting penalized ranked disconnect dying need invincibility something get killed cuz really bullshit
2,playapex soooo lost like rp today not blue screened got code wheeled p apex wtf respawn
0,wow
2,playapex releasing crossplay beta half way ranked season already connection problem stupid decision
2,playapex titanfallblog new apex patch japanese audio made not open apex since old patch even taking get error saying unknown file version pic twitter com qgrufoiox
1,yo itktrap road bumpy awww damn hit
0,much fun interviewing pathfinder aka chrisedgerly month ago podcast
0,far best clip apex playapex pic twitter com etjf
1,watch strapxaxholic twitch think pretty good
1,swear easier win apex legend fall guy
2,got pred flew plt dim hit massive wall every game became struggle kept dying b nothing going way wanted give sucked grinded took hr get pred bad game playapex dead toast pic twitter com kzwvtvq wl
2,playapex hello encounter strange quest timer apex account since last update treasure pack hour daily day lost treasure mission week maybe normal one not know help game file already checked pic twitter com iuvezbrjxe
0,playapex show bangalore love
1,check craacked lowdawg round love guy twitch tv tirox come turn brother back best duo apex legend tirox
0,glad back playapex one day win though pic twitter com zm bew
1,respawn playapex check not like singing twitch tv video
2,respawn apex legend freezing loading screen tried shutting xbox one tried reconnecting internet restarted game still no luck issue since yesterday help please
1,giving chill
2,playapex come one guy rev bad boy golden outside totem zone lame
0,great way start first game day
1,mixer com sirdover ut
1,live watchmixer playing already know throwing positive vibe come catchem mixer com mrsgreensheep http co bik vkzix
0,actually pretty excited see season bring apex cross platform yet
1,came wrong house playapex store playstation com
2,playapex get error blue screen one account account play game fine help
0,
1,check video
2,play league legend still bad though
1,tahm kench fun fizz
1,markyetter leagueoflegends riotgames redmercy first afk game promos failed time due afks supposed really win please tell pic twitter com ft c xjw
1,iisirpootnickii computer issue may die point going chance steam anyway not sign steam playing leagueoflegends keep trying get twitch tv iisirpootnickii
2,riotgames leagueoflegends fiddlestick rework nerf made lot weaker dark wind perfect kit guy decided replace weak skill fucking disappointed
2,rakan full fired shit
0,awesome
2,rubber real life qss
3,riotgames leagueoflegends whoever tag actually get banning actual toxic frustrating player hard guy million dollar company yet not manage something vile player make game unpleasant
2,glad not wake early get disappointed league legend pokemon edition
1,high elo best champion tier list league legend patch zonestream cx feed http co pk kb
2,wtf
0,feel good belt yet
3,no idea positive superm
3,yassuo show perfect example high level thresh league legend lol daily moment ep ift tt mbg yassuo show perfect example high level thresh league legend daily moment streamer ep fttyler yassu ift tt ltomy http co w fwfogfp
1,people loved idea virtual idol champion hated fact music based ability geez people idiot http co vup amv
0,amazing synergy moment wombo combo league legend youtu bx inoybc
0,going watch ep sister playing cking league legend wait till tomorrow watch disgrace
2,velkoz hate velkoz he worst champ ever exist league legend thank
2,league legend issue since pm bst downdetector co uk status league rt well
2,epicgames fortnitegame fix game friend freeze no reason several time day cilent worst league legend cilent
0,would die kindred
2,league legend fucking plague upon humanity
2,world league legend not exist pic twitter com cnsgmr uro
3,played game player go afk whole game took fat shit load screen toilet started flooding not notice min game carpet foot started get wet lol player not even human
0,stupid reason troll leagueoflegends game jungler never ganked permapush lane riven teemo someone gank oddly enough type player usually toplaners
0,angry advertised league legend merch want buy
3,reacted
0,wow
2,would whale shit kojima involved
0,finally got golden boy toxic trash panda love
2,see league legend going die
0,honor super sweet vfx sirhaian
2,leagueoflegends consider making icon go hextech skin would great addition
0,hey riotgames love game dude league legend one time favorite game love chance could try project thanks
0,live let u face addicted league legend twitch tv jackpot
0,playing league legend smelled something burning razersupport pic twitter com maibqb grq
0,lmao love thread
0,new dragonmancer skin straight fire via samekstefan
2,fact crush play shit enough reason stop liking
3,
1,twitchsupport solution linking another account league legend reward not work claimed many reward incorrect account pic twitter com jsd exjeat
1,nutz factory opening soon going live twitch tv deezopnutz
1,best champ one trick every role watch tattlenews com timeline leagu http co bwxtaj rdi
2,amazed many people play league legend still toxic game still honestly bad thing play purely community alone
1,live vibin avnjay come fun u twitch tv blackclawkitty
0,lovely fox
2,never tierd entire life
0,need
3,super happy work wihsesports make opportunity happen student
1,got
3,reason addicted league legend senpai faker instagram com cak jjm
1,check video
1,sharing lol stuff last year cuz dead next kai sa
1,several mental breakdown proudly present flourish gun jhin immortal journey skinline big shout many thanks unforjhinately icesayu helping design keeping going
2,leagueoflegends please please please fix matchmaking report system lost two promos turbo inters checked match history inted hard aswell talking like something top laner
1,sfl league legend simulationfl
1,excited announce partnership volvicde cooperation volvic exclamation mark german esport time award success leagueoflegends tremendous effort team staff behind scene thank pic twitter com elixsdzk
1,playing lol realizing actually not mentally strong thought
0,malphite shard monolith always good pick attack defense magic difficulty
2,way not serious hate game
1,omg wt tf drafted enemy base
3,permabanned team not getting banned every game
1,love league legend hate playing game
0,favorite pastime league legend knew could trust bxtch
0,yuumi super cool fucking cat braum good person neeko damn funny janna would take good care
1,remember watching live wondering choreographed dance four woman bloody incredible want three minute goosebump watch
1,hi everyone skin concept syndra demon spirit blossom hope enjoy try upload drawing less shitty post
0,benjongalong blogoflegends com lea
1,almost year finally changed league legend username holy god
2,dopamine receptor fucked league legend no longer play game unless competitive feel bad
0,well know league legend long pointless talk back troll agree piss
3,stop illegal
2,disappointed honest
1,like please love lol visit u rivenastore com
1,league legend ranked promo update today game included mordekaiser died afk came back min later died afk came back min later flamed afk lost game
1,
2,
1,live phantasy star online ship home ship unboxing amazing gorgeous logitechg tkl omgawhed twitch tv djtechlive clash tournament leagueoflegends later tonight http co rq omv rey
2,not even make sense
0,star guardian incredibly messy sleep schedule rt please not flop pic twitter com dinbjst zz
1,fanart seradotwav beautiful like zoe
1,check video
2,damn want lp back not shit league legend
2,fucking hate league legend
0,ashe frost archer almost strong draven attack defense magic difficulty
1,fuck listen fuck ton fucking ip required spend stats could not play game well nothing thank phreak new rune
1,made smol little piece celebrate team victory top clash leagueoflegends pic twitter com vlyisfscqt
1,loltober day favorite duo not understood well decided go favorite combo game poppy trundle
2,leagueoflegends ya know poppy bug killing game right right disable shit
1,twitch tv trickporo live pm aest gong time
0,getting hecka gaming via amazing world league legend thirsty thursday let u slam command murica twitch tv shawaine
1,check video
3,not make mistake made brain leaking nose
2,league legend suck
2,way ranked system work fucking atrocious horrendous disgusting perplexing baffling put gold rank bronze supposed climb going people not rank leagueoflegends
3,congratulation julienmid value selected team yassuo upcoming league legend twitch rival value secure three peat julien pick first championship find next week
2,leagueoflegends change item hit live server done year game change exactely like epic fortnite sure many player agreeing tested pbe horrible full disaster
1,league legend finally illegal
1,top best laptop league legend toptechstuff com best laptop fo
2,faced blindness status
0,nonbinary tired usually still best league legend art honest
0,loving pro scrim incentive
1,ingameleader social enterprise us esports help risk youth get street improve mental health throw love way following
3,still feel unreal made gg sinner esports
1,wow bro really piss baby disconecting everyone else internet selfishnet not play league legend huh
0,yo riotsupport sure not want release yone year ago yone dabbing running homeguards
0,kda music winx club finally series finished much fun four planning get skin soon get released comeback banger sure hopefully like
2,worse playing league legend straight hour
0,hour favorite day year league legend world final waiting hope year decent end riding game hour
1,ever heared legendary tale korean grandmaster support teemo leagueoflegends streaming live twitch tv exploreforce
1,guy seriously start realizing league legend teamgame start champ selection even soloqueue talking hovered pick teamcomps not toxic not uncalled not stupid not say let play want dodge cuz stupid
1,ranked gold support main league legend twitch tv trixmegistus
0,neon princess happy old photo already making new akali costume
0,day ten playing league legend wife left kid disappeared flash master caitlyn life good
2,playing league legend must one worst idea
3,awhile see korean ad without using jondaemal
0,amazing
3,already know time league legend grind come watch fav streamer live twitch tv warpten
1,song sound like could made league legend mv would like see pic twitter com ydpytvthrx
1,check video
2,riotgames leagueoflegends wtf proud fucking asshole allow ban idiot really fuck riotgames know not punished shitty ypur game pic twitter com eb ghroo
0,bro new fiddlestick exactly envision horror like character look like gg leagueoflegends good stuff
0,top league legend counter strike go runescape fifa
1,call mountain lor card impression freljord behold face old one mobalytics
0,bard wandering caretaker always good pick attack defense magic difficulty
1,cga unthinkable move sole possession nd place leave sg dfm pick piece wake last game day game
1,not know hylissang look kind unfortunate last fnatic game
2,want report racist use filthy racism word bully league legend game person id gotcha uwu xd need chat history keep
2,fucking hate league legend shit game
0,individually colored border skin line dope af wow
2,fucking hate video game
3,laurelamandaaa geek wow
3,realize die faster fat pic twitter com ea ifxiwsk
0,playing league legend listening hi high feeling awesome
2,yeah example league legend devs work really hard give u quality mental illness shitty fucking idea
2,leagueoflegends error transfer code mordekaiser dark star skin not redeem code given euw twitch giveaway belong la server please let redeem skin
0,know perfect time sit home make music honestly quarantine play maplestory league legend
0,baby handsome please marry
0,absolute funniest interaction ever seen league legend pic twitter com nswyumdvrx
1,check video
1,check video
2,omg please toxicity league need fucking stop going far
2,ded tired
1,incredible getaway ft lorenzobaby medal tv clip
2,leagueoflegends fuck
0,game crew league legend clash yesterday texting apps looked like love asshole xd pic twitter com nt cfslten
0,day firecracker aurelion sol really like idea hope see something like one day prompt eraiviolett
0,teamwork finest medal tv clip
2,aphelios get ban rate league legend tournament championofgames com aphelios get
1,would rather die carried head cola bora jogar junto twitch tv francis eureka valorantbrasil
3,yesterday oce leagueoflegends streamer wwf australia night raised go directly towards helping wildlife affected bushfires thank everyone donated generosity streamer got involved legend http co dadiiywgg
2,joshetyler blogoflegends com lea
3,really pleased see move like tournament organiser especially thenuel aligns push diversity within warwickesports hope help making esports better place woman
0,bravo riotgames always know get hyped leagueoflegends ranked season super excited
1,champion season dev video league legend reportzone net champion
2,league legend one toxic ex keep going back eventho know waste time killing productivity
2,not even feel like playing fucking league legend
3,christ sona food quality content need life bless human person
3,gg und fucking well played
2,leagueoflegends please not change quinn hair brown purple since release would suddenly want change year later full visual update would understand changing hair colour no reason suck quinn main pic twitter com cklz rusl
3,congratulation advisor tj boriello esports team jonas azhak justin hunka hrushi mewada simon pucino luay salem joseph scarpulla tristan soriano making league legend championship match tomorrow pm
1,check video
2,implication seraphine witnessed jopping superm thus superm officially part league legend lore not anymore would something absurd fucking jopping make carefully constructed lore billion dollar game
2,attention due fear getting coronavirus not girlfriend time reason please not believe rumor league legend player ugly
2,nobody asked fuckin pokemon league legend heart broken beyond repair
1,tencent clearly actual story lol trump ban league legend
2,man get tilted riot server ruin competitive league legend experience twitch tv buzzoce
1,lifetime rp reward allegedly awesome league legend news tradechat zonestream cx lifetime rp http co wusrsxv qo
1,guess back gym tomorrow live pm aest twitch tv trickporo discord discord gg pbnfg
2,leagueoflegends warring kingdom xin zhao not horse pic twitter com polxzc
0,time ranked league legend follow progress twitch tv thvandy
2,leagueoflegends riotgames one since patch problem sensitivity mouse mac o frustrating since not chance setup yet everything feel different idea
2,holy shit world
3,scratch cancelled well
3,tweeting lost stock market game phone going lot right
1,actually want play pok mon league legend badly holy shit wish voice chat call everyone racisal slur losing like actual league legend
1,check video
1,miss fortune v tahm kench league hentai com miss fortune
1,check video
2,league legend suck play rogue company way better
0,league legend taught come term disappointing third novel
2,honest looking talented dude low sub count make really uncomfortable
0,great stream today thank coming first ever league legend stream going lot
1,check video
0,game loss streak baby love league legend
1,thought kbm player use play league legend fortnite fucking neeks
0,played year not say anything luck kept punished lmfao
3,need stop propaganda
2,league legend issue since edt downdetector com status league rt well
0,no like motherfucker kiss
1,lilbabyadrian live playing lol make sure check man stream not disappoint twitch tv spflow
3,ranked en silver tipar
0,sometimes league legend bug blessing disguise darryl ty pic twitter com jo ufhhio
0,coven morgana owl transformation excited new skin lol e leagueoflegends
0,playing
0,actually made scream
2,stop playing league legend maybe find fucking girlfriend fucking nerd
1,check video
1,official enterprise networking partner league legend esports cisco committed powering future
3,fuck entire smite community damn horny
2,riotgames leagueoflegends time today role big fucking good company
1,legend runeterra master teamfight tactic master league legend gold guess bad skill based game pic twitter com wnsy qagl
0,dreamed playing league legend korone playing support shaco controller vivid
0,think officially say addicted
0,fan lck finally good league legend dwg show pro gamer move
1,thinking gameplay video showcasing anivia rank elo hell
3,marquettestangs week one emustang league legend result first match yes thanks team member student leader rohith mentor clerkie playvs league legend
0,pretty fun guy watch bored
0,bundle draven glorious executioner weapon keychains retweet like http co jkg uv
2,starting hate game
1,not fan region team fan whoever playing best league legend world right happens team solo mid silver scrape hype
1,october bringing great vibe great music even better time steady grind deep cut enjoy cut enjoy twitch tv harrisonwiley
1,wish ragequitters
3,angry fucking weird not enough
1,check video
1,hi ash multi ship house like makeup cry eating writing league legend throwing love people ao archiveofourown org user simplesa cc curiouscat simplesalsa http co hfepr lj
3,no league legend nickname namu old reason behind loved word learned
0,omg dreamcatcher league legend crumb way seraphine good taste
1,edited ago really get back editing pretty fun motivation hit
0,worth
2,leagueoflegends zeitnotlol twitter com dumbledogelol homophobia not crime guyz want sell skin not care employee
3,round iconic play world bracket deleted aced greatest team history league legend taken greatest team europe ever produced
1,police interrupted league legend game illegal
3,vgdunkey unlucky
2,faders problem people not stand battle win lose not play hurt game riot plan improve detection griefers mitigate harm affected league legend player dotesports com league lege
1,check video
3,go live twitch tv john bon pony
0,not believe saying league legend kind best game ever played t sort like created steve job
1,league legend honestly make depressed shit not believe still play trash game
1,good share check item loving poshmarkapp shopangrykitty
1,pool party caitlyn excited finally summer photo chris cucufate pic twitter com ghicw nmt
1,highest complement ever received thank much dude home said thought sneaky fucking honored af
2,today bad day league legend
2,loading screen not end
2,easy birthday game
2,rune scuffed give back lp rito riotgames leagueoflegends
1,match describes season perfectly youtu ewdsndvh
1,hmmm top lane scion mad voli bear bit damage jungle lol
3,thanks mention dragonesacecho
1,playing solo ranked adc picked xayah went rakan sg skin either going go really bad really good
3,league legend latest champion colorful pop star smartrobotics com ng lea
1,wandakunpls sirhaian say fucking much love videogames point mean soo insane leagueoflegends post one picture something not really know trying understand picking piece together
2,league legend started fps spike two day ago sign stop playing
2,not gunblade pic twitter com gfk wn bow
2,game always make ugliest annoying male character add playboy trait fall stop making look mirage apexlegends sett leagueoflegends fuck annoying
2,hey riotgames leagueoflegends sanction bunch toxic playesr avoiding troll player shared u explanation maybe
3,cosplay way intimidating cuter character
3,oh shoot fallen victim virus pc run salt rakan skin
1,riotgames leagueoflegends man glad ban toxic chat sure not ban people literally get game leave afk true toxicity loses lane get killed twice no comma disconnect entirely min level get place gold game pic twitter com krpx qe ef
1,episode hell kitchen always favorite
1,league legend announcer pack delayed due coronavirus dot esports
3,welcome
1,west bit hope good playoff finish slowly dying esports getting worse every game least na getting win
1,
0,nothing like getting two leaver game would promoted love league legend
1,made nerd virgin league legend listen gulch said hurt ear called weak
3,sit tweet negative shit like day god not even league stuff tweet shit mostly negatively well
0,something lulu league legend make emotional
2,c minute thrash iron vibe
1,check video
0,glad korean league legend back screen first series already better lcs lec game far
2,like losing league legend game chat
1,need healslut duo ranked league legend tired random as teammate fun keep healed like dumb whore
0,genuinely screamed hitting double kill twitchretweets riotgames lolesports leagueoflegends http co etsi gpenu
2,one single match enemy ints feed u loose inters league legend well deserve title worst gaming experience ever
0,love
1,not posted today want let know working day makin cash money relaxing getting hair done streaming week
1,league legend feeling little depressed atm no cam twitch tv gamezor
2,feel attacked
1,easy penta follow triple spawn best jayce pt coming check video
0,zoe totally healthy not deserve hate insane amount nerfs
1,riot like oh well lost lp
1,not shortstack problem quit posting yordles anytime want
2,leagueoflegends not connect friend list not add people lobby
1,watch playing ranked game give love shit
1,happy birthday brave th
2,urf not fun league legend youtu oudierje via youtube
0,gaming got killer live league legend killersquad net live twitch li
3,best assistant coach ever
1,avril lavigne league legend bad dawg
2,hate league legend pic twitter com twkakwy ab
1,killed rakan
1,no idea ready give twisted fate
3,first time month power went thus lost deus san sad lose like oh well
0,community skin hype leveling think good time mention zoe added next mont one joestar reddit com zoemains com
0,good time
3,redmercy happy birthday
1,oh fuck realized league legend champion get smash relatively high chance yasuo fuck
1,watched brother play league really like wig guy
1,uh peep quest not leagueoflegends riotsupport pic twitter com frmv htr
0,boyfriend got league legend love teemo
2,hate league legend
0,wip favorite skin line
0,art lilia tyan spirit blossom skin find cute shy
0,not know would today without anime league legend successful responsible loving girlfriend not virgin productive day thank god
1,league legend join would amazing
1,finished morning stuff felt urge play league legend first time week maintenance god good saving game
3,league legend player bronze play support euw clearly need one supps random match shit
2,think leagueoflegends get rid portion site repost left main acc name first time pic twitter com cmegwdf sd
0,glassymarble spent hour league legend mean day life wastedongames wol gg stats na glass hahaha fucking kill
1,kayn yes happend not know guess rhaast want kill stuff instagram com aternentapi http co rbtyqhre
1,new video youtu rd gj dm
2,not forget tpci partnering ncent mobile pokemon league legend league league aside ncent really shady shitty company likely featured
2,leagueoflegends fix client pussy
1,drx bit careless last minute maybe thinking already definitely need clean te game uol actually well no quit respect
2,not stress enough seraphine worst fucking thing league legend implemented not lore gamplay wise also marketing might actually quit league
2,war ultimate league legend crossed binding isaac much frustrating
3,maybe sometimes feeling little seething hatred soul fuel good toxic counter jungle
0,wanted play league legend ping not let annoying
0,darius hand noxus great pick attack defense magic difficulty
0,want play leagueoflegends miss much escape peace wrath
1,royal never give looking really good vici not even know go great team performance rng jdg excited see take summer split
1,suikoden alex kidd miracle world persona soul calibur league legend nier automaton
1,ranked league legend solo queue
0,grinding twitch tv krrnster
2,valorant addicting af community high key friendlier league legend getting kill feel satisfying lol
0,best support ever pic twitter com rvrakxegpi
2,even beautiful skin not stop banning
2,pokemon disrupting peace forcing play pokemon league legend not sinnoh remake
1,live new monthly sub goal hope everyone amazing night great start week love goose
0,hereby dinounce hextech crystal brother skarner first favorite champ also sona fiend leagueoflegends riotgames
0,downloaded league legend addiction
2,haha league legend like bad game
1,league legend duoq ranked jungler mid twitch tv scylla
1,leagueoflegends guy going bring back odyssey year personal favorite would love see
0,fun version leagueoflegends art came experiment pic twitter com ga jamw
3,jteph love streaming stream twitch tv jteph
1,honk leagueoflegends pic twitter com qk wqhsg
3,video sooooo accurate
2,ruining life learning twitch tv scurveey
1,not know anything idv little heard sound like league legend gay people
0,believe say rengar one extreme wonderful voice world let alone quote
2,not know need hear stop playing league legend not worth
2,lose life playing league legend shitty ping point
1,check video
0,trying get league legend recently anyone want coach game nearly year keep coming back mainly bad lol know basic would like get better understanding game
2,leagueoflegends please fix login literally every site acknowledged broken except
0,way new league legend nexus blitz fun omg
1,best lol play moment youtu zgwnjkc gg
3,going call op bad take use sexist joke proving point people going joke meme fucked not know
1,game starting tricked esport fnatic rising nlc summer league legend watch twitch tv nlclol http co dk co
2,
1,thank everyone live lady gentleman hand brain hand no brain twitch tv gatorade
1,far go time maybe revisit later sorry
1,greatest innovation league legend history youtu ehbhmtrktlw http co aa tjkpem
0,soo mutuals play league legend not played year no clue game would love casually get back awesome people not care suck as xd
0,far way better yesterday
2,something essentially wrong not know used word correctly idc leagueoflegends matchmaking system last season came gold without trying year actively trying learn game improve stuck
2,riot coward make everyone jungler egg
1,bunch fanart sketch
2,leagueoflegends rip good game no mastery pic twitter com rjzx xve
2,league legend login attempt failing posted january gmt aware problem causing login attempt fail working fix platform affected window macos
1,close aquadra kill
0,ready battle heel first pic battle bunny riven thanks keirethlol amazing photoshoot hope enjoy
2,low league legend quality stream no cam today new follow alert twitch tv islashl
0,awhile since done something not chibi fav lux skin
2,still want know reason riot put tft mission league legend mission tab fucking annoying
1,league legend toxic please participate trying prove something
0,list thing hate still willingly indulge playing pichu top lane league legend eye contact kingdom heart series men
1,one best adcs gosu approved tft fro phone twitch tv rarscooby retweet twitch twitch share retweet twitch twitchtvonline twitchshare lolgosu twitchtvhost leagueoflegends
3,constant mouse clicking always got
3,new chapter begin join cowana super excited split esketittt
2,not like
0,jinx nutjob also really fun always happy get game youtu tddemtpdpl
0,gittin gud lol soulsealer twitch tv jordaythegnome http co ca rnnlvr
0,league best theme far
1,freaking insane got kill assist league say something teamwork live twitch tv mishmanners
1,kayn feel shame
1,happy happy monday tonight streaming playing league legend learning character aram match not wait see
2,toxic af league legend not know question mark pinging people funny
2,akali fucked animation arhoangel audio volkornsfw voice pixiewillow redgif redgifs com watch required mega mega nz file veqwxkya happy hump day http co xg lg lj
3,esports brings together european league legend super team mid season invitational almost world championship also th domestic leaderboard
0,love league legend twitch tv gincli
0,wip sewn chaos amumu really wished skin amumu blitzcrank not cancelled back really like design
2,twitch tv gulfcity hey leagueoflegends introduce entire whalegang armello going murder sylas
1,hello
0,rickfox looking good nbcsvu not forget leagueoflegends though pic twitter com ici ex qwk
0,league legend honestly best game ever created
2,league legend straight worse heroin
1,ever since started leagueoflegends addiction making new account made another one pls help
3,congressperson playing fking league legend definitely another dimension kind love
1,awww yeah baby birthday
2,
1,league legend pop group da announces comeback single baddest insidexpress com entertainment
0,
0,enjoying league legend atm pic twitter com rekhuvp nh
1,lost game league legend pc restarted without even asking kanker window
0,playing tile league legend enjoyable playing tile league legend enjoyable playing tile league legend enjoyable playing tile league legend enjoyable
2,not play league legend
1,great streaming last night thank watching supporting stream tonight want come watch come play twitch tv jtay
2,leagueoflegends still remember customer service wast star good old time
2,discord riotsupport mortdog kami banani playvalorant riotvedius leagueoflegends lolesports hope guy read tweet unfair not respecting opinion not want supp homo twitter com amr statu
2,riot anything amount account sold league legend right making climbing gold actual gold player nearly impossible obviously creates toxic environment stop making new character fix game http co tpft di
1,legend runeterra ranked lol see social twitch tv lucaslucassen
1,league ranked also morning twitch tv tenatian
1,pov riddled anxiety try play league authentic classical background twitch tv mewnii also maybe ori
3,going miss league legend happy wish best thing
1,epic mock apple iconic ad possible revenge fortnite app store ban toptech news epic mock
2,declaring fortnite roblox virtual currency tax got complicated egamersnews tk declaring fort http co pps msez
2,fortnitegame not enable fa website say credential using invalid fuck
3,whoisaddison made fortnite montage
3,make happy knowing creative community come together support even not donate share least hopefully rest go charity
0,gotten really good fortnitegame switch attempting make transition p pray sanity
2,absolutely ridiculous prop hunt not fortnite anymore utter disappointment smh jakestatefarm fortnitegame kimkardashian
3,see get behind explain ya self controller broken pc make complete sense thank ninja actually explaining not fucking retard like everybody else
3,not understand hard leave someone alone know not even care like bored hop fortnite babe stop wasting time
2,fortnite still place heart damn going downhill
0,going suck dry fortnite twitch tv mintyyprod intollerant like fortnite
0,awww
3,jay wool favorite artist
3,real friend shocked played dynamite fortnite soundtrack
2,bullied submission
0,super happy drawing favorite skin season time favorite tier favorite tier skin
3,twitch experience started thank good memory staying til class meeting best friend
3,nice every shit guy fortnite comp us softaim sad
3,fishman hello made fanart leviathan fortnite got pretty happy result one favorite skin cool wanted edit style cuz not match much backblings
2,yup said thing day ago thread current predicament appears making rogers wrote arguing epic strategically chose breach agreement apple epic judge protect unreal engine not fortnite theverge com
1,wait john jones agent jonesy surprised could hear fortnite character trying speak foreigner not hear something causing not heard http co neuexjrlpv
3,attempt youtu av etp pkog
0,next level
0,eating mango playing fortnite brightens day
0,best night boyz
2,tiger tell golftv stricks addicted fortnite not like fortnite
2,epicgamestr fortnitegame save world glithced not get vbucks save world daily log pressed claim worked not showing
3,streaming fortnite live mixer com hand dband goal get follower underway appreciate love support one mixerretweet triggertwinz mixer fortnite mixertweet
1,fortnite nothing well suck
0,someone get fortnite getting slap
3,kill race raauzszn flamingbtw nahelbejuggin tune youtu q em zw
3,broke hand playing fortnite youtu ucw tjr http co vjey kru
0,funny laugh thank blue fortnite man
3,sad none boy fortnite since nobody right not feel like playing not even get clip got wait least hour one friend going shore right bringing stuff bored
3,swear bro one stupidest fortnite account like account even worse fortnite artist lmaooooo
3,jeriolex win dm claim minute
2,fortnitegame never fail disappoint everyone
3,need computer badly sick playing fortnitegame
0,pic fortnite way back season watched looked clip pic sad
0,camdy combo actually really inspired not make better combo also center around theme usually not thank idea
0,new fortnite battle pas dope
2,lady gaga one fortnite concert absolutely would make account would hate
3,not fancy improved lot recently gained lot confidence kid got pooped confidents xd medal tv clip
3,tenetfilm sorry trailer fortnite going flop ksiolajidebt loganpaul best album clothing hahahhaahhhahaha sorry fact
0,guy thanks luis making fortnite profile
3,safari expedition desert extreme wide shot desert made scratch safari car add thing fun making dune blender really getting somewhere lmk think
3,nigga kill fortnite not gun chased two min pressed bitch not better mf
3,live come chill night vibe road let u go family watching jrican awesome stream come check mixer com jrican via watchmixer
3,found killed last season tag
0,make happier kept watching not video less glad zombie back
3,go watch girl edited proud
0,mom playing understand even less good
3,sit home crusty underwear fortnite playing motherfucker time shine baby
3,pro tip not asshole
2,fortnitegame fix game lag frame drop go near new mythic poi fuckin frame literally playing console fortnite fix game
0,benjy cup point system good thank benjyfishy fortnitegame
2,sometimes fortnite piss
0,nothing scream left wing agenda like good old fortnite
3,aswell blast last night stream good laugh good laugh not wait stream evening not wait
2,told fortnite programmer good idea give army purple bomb
0,family friendly content year
3,beat kill record team rumble
0,fortnite literally unmatched game event no one else even come close
3,bruuuuuh cousin playing fortnite said bro getting fucking gangbanged lmfaoooooo
2,added fucking rick roll emte fortnite
2,fortnitegame guy nerf crash pad also since last update not worked bailing choppa even tried throwing still no bueno
3,yo huge shoutout repulsegod using banner retweeting thanks support
3,formula yo alix formula big fan mean lot vid fortnite username fresh ed t pls add
3,hi best streamer ever live please come join twitch tv analovesyou tideggs
2,fortnite tournament million dollar multiple people not play half game due loading screen bug losing lot money potentially qualifying next round lmfao
2,unbelievable apple fortnitegame epicgames
3,oh play gta fortnite call duty cute play video game physically harm pic twitter com ar seuuyad
2,literally every company ever think need start supporting every scummy company no good side company
0,epicgames one biggest fortnite fan love game really want bring back ninja cosmetic want really badly lot friend please
3,scar playz clout yapur dunki lennifiedboyo love play fortnite stream talk chat entire game make laugh still get end win got entire stream still http co siq cg mhn
1,fortnitegame bought not mean please get refund pic twitter com dkvxbzyu
3,lakers gave fortnite player soundcloud rapper best big league
3,three code used fortnite code gaming mrappiegamingg code qtkitty kittyfnbr code jakkwolf jakkwolf love supporting people follower others
0,kid point griefing u point love competitive fortnite
2,not understand fortnite pro not normal thing game casual player complain not enough new stuff randomness make no sense
2,fortnitegame epic pls release another new legendary skin
0,ar switch definitely saved squad burst ftw
3,ex boyfriend never wanted anything unless involved sex think even pet name sexual babygirl ugh current boyfriend call cookie play fortnite hardly think sexual stuff better
3,follow fncompetitive right fuck nowwwwwwww get mil maybeeeeeeee arena duo pm central rembrandt trio came night week next season cmon fortnite bring soon hit mil not next season
3,know shit sad nigga faithful fortnite
3,love going kid tweet say dead game fortnite posting reply funniest thing ever pic twitter com yxusajurie
0,fortnite event pretty cool kind completely confused lost actually happened storm water thing super cool took lot screenshots
2,competitive fortnite player not ruin game fortnites inability make pub competitive two different game ruined game every comp game caters audience example c go limited map loadouts
2,looking pc spec yeah run fortnite fps bitch not care play fortnite
0,elonmusk mr musk please use code assassinxhd fortnite item shop nice tesla pic twitter com ajv
1,dusty depot
2,fuck let blade fortnite
0,fortnitegame
0,holy shit fortnite feel smooth update wtf
3,reported tik tok fortnite kid saying hard word tik tok said not violate policy hate speech lmfaoo joke
3,one last april fool joke head cracked fortnite dance
1,
3,old pinned tweet kind stale mix
0,really want play fortnite surprisingly enough
3,live twitch tv sir papafox streaming cash custom well fashion show stop interesting content
0,magzonyt lot fun fortnite recently make video
2,not know fortnitegame not seem care asia server care every single server region yet not asia people south east asia bad ping fighting japanese ping epic fuck new
0,one still enjoying fortnite
3,last night hit milestone got first ever stream victory royale every stream good time chat lively another fortnite stream tonight tune http co mxlafkldeg
0,fortnite nice
2,fortnite need nerf smgs fucking broken
0,
3,congratulation ninja skin fortnite game time pic twitter com bh zuiccp
3,welcome oshypefn team aztech fortnite roster please give warm welcome
0,fps not stop
3,come stop say hi st live stream tonight pm pst late night nicci luv teaming legacy mirror fortnite duo hope see
2,really loved old map wish could get back
0,lit
2,fortnitegame need fix crash game crashing pc saying application hung wtf going
0,like fortnite pic twitter com vomedunwwu
0,wow
3,trvisxx sorry called black skin fortnite battle royale samsung galaxy phone
2,bro fuck bot fortnite game shit
3,cryin becus apple u dirty
1,damn fortnite deleted play store
0,fallguysgame game cool pontential not top fortnite competitor feat game play please missing not xbox pc garbage
2,fuck fortnite fallguysgame hope put fall guy mobile
0,fortnitegame birthday next week want guy something stuck inside not anything username snekeyguy well bye
3,mental torture video game put quit playing
3,th february know love fortnite assumes single
2,
0,happy birthday fortnite rd birthday
0,
0,downloading fortnite back maybe kill self ddddd
3,best fortnite live event ever youtu jgshfpt go check make sure leave like subscribe
2,adding cozy chomp worst thing fortnite ever
0,happy birthday fortnite
2,quit
3,much damage people fortnite shoo tme die see much health always like health getting tiring happened time row top
2,fortnitegame might well unban liljarviss since fricking ai bot aimbot
3,live going chill one today still pain training weekend body not used shizz anymore come hang mixer com jazzyxp
3,going make diluc fortnite dance watch
0,cool
1,fortnite pwning noobs youtube com watch adda
3,not tell much enjoyed stream today thank support massive plan new rebrand coming also plan bigger variety game like csgo rocket league steep fortnite ironsight much look forward
3,opusip co uk florida tourist attraction suing epic trademark infringement fortnite gamerant florida tourist attrac
2,epic need fix soon possible epicgames fortnitestatus fortnitegame pic twitter com rg gvkugm
1,fortnitegame changed map sincerely game already ruined like bot truth gameplay shit well keep playing else matter
2,hate fortnite sweat
0,love fortnite pic twitter com bzayh cm
3,honestly mentality disgusting almost destroyed soooo many friendship sooo glad still homies use code zagrim tater
3,back og meme love sky base follow every day cyper everyday content
2,people still give shit fortnite lol
2,fortnitegame fortnite take lightsabers past movie annoying guy fucking suck
3,joke even actual player not believe sizcuhh
3,man killed today
0,winning
0,fortnite fun stream tonight
0,finaly got midas flopper
1,friday already fortnight review personally professionally stayed strong not broken face fortnite review constant endless revision squabble rule boundary responsibility
3,not watched nba quiet time actually boycotted year hong kong fiasco dame lillard may bring back like fortnite heater
3,shit not know harry potter fortnite
0,fortnite bad minecraft good yoy may laugh weed eater
2,friend mine literally waiting hour like trash especially pushed back much
3,pok mon go poll gimmick place substantive issue policy pathetic embarrassing
2,new fortnite season dog shit
0,new game mode called liferun added fortnite soon first showcased pax south day game mode play red cross worker racing save life character different mission via adamgrenade excited
3,kid fortnite lime
3,man streaming playvalorant breathe fresh air streaming fortnitegame ong ya not even know
2,wtf fortnitegame dindt even reset wtf
2,fortnite comp joke not allowed jump trying dodge freaking snipe
2,game keep crashing pub much b keep getting error fortnitegame pic twitter com sbhd zz fp
3,people game like really aggy ash like fucking fortnite kid not no skill game like person no reason pic twitter com kmdzhaeied
2,fortnitegame pls fix glider glitch got like come
2,skin not age well localpolarbear
0,love fortnite pic twitter com seqciitmsl
2,sad mobile must update fortnite time pic twitter com sqzrpucybs
3,year old trading stock market scary news instill good financial habit curiosity equally high chance going opposite way seeding gambling tendency heavy loss trading o worse becoming next blue whale not worth
3,everyone go stop boy stream show love great trust
2,apparently hit not show meter sooooooo gone estimate boy please fix fortnitegame game perfect
2,switched fortnitegame mwmodernwarfare epic no clue
0,well done
3,come watch try complete royalechallenge
3,not lie fuckin streamer
3,far best stream without raid hovering around viewer hour gained boat load follows much love
0,playing fortnite try new season really like besides fact shark jump onto fucking land far water also thalassophobia well not playing forever got kill nearly cried melted
3,mf playin fortnite could literally buy goddamn ti still would perform like shit end game
3,crush listening random song class discord server playing fortnite not look groovy queue queued love girl yeeted back private music channel feeling good
3,check awesome new app called trax best fortnite app far top enter win buck giveaway downloading today itunes apple com u app trax tr wn nr lwkfdr
3,love people complaining deadpool fortnite never john wick happening
3,liked youtube video youtu wda oezexqa rogue agent no ser pay win shadowgun wg dragon ball fortnite top no
0,yo shit look fukin dope honest flav god son
0,pushing lvl tonight
2,fortnite console as
2,hate ghost fortnite
3,realized people play fall guy braindead year old fortnite
2,looking forward fortnite update announcement today instead got damn ajr hot sauce day man pic twitter com gnptv ixd
1,epic built real life soundstage game fortnite concert engadget com fortnite conce
3,thc loox fortnite montage highlight happy camper gg sigmamist com blog thc loox http co frlwy dqnc
0,legend never die
3,fortnite wtf moment
2,fortnitegame making storm water retarded thing anyone could come smfh like want ruin game
1,ift tt paltnh ift tt bfig average fortnite screenshot nothing wrong ift tt bfig
2,fortnite really copyed superior battle royale
0,add fortnite mimijewels kind addicted
2,fortnitegame actually ruined game many else aim assist nerf not even scope sen fix lose many player
2,fortnite server really bad today tonight lot duo squad load issue matchmaking issue not seen anything posted epic fortnite problem loading try going select game mode try
3,give person like rt follow niteknightyt tality end hour wish best
2,fortnite bullying not need pic twitter com yxuxkfy
0,
3,let u stop using good popular song shitty fortnite montage please disgrace song
0,fortnitegame thank putting star war lightsabers back game not even close pro player regular player like love
2,dam fortnite got fucking avenger bitch pic twitter com rwgpy fo
2,fortnite must forgot console new update came losing lot due fact delay new console editing system like post think fortnite forgot console console player
0,miss whoopin as fortnite warzone gta really goated stick foo
0,kind liking tilted taxi fortnitegame
0,anyone like new fortnite update fps amazing
0,tryna play fortnite get attacked like
0,beat saber crazy fun damn going sweating harder fortnite soccer skin
0,honestly love new season hell everyone complains map flooded new gun charged ruin game think give people new opportunity different aspect people play season love fortnitegame
0,great way bring exposure coming artist
3,see one year old grinding fortnite team commenting trump anything political might lose shit
3,recently crowned affiliate let u play solo duo not forget tell friend enjoy show feel free drop sub twitch tv thesauce ttv
2,stupid
0,look great
0,due technical difficulty streaming fortnite instead twitch tv harleylocal
3,good
2,wtf fortnite bullshit
0,fave game fortnite
1,beep beep store playstation com
3,advice suck like vm tiktok com zmjfqkrpy
3,best way protect samsung galaxy note buff ly zkjihu
2,ift tt hyjbnt ift tt cm heck done purple glow skull trooper not like fortnite mess thing not broken ift tt cm
3,wife celebrating th episode illustration department podcast dinner two kid play fortnite room pic twitter com zdhumbkvjo
0,going insane
1,fork knife hatchling come hang fun
3,yo shitting fortnite catch irl swear rock yo shit
3,mastiff broken link youtu azuyjnzs playapex
0,hit medal tv clip http co cxmyjryahc
3,bcc gaming
2,fortnite running like as fps drop everywhere wtf
3,stupid try hards playing fortnitegame since new season dropped
1,not thing celebrate lunar new year
2,fortnite challenge ugly sniper rifle dmg explosive dmg hate
2,fortnitegame new update make everyone lag plz fix
2,bad video game celebrate every vr
2,literally stupid company worth billion petty another company want share game app store
3,scientology
3,man top fortnite song
0,like meal nice round fortnite
0,damn never thought would go long ever without playing fortnite think mechs never introduced would likely still playing yikes fortnitegame pic twitter com mdeh oundk
1,dropping
1,fortnitegame someone u signing account playstation possible please block account signed epic name odawg please help
2,epicgames fortnitegame cheatersplat fuck fortnite bro done
3,
2,game suck fortnitegame pic twitter com zv qgxroy
2,bu fortnite dead
2,ok storm ok fortnite fucking suck fix fortnitegame
0,new fortnite season well know going nice cold gfuelenergy power pic twitter com dukchfate
3,spent minute phone nintendo support reimburse charge year made vbucks removed card account added parental control kid first time happened brother teasing cuz fortnite dead
2,not know feel offended
0,wow reason get really good na easy ping lol wtf happening west
3,not even tell fortnite bad post pic twitter com wntqjqza
3,not build fortnite spam smg breaking build get fuck game pussy
2,fortnitegame fuck game number trash weapon trash tim sweeney trash like mom
3,roundedtiktak thank
2,fortnite
0,fortnitegame good job seperating arena pub loot pool comptards stop ruining game everyone else
0,congrats time straight victory royale ejsjlxpwvtvyyvfukzbkappvyjjx rvh
0,going keep aim assist jump box drumgun absolute amazing pure skill show
3,travis scott astro nomical event fortnite game changer game concert enjoy youtu tuzva ybn
3,nick rage quit fortnite cuz thy wifi bfiemfkekdk
2,fortnite suck
0,good
0,useless skill probably fortnite
0,un popular opinion fortnite kind best game ever played t almost like thought person life alone
0,war zone worst damage consistency seen fortnite shotgun consistent trash
1,ran three people truck fortnite top moutain sniper shooting guy accidentally slid hill right came second fumbled stumbled pic twitter com vzb inp
3,realized trying piss actually gave money shaking cryign right
2,playin fortnite creative fill right nowhere kicked sed not permison play fortnite fortnitegame fuck
2,epicgamestr epicgamesbackup fortnite dog shit past server pic twitter com byy pqaye
0,ninja saw said fortnite terrible die within second landing island not bad game bad huge difference fyi not land next huge crowd people game content
2,not free use recent work
1,fortnite worth redownload
3,rage fortnite highlight
0,nice
2,not get fix plz fortnite
2,fortnitegame need help done recommended step people posted yt no problem playing pc sunday night pc not issue
1,comment rate fortnite skill complete utter trash trash average average average decent good really good insane one best ngl
3,freaking love kaitlinplacko allietrezz lorenyl cracked fortnite wish could good like fortnite
2,fortnitegame fix game server bad right
0,fucking wild copping tomorrow
3,love not able vod review whenever try fortnite open ob time fort crash
3,jennifer walter secretly reactive hulk wrap reactive youtu vk oowne
2,fortnitegame going something aim bot anonymous player name aim bot ruining game
2,stfu lol
2,thinking quit fortnite
3,ali best fortnite guy he super sexy accent make cream he sexy wife lucky put best content ali seeing nipple ring know love please give chance know love bb
2,suck honest
3,symptom something bigger going made mistake think
1,clixhimself everyone use code notclix fortnite item shop take vid buying something clix follow call cute
3,oh god baby nctzens watch kick see renegade think stupid fortnite dance
2,fortnite bot make game unplayed lmfao literally unplayable course land axe loot bot weapon already ground shoot even arm lmfao fortnite right waste data http co mmerzuizyl
0,fortnitegame concept might like ik kind bad drawing pic twitter com ud bsa vhr
2,not long ago fortnite ran well iphone switch physic p could not even join switch player party io gone android barely run game streamer jumped ship pc complains aim assist console complains sbmm nobody happy
2,fuck fortnite yes rage quit
2,anyways ignore fortnite tweet annoyed
2,not tell spider man dead pool fucking color eye
0,whole fortnite event birthday best birthday
2,fortnitegame updated patch still inventory swap teamrumble every respawn wait one update fix problem
2,fortnite shit
2,tired hearing fortnite roblox
3,guy fucking cracked holeeee
2,epic need help xbox come failed write necessary file loading fortnite need help
3,crusherrrz fnbrunreleased hey anyway try fortnite time machine know still working look amazing would love try let kno possible thanks
3,incredible achievement congrats kind suck comment negative hell swamp as fortnite boy think deserve
2,would fortnite college season duo trio game not make sense start making fake duo fncs post not trio
2,wanted change email could not not get account change please anyone need help fortnitegame fortnitestatus donaldmustard
3,tweet fault
2,sick tired fortnite collabs based mom getting point unoriginal
0,thank fuck one emote uno uno
2,fortnitegame id rather jerk hot sauce point would feel excitement playing game
2,bts terrible fan toxic fuck would fortnite cross terrible boy band
3,halo forger fortnite creator may want look note level design not environment art may actually explore bring back old halo design others not fully realized yet super pumped http co evch ugvwa
3,uniqlo fortnite hoodies tempted cop lmfao
2,fortnite fun lol
2,fortnitegame wtf pic twitter com xl gpd
3,apple big gay removing fortnite like fr lost lot customer smh pic twitter com dqhubzne
3,big dead deadpool store playstation com
2,no word appalled even not know mind blowing fact apple removed fortnite store due lowered cost buck epic game making short cinematic explaining situation
3,finally made subscriber thank guy youtu ylprpkba r
0,look new bash style game love new update
3,fortnite funny wtf moment submit think form gle povgapuni
2,callofduty warzone coming made realize shit fortnitegame as bloom shitty sbmm fix skill based rest deal withable
3,oomf torturing fortnite emote
3,seeing travis perform fortnite mannnn shit beautiful best visuals ever seen make miss astroworld fest
0,rue beautiful
1,weirdest thing happened playing
3,not know people hate sypherpk like
3,chat banned mat still got
3,best fortnite tweet change mind
2,feel bad
2,god not lil bro shut fuck talking stupid fortnite bullshit people instead actually br shit
2,brother got scammed fortnite
2,good
3,not stop thinking fuckn lit travis scott concert fortnite really outdone one think amaze u fixing server
1,apple went nuclear war epic fortnite bgr com app
2,fortnite unplayable min second youtu lhtmmhlrtr
1,hulk store playstation com
3,check video
0,crazy still love playing fortnite everyday almost year
2,fortnite world premiere track fucking done
3,looked back content made feeling nostalgic check fortnitegame
2,going make twitlonger explaining might quit fortnite whole
2,fortnitegame great game went creative entire game froze guy awesome pic twitter com vokywij
3,ate blank trashed big mad squad allalexdoeeee brum james sheyras
1,aes key new decrypted pak aes key bf ae ad ffad bd da cb edfc
0,appstore plz unban fortnite love apple product like iphones imac stuff iphone love like love fortnite bo not p xbox switch iphone not get fortnite plz unban beg plz
0,fuck missed
2,actual heck fortnite clearly enough money dick wds not learn mistake thanks ruining weekend
1,straight fact
3,real life kind like fortnite drop spot determines loot kind fucked
1,epic v apple something worth watch
2,ruckus going fortnite right come check twitch tv jonnnnnys
3,horny fortnite girl get fucked ift tt rkmm
2,fortnite client taking long update meaning stream c go sorry disappoint
3,thank sub youtube com channel uc ufy
3,follow
3,anyone want trade drop box
2,hi epic game wanted tell fortnite glitch epicgameses
1,
2,fortnite fighter not good real life thing dummy
0,fortnitegame integration deadpool epic anyone else hear vancityreynolds pic twitter com zdlj bf
3,dumb lucky fortnite montage youtu pswjtnkbqbe via youtube
2,fortnitegame fix laggy fuckn game bad console not even switch gun without frame skip like fuck
3,said screw getting box like brain dead controller player
3,went go george room find door locked climbed side house look window expecting see regrettable girl something no playing fortnite
0,really not know play fortnite bad
2,died many time bouncer take epic fortnitegame
2,hi fortnitegame get not remove sbmm pub game okay fuck insist putting absolute shitter team wtf
3,iphones banned fortnite installed selling ebay telugubullet com iphones
0,always
3,another satisfied customer dm right hana
3,party royale premire including dillon francis steve aoki deadmau pretty good good music
3,good remind u thought ge sold
1,microsoft surface studio wondrous device creatives afford mashable com review microso http co mmc sxmr
1,power face relentless global pandemic
3,sound like sony p ultra controlled facility would not let influencers touch
1,microsoft conspiring pro monsanto front group newsguard censor anti gmo news worldtruth tv microsoft via worldtruthtv
2,surface panos panay mid range spec really crappy camera huge bezel really weak camera no support ridiculously high price genuinely sad disappointed much surface duo another example microsoft failing phone market pic twitter com lxsnoohzxr
2,one time actually time finish case microsoft actually decided update office minute counting pic twitter com wuh fc
1,microsoft news state people going brace conflict debate trump said not think think insighting think expect conflict terrible thing put
1,challenge microsoft put surface driver
1,microsoft forecast rise hybrid working across asia pacific snip ly zbwxkc http co wsehmfar
1,nhlbruins
0,hugely important news
1,earned beyond basic flipgrid microsoft educator center check free pd course education microsoft com en u course microsoftedu
1,microsoft win five year deal coca cola supply cloud technology business software brandpowerng com microsoft win http co wwdjvjyfj
1,forbes feature data quadrant emotional footprint report latest article around web conferencing tool popular among customer bit ly bo mid
3,fake no working product no use case mon people little research please smart like google
3,fraudsters use fake catch
2,
1,extremely proud announce achieved microsoft gold data analytics cloud platform competency read press release bit ly rn tdc
0,long amazon apple microsoft spacex tesla though stock weird neutral fb short google intel
0,shoutout microsoft taking two working day refund
1,latest microsoft server daily paper li jenstirrup thanks icymi asset
0,happy
1,naija report microsoft permanently close retail store naijareports com microsoft http co ye xgykn
2,hey xbox microsoft new xbox app window feel like store actually using xbox companion app much better
0,new microsoft edge beauty
0,put big smile face definitely needed first payout mixer excluding donation thank much everyone supporting ups down really appreciate watchmixer microsoft guy awesome pic twitter com bh chqkexm
2,takealot not think rather unethical sell device no longer supported manufacturer window phone dead yet sale possibly placing user information risk microsoft lumia lte gb single sim black takealot com microsoft lumi
2,microsofttodo app suck wunderlist superior microsoft thanks nothing
2,not even microsoft store want play division mean good gigabit connection pull mbps
0,nibrasmanna tried microsoft todo really like
1,forcing bing chrome user microsoft back bad old way techradar com news forcin http co khowfcvnlh
2,dick microsoft
2,mixer microsoft shuting favor facebook gameing let u gooooooo pic twitter com hfpkpdrrq
2,ready microsoft forcibly resurrect dishonored series no plan direction except make money force arkane crunch fuck get year
2,wtf
1,threatpost microsoft sway abused office phishing attack bit ly jldme
3,teacher take important role child trusted adult absolutely love
2,go false rumor coronavirus outbreak plot former microsoft ceo bill gate spread supporter pro trump qanon movement anti vax community google com au amp www buzz
1,xbox
1,
1,used think ellison ok guy prof trump making friend money screwing people sorry microsoft stupid po potus
1,microsoft wednesday reported rising revenue past quarter amid strong demand cloud computing service pandemic hit business consumer big gain xbox gaming operation bit ly bxdr
1,covid microsoft cancel iot action event melbourne latesttechnews org technology new
2,working remote using vpn outlook load click first email outlook not responding covid affect microsoft product
0,seems recently lot higher influencers telling u game pas good thankful microsoft offering great deal guess say market speak end pic twitter com te vi
1,microsoft relaxes partner programme requirement zpr io tkqew
2,damn lie keep pilling fail halo infinite demo look like like fuck not cross gen make game hold back old gen
1,environmental commitment microsoft blog microsoft com issue
2,window dy th january microsoft displaying warning message time upgrade business help
2,microsoft office finally expired rip life
2,xbox no good exclusive huh
2,donald trump demanding get cut tiktok deal microsoft buy bbc co uk news business
1,struggling find job enroll free course microsoft ey coursera hone skill google com url rct sa
0,special shoutouts microsoft excel
2,say microsoft hardware software security man get hacked
2,not rename private field updated issue pm github com microsoft type
2,completely missing something apple news mac violate anti trust law exactly way internet explorer microsoft window know ftc not like bring action mon
1,microsoft team suffers outage demand surge crn com news cloud mic
1,tony stark iron man exposed playstation troll insider lunatic xbox series playstation microsoft p pic twitter com gqlltlwy
1,microsoft numerous offering help make business run smoother take look offer
2,fedexhelp plz check status awb ficci india not updating status shipment problem microsoft shipment
1,microsoft force restarted window pc install unwanted apps theverge com article url theverge com comment url http news ycomb
0,oxfam found top profitable u corporation including microsoft johnson johnson facebook pfizer visa expected make almost billion previous year small u company reporting earnings halved
0,pre ordered sexy controller
3,split karma mother bill minion stealing comment censored open society foundation
1,microsoft rce vulnerability affecting window window server u cert gov ncas current
1,new titan fall xbox one ebay uk titanfall microsoft xbox one ea game great condition ift tt siqnor http co ajeko dp
0,bought fraction microsoft today small win
1,phishing attack target microsoft user netflix amazon lure buff ly ci azu http co foben
1,microsoft crack infrastructure infamous necurs botnet mp izvyei
1,bill gate sr dead microsoft co founder bill gate father dy detail forum seaija index php topi
1,shared via microsoft edge petulent child full asshole mode bing com image search
2,boy microsoft sadly war not know siny supported bts joke case brain dead
1,microsoft edge popular firefox digital trend blogdady com microsoft edge http co bww bjwaf
2,not use window privacy nightmare not use microsoft window nightmare privacytools io operating syst
0,edge chromium good news privacy conscious folk built privacy control give microsoft edge google find retaildirect co uk blog microsoft
0,love microsoft paint lol close enough ey pic twitter com jvhe pocab
0,lovely day breaking window profile getting banned password microsoft authenticator ate credential io restore thanks microsoft
1,videogame company not respect u anymore sony made wifi router microsoft come buy mini fridge nintendo nigga fuck taking half pokemon pokemon play cardboad box pic twitter com pfw iqrsia
3,would banned microsoft day cross play cross friend come
3,get email billingdepartment ustech gmail com saying microsoft surface order ready inviting call want cancel order advised scam not fall
2,dumbass
2,using typescript minute already caught two different syntax form appear way accomplishing want different error message definitely microsoft product
1,microsoft word flag two space period error verge buff ly abbxvg http co clumloleye
2,microsoft azure went today probably
0,two week since started using microsoft really impressed suite product microsoft weaved together special mention microsoft editor work well way better grammarly
1,microsoft partner year africa award winner
1,microsoft exec brad fixing huge bug surgeon inc
0,adobe year history delivering great digital experience turn came time modernize infrastructure
0,proud team microsoft taiwan microsofttaiwan really good see team onenote two favourite microsoft thing making impact life student teacher anywhere everywhere youtube com watch ipw microsoftedu microsoftteams onenoteedu
2,seriously hope twitter not go harassing cancelling sakurai allow minecraft steve smash let know creator not getting fucking cent everything minecraft related owned mojang microsoft
2,microsoft mac worst combination
2,microsoft flight simulator yet another reminder download future gaming not necessarily good thing report gb download even start game despite pre loading infuriating sorry australian gamers
0,slack integrate microsoft team calling feature love tech play nice tech computerworld com article
2,xbox server get hacked
2,error property specified via spread updated pr pm github com microsoft type
1,tech decision maker agree current infrastructure keep delivering best experience view microsoft managed desktop
1,microsoft surface headphone review perfect work home life theverge com
2,fuck yeah
2,billgates opp tryna play good guy not need anymore idea shut fuk
2,ugh australia reshaped afr microsoft one damned sure would not want live afr com policy economy
1,
2,really microsoft trying force people use edge sod
0,great see cloud agronomics partnership microsoft
2,trauma therapy microsoft team shit show absolute best time
2,exactly company posting everyone right reposting video happening help amplify lawsuit well everything
2,jimcramer jim not particularly good news microsoft forbes com site gordonke
0,exciting
2,not cope
2,microsoft playstation point life got call quits silently kill publisher malicious content scam fallout bethesda zenimax online toddler howard disable limb damage not kill queen crank
2,microsoft experiencing large scale outage know involves many web based apps email team onedrive skype voicemail office service currently no estimated time restoration
1,china reject allegation u technology company microsoft beijing seeking meddle united state presidential election accusing american tech giant fabrication creating trouble presstv com detail
1,real life cybercrime story dart microsoft detection response team microsoft com security blog
1,microsoft want xbox series backwards compatible console ever mobilesyrup com mic http co aubgo
2,bad security news microsoft million customer service record including dialogue text ip address email location stored completely unsecure discoverable database online like no password needed kind unsecure ow ly ixeh qbphd
1,permission error exporting microsoft dynamic gp smartlist object azrcrv co uk nqhit
0,mini pico projector canonusa nintendoamerica sony microsoft really know help need thanks billgates true pioneer oh wait pioneeruk well awesome
0,interesting already got amazing jrpgs coming xbox game pas microsoft finally breaking thru east
0,not version vista microsoft best
1,free software movement dead linux not exist even linus got job today bill hilf
0,never proud grateful part extended microsoft family
1,microsoft sued due problem xbox controller ordonews com microsoft sued http co llbzvgqqio
1,favorite tip microsoft new edge chromium browser lifehacker betadroid blog favor http co rikt pqt
2,
2,geekyranjit hi bro error max window pc whn searched internet regarding issue saw article said microsoft answer forum twitter also filled window user reporting encountering error trying shut pic twitter com gi mwjc jm
3,
2,ibm fedex microsoft exxonmobil not cool
2,today found window cortana actually sound like jen taylor america nowhere else fuck microsoft
1,window update not automatically update window operating system automatically update hardware driver resulted many bug microsoft making improvement making driver update optional uh huh howtogeek com window
0,whoever created undo button microsoft word genius
1,u accuses supplier amazon apple dell gm microsoft human right abuse rss slashdot org slashdot sl
0,not believe saw new console design got price release detail day stop spoiling microsoft
3,fly jason aldean stage full tank jet fuel may got something boring gay sorry
0,
1,microsoft percent hacked account lacked mfa welivesecurity com mic
1,trump top trade advisor wanted kill sale tiktok microsoft fortunately mnuchin managed win argument lnkd dhayi
1,microsoft helping google improve chrome tab management dlvr rnqhr
2,xbox
1,interesting microsoft thinking buying
2,hate zdnet
0,powerful statement
0,using nextstep good lord laugh microsoft everything everywhere time never forgot
2,microsoft play pso guy unacceptable folder microsoft store keep backup application data store whenever pso update gb wasted space becomes burden game eventually corrupts installation pic twitter com bswndungbn
0,jasmine work team engineer microsoft create social experience xbox gamers trendsetter admire
3,twit work microsoft nbc look bill gate minion suck probably no idea saying really supporting forgiven misguided obviously want microchipped mandatory vaccine unwell forever
2,mad many people still paying microsoft office use word google doc much better every front free tweet mostly directed past self
0,microsoft great tool teaching person online free webinar series microsoft tool learning give educator power engage student staff remotely enhance collaboration increase accessibility detail buff ly kzh http co qnbsfddyzw
1,make good idea exceptional improved collaboration information sharing learn using microsoft team help save time solution one place stuf sw
0,oh see playstation kid talk big game console exclusive microsoft call bungie offer suddenly problem
0,thanks amazing team microsoft generously donated office license aha today grateful
2,microsoft outlook please something blocking spam opensubscriber online getting several day exceedingly annoying
0,well got alert microsoft suspicious activity account three attempt access yesterday one china two vietnam successful attempt today ghana microsoft blocked suspicious password changed whoa
1,new microsoft document reveal exciting surface design forbes ift tt ci mr
1,tomorrow orientation excited meet everyone check orientation session using instruction get set microsoft team welcome session followed individual program session throughout day see tomorrow pic twitter com nhai qc
3,uh huh pic twitter com bi qyqfatb
2,sony winning another console generation xbox yes playstation brand best selling popular ww microsoft ever make dent u uk
2,price new minecraft emotes ludicrous damaging microsoft mojang term reputation cash grab reviewed way expensive forgotten reputational damage caused ea loot box scandal mojang jeb
1,pydf eggman microsoft cross road mom not know eggman thank tavern mom wrow dissapointed not surprised
0,apparently microsoft offering free training voucher cert test afterwards currently focusing aws seems like great opportunity get azure
1,latest rmvp microsoft daily paper li rmvp apac thanks ellie ann
0,collabnews released paper li many thanks mipnews pcouril deep gem
1,best microsoft surface go price deal february brendan griffith techradar dlvr rp zxk
1,
3,ranked broken month shit game
2,hello microsoft billgates crazy spreading fake news aventurasnahistoria uol com br noticias histo
2,mon rockstar service shut since get stuff together another note yet one example teach u digital medium still not stable enough
1,microsoft buy tiktok could bad news google cloud dearcomrades online
1,used new microsoft edge finally quit chrome beebom beebom com microsoft edge
1,microsoft surface headphone review perfect work home life lnkd ermdv
1,snp synopsys tsmc microsoft azure deliver highly scalable timing signoff flow cloud otcdynamics com snp synopsys
2,microsoft say get new pc even though clicked computer lightening fast many thing open like window con fed company greedy pic twitter com dpxvc tzr
0,not surprised free mean price data early day avast average used say better nothing think nothing microsoft defender better bad av
0,
1,looking new opportunity check great role
2,microsoft paint finally dead world better place klasshub lk microsoft pain
0,old favourite skype business broadcast meeting coming
0,microsoft xbox buying zenimax bethesda huge wish awake going not know feel one hand honestly not care beth game know people love primarily play playstation could potentially suck
0,trust technology important satyanadella love boomerang background
2,microsoft team scary ion like
0,solid shout ash ash communication marketing pr half ingredient capture audience consumer half value proposition offer microsoft well right
3,god
2,bill gate ruthless schemer demeaned employee conspired rip business partner according memoir written co founder microsoft paul allen http co baf ko
2,really really hope microsoft not taking away previously multi platform stuff fucking suck always fucking sucked
1,hope teacher not expect login work weekend not know wtf microsoft team weekend gmfu
1,ex window bos sinofsky pre malware lack trust hurt microsoft zdnet com article ex win
2,outlook tlhe yone ya lapisa end deleting important email shit need change microsoft office pic twitter com jxcm xvk
2,oh yay terrible news
0,microsoft corp msft surprised market result morgan stanley changed rating outperform microsoft corp msft reported net revenue soared
2,ridiculous skype please work hard find better way show ad poor earn like showing ad chat not expect microsoft pic twitter com nur zinkde
0,thank flipgrid
0,thank kevin peesker president
2,recall message sent microsoft outlook recall outlook message not gd jiae
2,sony destroy gamepass p fully backwards compatible previous gen make every game psnow downloadable microsoft not able compete catalog game
0,xbox fast furious console
1,excited sponsor springone year join u free absorb work life altering knowledge impressive cast speaker springone io vmware redmonk blizzard ent microsoft
1,go intense action story joanna take enemy perfect dark zero ogreatgames com product perfe
1,news p cut not surprise wondering microsoft avoided similar situation shit year not blame anybody company unfortunate everything happened year
0,github blog npm
0,microsoft ad team looking pretty fly first day back
2,microsoft trouble revelation unvetted chinese contractor listened skype call no security rt com usa mic
1,phishing attack target microsoft user netflix amazon lure darkreading com threat intelli
1,microsoft sell user data microsoft trying buy part reported isjuliets bit ly chinainfocus http co wmehtlksr
2,tripped microsoft reward seems faintly sad idea reward using m edge bing
0,team meeting tomorrow lot interesting
1,demo minecraft earth microsoft inspire buz tw ge http co xhfudj dr
2,thanks mention rammbi lucidpointeo not stand new
1,rt vikatan walking india worst microsoft
3,fun watch check final andbox official two game left line today total prize pool twitch tv andbox
1,
2,microsoft dumb office program arguably necessary win anyone attempting work almost anything always online poor decision making result stuff included free buy win news com au technology onl
3,glad way code space law say
0,already another year forgot congratulate affecting life business adeolafayehun yelesowore ubagroup mbuhari atiku thebrideijesha microsoft gejonathan google realdonaldtrump tecnomobileng welcome pic twitter com uayx tjj
0,review microsoft edge window finally delivers top class browser via windowscentral windowscentral com microsoft edge
1,latest job news daily paper li donna thanks kalaipr cubbson cabal
2,made microsoft account awhile ago fuckin minecraft earth reason banned
0,microsoft make quick resume gta not developed game
2,microsoft onedrive hate thread
1,take mater day developer recompile intel based apps io significant guess microsoft adobe category take bit longer happy hear already working
0,
1,recent study microsoft support claim people slovakia shat pant time
1,microsoft roll outlook desktop crash fix theverge com
1,well fact bytedance selling entire tiktok operation american company including user data trump still want ban prove never called national security u claimed national security become clich thing u hate
2,microsoft acess weird place computer make everything look like made window
1,lesson nd make work no one get stay good without work
1,feel overwhelmed teaching child reading spelling graphogame effective one one teacher support achieving basic literacy skill sit back relax watch child flourish available app store google play microsoft store
2,testing microsoft access never used shit
1,bleepincomputer fast forward microsoft released security update fix mysterious spoofing vulnerability window tracked cve no mention discovered acknowledgement page portal msrc microsoft com en u security
1,microsoft window quality cuz not phone pic twitter com vibe ynqta
1,lecturer considerate even record lecture microsoft team not bother
3,
1,latest complex world data daily paper li victoria holt thanks yatessql dataonwheels dmiplo
2,though great news bit ly eeddn
0,good
0,year without trying setup work like charm pixelsense screen fully supported expect touch feature not care trying setup dev environment nice back
0,huge gain microsoft team slack worker stay home avoid coronavirus digitaltrends com computing micr via digitaltrends
2,microsoft trolling u
1,actually used one microsoft store hella comfy got get used
2,wild halo best video game soundtrack ever microsoft whoever decided mess term anniversary edition
0,student remember free access lot great microsoft apps use learning home helpful video assist bit ly bfalrm
3,made laugh goddamn hard
2,think might move sonyplay tation xbox microsoft guy gauging extra hard drive space buck tb stuff ridiculous
0,game pas best thing microsoft shown year bit ly hdqwc
0,delivered house team microsoft dynamic enhances productivity increase agility organisation adapt quickly change get touch today find razorblue com contact u http co ttn jmgaaj
2,outcome complaint probe suggests
1,igp time time superhys happygeist lot open spotify com episode vhoma
1,afternoon coffee find go vendor weather coronavirus crisis small business reacting virus fallout pentagon may reconsider jedi microsoft contract spendmatters com aft
0,satya nadella credited turnaround microsoft eventually leading company top world
1,google doc serviceable writing editing program widow orphan control garbage reacts picture little better microsoft word
0,happy birth day satya
2,hate screen sharing widescreen high resolution monitor make everything small microsoft team meeting participant vote item support sharing custom area screen microsoftteams uservoice com forum
2,wtf ck wrong would bring topic nothing way much whipping tch microsoft using death protect xbox
1,entrepreneur learning microsoft excel class may smartest way spend saturday ift tt nnaoo
2,time making typo phone somehow got switched microsoft switkey keyboard
2,maryjofoley hi mj wife take sl microsoft store tried charge fee accidental went argued piece wife baby laptop rarely leaf desk got replaced instantly got hard case pic twitter com fdvsretscm
1,slack file eu competition complaint microsoft reut r esj
0,microsoft designed new colorful window icon rouut com thi http co lzy ssrur
2,sophos need sign website change fucking antivirus work computer oh also login system broken no reason per fucking usual backed microsoft naturally break fucking joke
3,okay not expect actual human topic nice take
1,looking forward event
0,amazing
3,snapchat pussy voice microsoft team pussy
1,microsoft enters go full evil microsoft not want see video prepareforchange net mic via prepare change
0,ronnie okay think not microsoft xboxsupport nba banned pic twitter com iwqio zbh
1,microsoft reveals redesigned much faster xbox store teknoleft com microsoft reve http co fli swqxb
2,sneaky microsoft window decided sneakily pin edge browser taskbar launched setting help page no app would dare stop trying make use browser m
1,microsoft issue second final window update latesttechnews org uncategorized http co cn yn yqt
1,business getting dragged wrong erp system upgrade microsoft dynamic today know visit bafflesol com service micro
1,live twitch watch twitch tv osg shotz back
0,bullshit excuse apple real answer not get cut microsoft subscription
2,greed yeah no small business need economy reopened order not go business hardly greed survival either see giant monopoly read amazon microsoft market participant remaining
1,microsoft carbon negative even supply chain annahar com article
0,xbox guy look incredible fight back microsoft
1,
0,really think
1,still no luck even download goddamn client microsoft store killing desire even play play pso even started
1,latest fabien henon le journal paper li fabienhenon thanks elixirtip
1,microsoft named leader gartner magic quadrant enterprise integration platform service azure microsoft com blog microsoft
0,well definitely cheered
1,news game devs xbox series not significantly powerful p fooo ooo post
2,microsoft big outage today
0,new york city school ban zoom due security concern shift
2,tf
0,great tool love samsung electronics microsoft partnership ttps lnkd gx zm lnkd gbchdgk
2,wonder mean navy still us dated as shit
2,apparently microsoft buying tiktok sick
0,love microsoft
2,microsoft ended support window mean no longer provide update security patch year old operating system hundred million pc still using vulnerable attack
1,microsoft tiktok deal bargain decade bn blunder theguardian com technology
2,fbi nation state actor breached two u municipality nation state hacker breached network two u municipality last year using cve vulnerability microsoft sharepoint server
2,nice misinformation
0,hehe love thumbnail upcoming microsoft bethesda video
0,interesting analysis
1,yoooo lmaoooo coworker always coming coworker microsoft team chat liiiiiiike low key bit unnecessary super entertaining always sitting like http co qfoc ou
1,huge play reinvention evolution microsoft bloomberg com opinion articl
2,every start reconsider ancient bias microsoft every time create new window user restores deepest animosity organization comfortable level systemic crippling howtogeek com confirm
0,someone stole copy microsoft office going pay word
1,microsoft buy tiktok trump announced ban company operating u inforepublikng com microsoft
0,ok cool
1,tiktok could avoid ban microsoft walmart deal day away thesun co uk tech
0,wow microsoft word online rewrite whole sentence retaining intent
3,less code power crew japan thanks great logo jonjlevesque
3,local election official false comfort intelligence report not available get worse trying keep country one
2,microsoft shit pic twitter com nucuyrv
2,suspicion anger towards microsoft rise window search failure tech slashdot org story even local file search user pc failing yet microsoft blamed third party networking fiber provider
0,microsoft research thanks follow getting ipv stack today
0,malicious document not new threat microsoft safe document actively identify threat warn user malicious content amaxra awarded gold microsoft partner year security experience let u help secure work environment bit ly ldclwb
0,came put dispenser thanks bye bye
2,email went screwy kept asking enter password around pm hm
1,microsoft outage lock user office suite email breitbart com tech via breitbartnews
2,m do year old never forgiven microsoft pic twitter com lfgtttbgcc
2,microsoft pay word function poorly samsungus chromebook
3,love keep passing
2,idea microsoft clean house first owned mixer allegation inappropriate streamer behavior staff refer partner slave trying take moral high ground laughable businessinsider com microsoft paus
2,flowchart application software bad except visio used microsoft application not best option really frustrated pretty much every visio alternative found
2,swear god microsoft edge redownloaded itslef onto computer update fucking scream
1,join nice microsoft compliance rock star forum dedicated cloud team last chance register click find okt sauav
2,not anyone think acronym blm battery life matter microsoft pls fix problem give u built battery like sony controller damn
2,people talking microsoft buying sega unimaginably angry
0,thanks msftimagine iampablo sending awesome microsoft student partner summit swag
2,zero day ie exploited apply mitigation patch not yet available microsoft issue mitigation actively exploited ie zero day instruction article connected hacked
2,would cry would cry happy tear happen definitely not cry sad tear
2,reset whole laptop not realising ill lose microsoft word pp excel etc want pas away
2,yes way configure office hacker not bother trying get bit ly
0,great news coming microsoft today
1,earned creativity classroom microsoft educator center check free pd course education microsoft com en u learning via microsoftedu
2,microsoft xbox xboxsupport need talk someone cuz got problem requires conversation website support reason not host live chat need please
0,peace may finally restored thank microsoft
3,course trace monstrosity would come rush literal worst
2,
3,cat asshole grandma made onscreen debut today microsoft team meeting
2,microsoft usage upnp fucking annoying
1,official xbox wired headset black xbox microsoft software pleased present marvelous official xbox wired headset pc video game com official xbox
2,
1,enjoy quality u pay u pay finance pay biology history business physic engineering statistic microsoft biography lab report discussion computer homework essay assignment sociology technology accounting thesis algebra art law quiz kindly dm u
2,microsoft publisher crashed microsoft pc
3,nintendo not thing company never friendly people claim
1,great session buncee bunceebryan
0,awesome news big fan eric
1,new post microsoft office exploit patched year ago still abused hacker techradar reportcybercrime com microsoft
2,look like market not really believe happen msft
1,microsoft staff giggle beneath weight person reply email storm theregister co uk mic via theregister
1,microsoft owned minecraft stop using amazon cloud teknoids com mic
1,facebook trying win gamers politely microsoft livestreaming platform dead dlvr rdmdjr
1,microsoft killing cortana mobile invoke surface headphone thurrott com thurrott com smart home see tweetedtimes com tnp
1,microsoft confirms internet explorer vulnerability exploited no security update meterpreter org microsoft conf
2,need microsoft hurry release duo tired waiting lol
1,check great career opportunity principal engineer microsoft azure
0,game day microsoft year old waiting entire generation comeback hope hit grandslam
0,happy th anniversary fallout new vega best entry bethesda fallout title loved character deep rpg option excited microsoft owns bethesda obsidian hopefully get remaster game rigged start pic twitter com rc qegiqad
0,apps useful recently life never convenient merriam webster dictionary bank mobile apps paymaya microsoft excel
2,little awww shuck take week using microsoft office product trying tame wild beast house
1,latest sharepoint daily paper li thanks dansantanna softwarium net tomwalattt
0,love imagining star war men like right lad finished filming star war let whack bad boy microsoft powerpoint transition good go
2,use phone microsoft team not working
0,wow
0,microsoft excel regarded world advanced accessible spreadsheet app hundred feature incredible capability regular update learning excel definitely worth time tip become excel expert softwarekeep com help center
0,excellent work microsoft
0,simulated phishing attack recipient clicked nefarious link younger student often easier target phishing attack putting entire university risk
1,
1,microsoft team go microsoft forgot renew certificate theverge com
0,not wait yeaaaaaaaa
1,not
0,m excel powerful
0,microsoft team helping lot physician making remote consultation easier
0,shared via microsoft edge new york city school ban zoom due security concern shift microsoft team geekwire geekwire com new york
0,satyanadella microsoft thanks celebrating
1,photographer sue microsoft alleges copyright infringement image dpreview news best photography article
1,ready inspiring line sign today hub li wv bc http co zh fpxvc
1,best microsoft team course training class tutorial online otexto net best microsoft
0,official microsoft trailer youtube com watch gkibns
2,microsoft dynamic ce cd devs remember executemultiplerequest within plugins bad create timeouts not needed ensure item contained transaction
1,may not first observe macos developer make internet go decade half entire time like lol fuck microsoft buying open source day perhaps developer centric laptop next
2,hate direction microsoft taking window business one install apps microsoft store window microsoft
2,microsoft really trynna extort money need time
3,plot twist tiktok interesting rabois
3,stupid little fucking baby child full grown adult copy pasted microsoft paint squeegee ed disproportionately lack dancing skill public wedding
2,bill gate microsoft banned russia lesson nigeria
1,microsoft open coronavirus threat data public cyberscoop com microsoft coro
2,nooooooo microsoft bought bethesda dev process microsoft notoriously fragmented slow wrong people seem always worst possible place horrible model pushed fav title time boooooo
1,slack accuses microsoft illegally crushing competition ift tt vcn
1,
2,today window no longer supported microsoft mean no security update performance update patch microsoft sign webinar explore option hub ly mzjwl
2,last month amazon stock fell apple microsoft would alphabet performed worst dropping four stock currently bear market territory
0,wait still supported floppy disk thought stopped window came could used floppy disk entire time
1,tiktok uncool microsoft aim love tweens todaynewsjournal com tiktok un
2,like month since happend still not create new microsoft acc experiencing pic twitter com jkn zv
2,ok get everything damned difficult
2,window repulsive o seems designed microsoft service like old mac
1,kdecommunity keep steadily improving running kubuntu microsoft surface pro perfect
1,keep explore partner network
0,forever blown away level documentation support microsoft provides much accessible applicable recall year back thanks everyone take part providing great content truly appreciate
1,watching microsoft share hearing report u dept defense reaffirmed jedi contract co related ticker msft
1,thank twitter telling kelly texting nelly microsoft excel
3,thankful managebac
1,microsoft rdp brute force attack last day average ift tt frbfmu
1,cnet surface duo may change world could destroy microsoft reputation cnet cnet com feature surfa
0,great day market
2,let u blunt make no sense microsoft buy tiktok writes tim culpan bloombergquint com gadfly twitter via bloombergquint
2,since pubg banned government also ban microsoft team zoom also
0,thank kjaymiller graphic look fantastic
0,love music box melody also kickass trailer usual hearthstone
1,unfortunately vlad lost series thanks watching
0,lost sub not playing hearthstone one month really enjoying lor guess go back h sooner expected decide next day still want thank everyone support really appreciate
3,faceit next time planning big hearthstone tournament tell help preperations want blame delay happens friendly ment offer
2,actually kind suck not play competitive hearthstone right not going lie
2,never popped ice block
0,pretty satisfied score already playing six year yet still feel still much learn hearthstone meta probably one highest skill cap great tournament player admins not wait next one bali
2,boarcontrol look like want murder someone hearthstone bracket picture lol
1,playing twitch tv morningstargg like blazedrts
0,insane bomb bulid ever replay firestoneapp com reviewid bf
0,like hearthstone pic twitter com ef lvsy
2,imagine paying single thing activision blizzard put point
2,incredibly stupid hearthstone combo youtu cyieuwz uuu youtube
1,hearthstone obliterated blitzen one braincell
3,rt twitch itshafu decade later still killing wow hearthstone tft proud continue part journey omgparty omgyay
2,playhearthstone mana hero power deal one damage make token hero power cost double absolutely not worth playing guy think made dh took underpowered class made unusable ladder not occur
3,classic wow hearthstone keychain metal box luminous pendant world warcrafts toy hero keyring craft hearth stone gift silvlining com shop classic
1,new shaman card revealed lady vashj upon death come back vashj prime
0,wow looked collection playhearthstone missing one card scholomance academy vectus hell may used dust laying around craft pic twitter com ifixpz foi
3,farmington new listing hearthstone lane award winning chimney hill estate visit hearthstonelane com detail truly special home gayledennehyteam com dennehy company llc click ml link information smartmls mlsmatrix com matrix shared http co sr ragqfyw
1,going live twitch tv avaltor
1,two best hearthstone podcasters check one not heard already
1,playing face hunter hearthstone sorry say deck cheating opponent take care everything offer feel like losing bleeding health whole time die turn anyway great
1,nothing love complexity mostly col fantasy huge part last year hearthstone career parting way good term wanted free organisation order explore creative mind cool stuff coming soon
1,today user requested hearthstone experiment stream got lined hop toss idea would like see twitch tv ssalchemist awesome day http co tkyxklmj
1,card
1,successfully streamed today thanks ridiculoushat big raid thanks guygrumpy sub gift cheer almost got legend slid back climbed realized hour back tomorrow
0,hearthstone warlock shaman oh enjoy twitch tv armooganon
3,cheer deliver h top hearthstone event dreamhack twitch tv houserivalries
2,playhearthstone amount disconnect crash play bg pc ipad mobile putting lately fix crap
2,anyone problem hearthstone logging asia server atm not find anywhere maintenance something similar
2,changing hearthstone going forward truly not enjoying currently going back break
2,also looking forward galakrond awakening hearthstone today live pc mobile update io not usually play ipad apple usually slow roll update extra slow bad game luck today
0,joe buck get excited hearthstone
2,not know anyone else problem chapter two bug freeze sends minion side not switch turn playhearthstone pic twitter com ke gffcfk
3,liked youtube hearthstone felfire festival seasonal event trailer youtube com watch zbsbco
2,bloodboil brute broken fix
1,wow need spectate button like hearthstone want see people
1,still need better playhearthstone clothing woman yearly request keep waiting want buy stuff please also sizing suck pretty consistently small med purchased different shirt small super big
1,schedule day mean not get stream rhythm going incredibly visibly frustrated pre pandemic thought turning corner patience rotted not tilt keep trying also jrhsk host last night
0,come play card tavern love deck builder strategy game one first game streamed hearthstone going back deck building sunday long way studio goblinz nice enough give copy go say thank
2,anyone play standard hearthstone thsi si fucking bad lol
0,logged
1,playhearthstone yep super fun let play guy time round feel really good shit first time time literally lose entire game sick not put patch note not patch
0,platinumwow well add darkmoon faire old god video teaser next hearthstone expansion quite eye opening
1,bgs broke died first hearthstone battleground gameforce jp hearthstone
0,hyped aranna starseeker bundle
0,really enjoying runeterra brewing ephemeral deck featuring hecarim shark chariot darkwater scourge hearthstone mtg runeterra great different reason room market three competition push better
1,good first day ecac spring play team win shout george talley iii winning row madden combined score keep u undefeated far shusaints overwatch hearthstone tomorrow
0,sometimes good game twitch tv weejade xo cli
2,playhearthstone sorry no not print glide way not card belongs hearthstone
1,skaarhs chill easy going humble pleasant
2,playhearthstone battleground busted dull atm demon suggested change wrathweaver tier possibly deal owner soul juggler ping damage not remove floating watcher entirely move cobalt guardian tier
1,tired wasting dust expensive deck suck come try buy stream twitch tv hellsfirst pm mdt
1,streaming still live twitch tv vengadragon come chill nicer watching
1,hearthstone account sale fun ebay co
0,win warrior feel good man
0,pick movie would best launch ideal box office situation would hearthstone character great really good concept plot would appeal lot viewer not blizzard fan side note mon disney
1,want try new game mode hearthstone refuse spend money game expensive collect card
2,first game forcing make silly joke
2,hearthstone announcement video always go hard
0,great feeling happens
1,joe buck excited hearthstone
2,going address badly treat employee like blizzard hence completely halted hearthstone let u play indefinitely treating employee badly hard pas
2,playhearthstone not pas astromancer arwyn cuz holy smite damage not
2,blizzard ent yo going hearthstone not connect
0,hearthstone duel opinion really fun really challenging test deckbuilding decision better standard wild shaman feel overtuned compared class hero power overwhelming say least
0,start powerful minion stir shadowflame good time
0,golden pack bundle seems like good deal
2,
1,want give shoutout njmiller alkalineem support stream recently stream go give follow twitch twitter nick specializes c go valorant alk play ow sims hearthstone thanks
0,pretty cool find sorting card original hearthstone battleground lol
0,small spell mage awesome value ash outlands hearthstone youtu kmbvee clm via youtube
1,handsome reno save day twice hearthstone daily moment ep gameforce jp hearthstone
3,hearthstone oscesports world ranking updated last week result incredible performance past weekend winning tourney maddoom keep increasing advantage osc point tournament victory oscesports com hearthstone ra hsesports hsreplaynet
0,played bunch flamewaker tavern brawl easy pack great open
0,live happy new year going live short no cam playhearthstone stream not feeling great hope join hang bit twitch tv bogotter http co bltaq yiit
0,happy saturday today playing quest warlock hoping hit legend bad deck twitch tv priestah
0,love work hearthstone keep going body
1,activision blizzard latest deal google overwatch call duty hearthstone bring esports exclusively youtube way went could real damage gsght com vxv
0,much fun chat tonight special thanks mageadeath raid fun chill night added point ranking gg
0,great time big priest wild hearthstone youtu mi ufrvbdp via youtube playhearthstone
2,greedy
0,good luck fun
2,dear hearthstone community stop playing demon hunter please cancer
0,hate battleground not hearthstone stupid said
0,almost certainly best old god massive minion zero cost card come turn not busted
2,hey playhearthstone upset right liar thief cheat talking course obviously murgur murgurgle play clearly say murgur gurgurgle not murgur murgurgle need remedied immediately
3,top diverse book city brass beautiful american muslim girl love candle flame honourable mention koc eog tag hearthstone starshynebrite nikkireadsbooks bookanishgirl linh hermione
0,perfect game
2,wish playhearthstone told beginning year planning game mode would include wild card disenchanted many keep ladder bummer man
2,tired hearthstone wired pic twitter com cfxhdnc
1,soo pay play new hearthstone mode looking forward log today find behind pay wall
1,joe buck get excited hearthstone
0,nothing united hearthstone community shadowjeweler hanar literally everyone instant reaction seeing someone play get hell
2,mon blizzard ent wtf nerf fast please
0,playing hearthstone new class must say demon hunter sweet
2,guy keep tryna hack battle net account fucking get overshit level wow classic orc half finished basic set hearthstone
1,best iphone game update disney hero real racing hearthstone marvel strike force unsorted co best iphone ga
2,playhearthstone game crashing almost every turn battleground unplayable right
3,lucky first world champion always champ thanks everything
0,always fun say loud vol ca no sauuur
1,going trying live streaming first time right twitch something always wanted feel really blessed position finally pop along hearthstone action twitch tv therealhowly
0,liked youtube hearthstone trial felfire part new single player adventure youtube com watch bbb oz
2,time blame blizzard bad idea
1,tried hearthstone battleground plummeted right past elo year old hang started getting top v year old
1,next major
2,playhearthstone guy thinking remove op amalgadon game unfair
0,new project later everyone favorite
1,damn dark year terrible event really sad hear reckful one favorite streamer one people got interested hearthstone news broke heart rest peace
1,happy birthday year old daughter playing hearthstone together bring home win twitch tv michaelgr usa
1,
3,love team structure projet often played player together jersey proud
2,anyone else seeing weird graphical artifact portrait playhearthstone tonight opponent portrait horizontal white line going back forth really annoying
3,prominent wow hearthstone streamer reckful died pc gamer pcgamer com prominent wow
0,omg finally broke super long hearthstone losing streak went lunchtime game yay
0,guy played hearthstone obsessed feel like cheating osrs
0,ok playhearthstone ash outland prologue made feel kind way new class beautiful
3,go check channel super underrated
2,please stop
0,finally made top try hold feel like really good meta right pirate warrior odd dh quest mage high legend
1,proud bring many student attending stclaircollege please welcome tinyurl com saintsspring http co pxxhnjdliz
1,hand biggest murloc board ever made not see single gentle megasaur whole top four lobby murlocs no one got megasaur stole branns
2,blizzardcs going hearthstone ipad deleted app redownloaded still saying restart app idea patch live io
3,banned hearthstone player vgc gg news blitzchun http co wgbjyfxaky
1,win win mage portrait still climbing legend ranking top tomorrow
0,hearthstone fun play
2,nothing new today new rank hearthstone played c like everyday played clash royale like everyday played brawl star like everyday god life sad boring
1,playing second week galakrond awakening still no decent internet maybe later week twitch tv old guardian
0,started playing playhearthstone great game much fun
0,hype real really happy started podcasting hearthstone want play talk playing
0,wizard magic seriously wtf thinking worst thing could possibly player base last year lost confidence guy design team back hearthstone fucking sad
0,power grows stronger yet
1,talk way much shit playing hearthstone battleground someone started week half ago
3,thank interviewing
3,life feel meaningless right tweet vile human good meaningless
3,still sad super excited attend announced learned qualified player still confused went way totally would paid attend event weekend
3,hearthstone pro claim wife blacklisted event blizzard laid blizzard february responded negatively
1,gf suck hearthstone he adorable let slide
1,little jaina fan art
2,suck hearthstone today
2,owl really going downhill
2,dang arena demon hunter dirty
0,yeah cool
1,playing twitch tv morningstargg join nahytsupport
2,playhearthstone app trash io lost multiple game due connection ever suppose get legend keep happening b
0,joe buck excited hearthstone
0,back hearthstone single player shenanigan twitch tv rod johnston
1,live hour playhearthstone come say hi twitch tv washinthewind old food porn link not get much audience http co qotex eio
1,protector cup top sergio h spectro c cristianhs thanks caturix tribe providing u amazing prize see soon protector cup ggs everyone participated pic twitter com xapiprhofi
1,streamer announcement stream right streamer huge flex maybe muscle two looking great place relax watch hearthstone dungeon crawler welcoming gorillagayming davemarshall saga http co kux reohy
2,playhearthstone patch note say preorder till th bundle pulled mobile shop blizzard store not load
2,playhearthstone nothing better wasting entire break work stalled rez priest archetype stupid boring
1,wtf hearthstone new class
1,not know happened not done playing died turn
2,four hearthstone card no business loving much pic twitter com cfglakmzgz
0,still love perspective rng hearthstone think reggie fils aime
0,dude youtube chat amazing glad playhearthstone viewership check counter u talking appreciate
0,might actually get play hearthstone terrible strategy card game
0,not reveal enemy also great party
2,blizzardcseu en logical reason hearthstone broken nothing dalaran one
2,playhearthstone legit guy disable djinn soon possible playing one minion lame boring
1,elo losing streak hearthstone bg way love pack leader
1,hearthstone ranked bgs flash stream home
1,liked youtube endless lackey quest warlock glinda erkh galakrond awakening hearthstone youtu rfhljsksi
0,check new playhearthstone cinematic pal sfd blizzard ent insane
3,may true lor incredibly exciting surprisingly complex game reward system may best ccg available
1,best team composition try valorant cybersportnews net http co yueo gim
1,nieuw artikel new ranked ladder arrived hearthstone featuring lot star dutchtwilight kathzilstudio nl new ranked
2,not care anyone say first expansion last year lackey made hearthstone worse game still suffering first expansion year demon hunter made hearthstone worse game even nerfs not wait next year first expansion
1,turning around match tirion hearthstone battleground feel good breaking first time feel great youtu otqxbzm kcc
1,aranna starseeker bundle
0,hearthstone stream let u chill fun streamlabs com jabulanimthomb
2,ipads crashing
3,blizzardcseu en good morning another person added playhearthstone beating arena tell something rude report people remove right away insulting pic twitter com h zkq ogs
2,playhearthstone last update android turned battleground trash everything sped way much attack animation not happen minion die long opponent name covered friend list icon music get cut
1,looking deck crush druid paladin look no guide gameplay yoiink thief priest youtu illxftw msm
0,not know happening trailer amazing
1,thank felfire festival goody playhearthstone create festival home
2,get screwed god damn much hearthstone
0,not stop playing hearthstone fuck resurrection priest deck
2,every time see hearthstone ad lose year life
2,playhearthstone kill reborn minion flik skyshiv still trigger reborn kind bullshit wherever wtf come literally unplayable pic twitter com sn jg
0,atvi new update one popular game hearthstone awesome investor happy amount thing company make player becoming everyday happy keen game
3,block vista alegre paprika hearthstone dinner plate good vg condition
2,tonight discord streaming bad take friend home arguing monster train exact aesthetic hearthstone therefore nothing spectacular deserves criticism
1,new video went tmp youtube channel
0,not said long time hearthstone good right
2,playhearthstone brawl keep crashing app ipad iphone start bob tavern lost first time anybody else problem
1,tune meta strange delight curated wonkahs help u showing weird deck wonkydecks keep weird
1,hearthstone duel internet cringe twitch tv jackmeshell
0,lot new since last couple hearthstone expansion may huge deck builder fan like tempo storm digital deck builder really shaping video long super insightful starting pay attention
0,hey reminder not played hearthstone aaaaaaaaaaages worth popping get free deck latest greatest card
0,loving upcoming bg change pretty much spot thing not understand djini tavern lilrag maybe someone ellaborate djini always felt underated prop playhearthstone constant bg update playhearthstone com en u news
1,
0,angry chicken back talking twitch tv amovetv http co ufqtvltjbh
0,man playhearthstone batte mode tough love barely made first many attempt pic twitter com vayk unzb
1,check hearthstone duel deck spiralhs spiralhs reached win priest starter deck deck code hearthstone deck net hearthstone du
0,perfect hunter felt well balanced stats response octo game zeph game rest consistent curving smorcing spear always insane unfortunately took luck next draft no good
3,disguisedtoast remember seeing hearthstone video many year ago maybe starting streaming aoc cool see
3,think monsanto h good hearthstone funny keep battleground player interested standard well done fella
0,good hearthstone
1,ouch pain zone powered nuclear arcade went live hearthstone battleground excited announce
1,megasaurs went bullied
0,designing playhearthstone team really like spellburst mechanic force take time start turn plan according want achieve help better player thanks celestalon iksarhs songbird h
0,guess hearthstone love playhearthstone pic twitter com xye ic qui
1,hearthstone dragoncaster not deserve nerf week patch roccozoom com hearthstone
0,hey guy hit legend eu incredible winrate seems strange take got lot reward new rank look kind cool overall pretty happy change till
1,trial felfire challenge live new legendary quest free
1,horizon zero dawn polish hearthstone story perfect dark
1,live
1,found way lot core play hearthstone time introduce noz core mu ultimate challenge core rope start burning play turn sorry bad audio quality clip twitch tv shortpunchypel
1,garrosh hearthstone wow hellscream game print glossy poster u exciting
1,hearthstone master qualifier indonesia fucking happy pic twitter com ghyzmpxj
2,priest still disgusting hold responsible glhf
0,odd hunter damage hero power love deck youtu wigbhrgyh
0,love lovecraftian inspiration coming back
0,
1,live opening also hearthstone giveaway tonight tune info mixer com citrasloth
0,holy smoke really enjoying libram paladin deck youtu xjo nvywqa
1,duo dueling duel not wait dream team pathracadness formidable opponent come cheer u sunday grateful invite another chance compete thank slysssa hearthstone twitch
3,hearthstone fan watch amazing reno mage gameplay subscribe channel content youtu xcvlu ja
0,proud playing hearthstone around year never played meta deck either created played really challenging one today finally got legend malygos rogue playhearthstone pic twitter com qh mjdnd
2,think one thing hate game people purposely wait rope count turn
2,got quit riff kind sad threw guaranteed top elo almost impossible surpass meta random impossible climb plus tired take break hearthstone till expansion hit
0,opening hearthstone pack deployed streaming org roster lurk sen command store ban twitch tv zeekiwitv
0,awesome stream thanks much everyone came hearthstone battleground continue set going near wezhalla rating set wish luck yes wearing scanner help play duh http co hgnwhsosz
0,another perfect game get not belong
2,swear last matchup libram paladin not get anywhere nonsense
0,saw playhearthstone walking street enter tram bold card game use public transit humbling see
0,great hearthstone stream today thanks much kain raid thanks gamingpleasures velonese bitties thanks coltrystowrite hanging chatting hope keep streaming regularly watch co stream cofu coming soon
2,playhearthstone logged back game first time long working npc match app crash every time play shaman happens iphone ipad reinstalled help http co kpzr rav
0,miss hearthstone overwatch lol
2,shame
3,christineexists bestie hearthstone reading devouring grey pride month incredible sorry took long read not sinister heck bisexual joy
0,really enjoyed thecantelope
1,play ptitdrogo blyonfire starting cest today get chance win awesome prize merch store pl zmacom gaming booster sound like good deal join discord discord gg nakhtps tomorrow hearthstone rye viper http co jkxixjco
2,calling new yogg saron hearthstone meta people going really angry sound absolutely miserable play
1,anyone play bad luck albatross deck hearthstone literal cop fucking fun police pic twitter com jy trq
0,acolyte leeroy missed
0,playing streaming hearthstone honestly fucking amazing stopped threw stream slump look like thing could actually take
2,blizzard ent
1,say playing hearthstone ptq last weekend made appreciate magic organized play pt level even consistent disappointment
2,fucking imba demon hunter
0,tweet tweet one bundle please thank
0,year finally oh gawd playhearthstone looking good right pic twitter com wyubuf fih
1,congrats also made remember something dod trailer saw sindragosa not get set wonder included removed dragon
1,weapon sunsetting best news heard long time play multi season game strategy involved know needed relate day playing mtg hearthstone bring versatile creative build
3,another participant hearthstone polish cup participant previous edition hpc one best polish warrior player czosnak h pic twitter com fmhe
0,yogg saron puzzle box quite possibly favorite card game secret puzzle box make truly crazy insane wtf moment fun even shitshow
0,getting addicted hearthstone oh noess
0,hearthstone go livest difficult everquest network
1,playing twitch tv morningstargg get meangorillagc
1,twitchhost rt nadieauxstreams happy friyay chattting music exchange hearthstone chill artist wanting promo music drop twitch tv nadieaux twitchhost supportstreamz
2,not even fair guardian druid youtu vrnevnlcov
2,rogue need nerfed quest h till fix class extremely frustrating play playhearthstone
0,thetatv super excited start streaming hearthstone platform ez turn board
1,pathetic freeze not stop minion hearthstone daily moment ep gameforce jp hearthstone http co zjh gf
0,hearthstonetopdecks com deck meta bre thijs playhearthstone hsesports hearthpwn tylerootd rye viper deck beat demon hunter made first day work well
3,support blm pride month pic twitter com gjhcl cd
1,hearthstone duel firstplay thru bad not judge sr song request drankin not feel alone twitch tv alphainnj
0,good stream tonight jumped back arena couple bad druid loss ladder got win demon hunter big thanks pandahulk cooping bonus stream tomorrow afternoon ckeckholm work hope join u free
1,shifty sophomore smug senior fishy flyer revealed hearthstone scholomance academy expansion dlvr rcdy http co rnkh yvdpn
2,man nothing make feel dumber trying play hearthstone
2,king shit
1,accused nstithepro bullying hadronox wall taunt topdecked brawl became bully ashamed please forgive
1,pack hatever beat lunch need win hearthstone spend pack status lol reeeeeeeeeeeeeh neeeeed
1,good morning kaballers crew wow support shown amazing thinking morning one giveaway not enough top big number today get entry minimum second
0,clip twitch tv smallfurioushi know enough hearthstone know funny not enjoy laughing
0,come help make otk priest tonight pm mst going ton fun not miss twitch tv hellsf rst fb fj rqwf
0,video getting really excited lor doubt would ever replace hearthstone form video like show fun game
2,hey playhearthstone wtaf not get opponent ten minute arena certainly not going sit hour waiting matchmaking system pic twitter com pklu kflsi
3,first event company ever covered year journey excited future
0,love game
1,ugh wanted get goddamn hearthstone love air god damn chore
3,today no longer part gaming divided thank org teammate smorcbe poiesztristan rutgertummers dreadhead amazing time wishing every single one best moving forward
2,hey playhearthstone no battle pass literally like feel stupid mandatory win unlock free flavor month skin ya playoverwatch no thanks
0,odd rogue wild used hit legend time month winrate one ofs flex spot lot good card swap wild final version best think playhearthstone pic twitter com efmeb mj
0,team great medium announcement day guy always manage surprise hearthstone community think seen keep phenomenal work playhearthstone
0,playing big warrior probably favourite new build got totally slammed vargoth drop today bummer
0,fav part watching codleague weekend watching chat scream dragonsssssssss everytime hearthstone commercial come
1,hearthstone designer dave kosak leaf blizzard year thegamer com hearthstone de http co qjyss pn
1,
3,happy birthday frodan one reason lot egirls watch hearthstone esports good one bud
3,happy represent fcbesports swidzhs xblyzeshs best win tournament
3,army wife jupiter hell
2,really hoping hearthstone saw leak not fun hope fix actual game
2,playhearthstone tried many time login account still shop not open covid pic twitter com bqos
3,could not make day mt madrid despite getting tremendous amount support friend everyone hearthstone community truly disappointed sorry
2,since twitter slowly dying due inactivity anyways going use shameless advertise playing league though not interested hearthstone currently twitch tv drgyros
0,sweet
1,hearthstone best standard deck ash outland meta ift tt uv dxo
1,schedule next day taking sunday monday hearthstone stream tuesday wow mount farming wednesday ow anniversary event really loving stream lately hanging everyone
2,think tonight worst single day hearthstone played win rate past three day deck wrs game despite experience little tilt stream wanted talk
0,crazy day hearthstone new card live already crazy reveals mechanic new bg stuff video could make today alone much content love much content getting hearthstone day team making job easy fun
0,still playhearthstone
0,new playhearthstone expansion look like adding really fun card old god favorite expansion
0,one favorite thing playhearthstone limited communicate opponent six pre made line convey huge number tone based going game think cool
2,miss hearthstone simpler
0,champ
3,dirty
0,congratulation hearthstone releasing silver bordered card competitive format
0,great time playing
1,quest rez priest v highlander rogue zerek th card catrina th ama
0,one true great
0,fresh new cut fresh new expansion shoot deck idea come say hey super stoked soul fragment lock totem shaman twitch tv dinasword
0,progression revamp look interesting excited see complete picture
0,nice hearthstone stream today demon hunter still best class game despite nerfs got highlight couple game post later
1,strat good someone play hearthstone clip twitch tv sparklyfancybu http co eiepqxm
0,ranked hearthstone much fun new system really make want climb seriously impressed
0,hstopdecks ahirunhs neon h got back hearthstone long break getting used meta got legend quickly end last month week mainly optimizing galakrond zoo warlock kronx suck bait card deck faceless max pic twitter com fn vtyb
3,half hearthstone player dumbass pic twitter com chjhemeb
1,urgs one time go dark side choose deathwing patched give minion attack surprise barely made th
3,congrats jrblowns winning today hearthstone tournament pic twitter com snv fokhfz
3,always
0,thanks watching play thanks getting giveaway new earlier stream coming eu contingency http co vdz riw
1,hey not know anyone rememebrs restarting stream hit top
0,playhearthstone new reward system achievement sound really cool
2,bullshit playhearthstone blizzardcseu e hearthstone youtube com watch pm rb
0,insane
1,reason living root became epic latest patch however already confirmed bug devs looking hearthstonetopdecks com patch
2,holy shit arena suck bring back dragon
0,giving away darkmoon faire standard pre purchase bundle thanks blizzard includes darkmoon pack darkmoon legendary nzoth card back duel early access enter follow like retweet winner pulled nov st
2,hearthstone psa pure paladin still terrible
1,would love app never work
2,playhearthstone jumped shark many nasty deck many powerful card see someone playing priest know going go bad
1,arrana starseeker get demon hunter thing salty not get egirl glass arrana look slightest bit like sleepykokiri though
1,willingblam absolute blessing voice reno jackson
2,playhearthstone mobile version get see message saying need update game not update not open go play store get button open app fix coming anytime soon
0,well really liked new hero sure got great round stream non golden battlemaster hp
1,liked youtube rattlegore unkilla oh wait oh god oh no scholomance academy hearthstone youtube com watch wnlj
3,ban komaeda every hearthstone tournament ever
0,watched playhearthstone fall reveal super stoked new content duel brings single player dungeon run mechanic fun pvp exciting shoutout bmkibler awesome job mc
0,streaming
2,posted lot negative comment state hearthstone recently loved much long truly hope next expansion least steer ship feel moving right direction move playhearthstone
1,got qualified group reqvamhs maverick h big thank maxxehs warma h freddyb h sjoesie participated
0,proud rank hearthstone
0,nozdormu timeless sadly practice mode
1,ael uni cup east group bye wlw ww winner final loser final wlw grand final lwl repping unsw final auesportsleague blizzard anz playhearthstone thanks mendrixnm yaowayy brilliant casting lmk want learn pronounce ulquiorra pic twitter com dgqmuhzs
2,blizzardcs trying get playhearthstone io keep taking app store update even though installed latest update ipad iphone help
0,ever since blizzard added option turn screen shake playhearthstone game run lot smoother pc mobile thanks adding option blizz
2,hearthstone made vore card oh no pic twitter com gcuyalo hm
0,love hearthstone stream man
0,thank blizzard
2,actually impossible win hearthstone game
0,new hero expansion priest class rework announced super stoked see one card priest basic set
1,cuz went poo sherlock fart anything painted michelle phan flatulent kayak order curry apple casino hearthstone witch acquitted fart fart whale either nipping animal though back native crusty quiet ingrown toenail
1,pleasant sensation spank
1,feel bad making extremely nice person wait long duel legit almost said no thanks grinding ladder tonight gave friend wanted duel allowed rowninadam dude rad youtube com watch wceeni
2,playhearthstone meta suck many rng b cheap face deck broken card
2,shadowverse look cool look like hearthstone mean could get addicted fear fear
1,top custom card week
0,blast wave strong one gain random mage spell fun fun playhearthstone pic twitter com tq crzxk
2,kind like shigeru miyamoto created hearthstone gave scary soundtrack
1,three win three far today comfy win mage two close run thing warrior hunter top rank mission reach rank month
1,would hearthstone player even tweet team told zephrys card bad ever considered perfect pic twitter com qgf lvve
1,card crazy strong never seem get curve dragon kind joke also kind real complaint ridiculous always curve dragon hand thought
0,pour nice glass whiskey rock appreciate gamefeel hearthstone
0,not played hearthstone age god card cute heck pic twitter com lqtncndgl
0,hanging playing hearthstone badly twitch tv tooblue
0,look like good arena deck far xd
3,stand said amazing motivation cry corner
1,beat demon hunter trusty albo priest even mass hysteria going wild deck rez priest viable fuck corny imprisoned antaen
0,got nutty one america legend dollmaster dorian mecha thun warlock dorian thaurissan combo firestarter list gu danie better unclear feel good win rate legend hard meta
1,great
0,fascinating playing post winterveil sylvanas expecting backlash greeting people greet back quickly complete turn ever
1,saturday march st yesterday got grocery laundry watched seinfeld read work mixed today work went good watched movie backtrace caleb video chat playing hearthstone might watch mst
1,cool trailer new event start tomorrow
0,perfect hearthstone bg run youtu cntgvpcnabw via youtube
2,imagine billion dollar company blizzard ent playhearthstone fining someone billion dollar company fining player bad look pic twitter com rajcwgeeu
0,stream back tomorrow nice weekend visiting family also nice get hearthstone break scholomance academy launch later week getting hyped play new card pretty high hope mage expac streaming day thursday
2,oh created fantastic deck synergize well hearthstone want healer first no stop h want buffing spell next stop h hp want taunt
1,dragon mascot logo inspired hearthstone character commissioned awesome natewolfetcg big thanks every feedback given process thank therottedzombie recommending
0,think one pretty good
2,playhearthstone server not working keep kicking friend day long not mention match could play standard ranked match around row priest broken reborn deck not coincidence
0,best ex hearthstone stremer ever
1,legendaries pack chapeau blizzard ent playhearthstone worry disenchant one
1,deck playing inconsistent hell high roll high roll hard also best non priest deck make card pic twitter com tcf
1,check technodude live broadcast playing hearthstone poorly technodude twitch tv twitch tv video
0,biggest gold grubber yet best game reno jackson using new updated zero cost hero power
1,people eat eight spider sleep per year centaur two rib cage dwarf counterfeit titan
2,playruneterra really looking forward monthly balance update aggro deck found game loved beta feel like everything hated hearthstone
0,waht kill store playstation com
3,first community ban killing someone via shooting exposed leg wonder struggled getting would suspected hacking guy not first one complement skill
2,multiplayer mode not see player similar color costume background also map not see player
2,made stupid link youtu scf uzjbgk battlefield youtubegaming http co ctl mcqs
0,miss battlefield day
3,ban battlefield player lilcoldlli occurred see detail bf db com player ban
1,minnie red unlocked achievement battlefield increased gamerscore game total
2,
2,really not fucking care ea
0,decided hop back battlefield hardline shh actually lot fun game bring rokkr pic twitter com rql bqelno
0,bloody wow looking forward battlefield battlefield jungle overview trailer youtu wx dswsdqqm via youtube scohellfighters scocontent
2,personal favorite single player fo new vega favorite multiplayer battlefield happy
3,ban battlefield player unaidedfrog occurred see detail bf db com player ban
2,server shrunk another quarantine saturday hour not connect turkey
3,ban battlefield player devvo cc occurred see detail bf db com player ban
0,fun fails frolic
1,cool steam copy
2,battlefield wtf bug
2,eahelp not able log battlefield xbox one friend encountered issue not go data not sync however bf nhl game appear fine though
0,hello everyone currently game design school love level design battlefield currently working level battlefield based battle stalingrad intention level close quarter combat
2,eahelp hi booted battlefield game unable go online seeing people subreddit say issue battlefield server
0,no doubt omen brilliant ester egg video game history
3,pain tasted fell intoxicated twitch tv kaiservongrauer
3,ban battlefield player pennerpat occurred see detail bf db com player ban
3,ban battlefield player jocerworld occurred see detail bf db com player ban
2,battlefield boring mess
3,ban battlefield player faze zage occurred see detail bf db com player ban
2,posted couple decade ago would think real war battlefield un real
3,ban battlefield player patr ru occurred see detail bf db com player ban
3,ban battlefield player uk sallennn occurred see detail bf db com player ban
1,dice announced today battlefield still getting announced may update no new chapter june update essentially battlefield support game basically cancelled
0,nice go back use store playstation com
0,holy shit playing battlefield heaven
2,getting rather easy ngl
3,lovely lovely twitch tv dexisson
3,great something no longer play steam copy battlefield need speed rival super bummed
1,fuck bought euro special haca coffeeshop mind reading dumbass men hunt battlefield xboxlive get bejiebers time pic twitter com tf ywg xpc
3,ban battlefield player tatuaje fausto occurred see detail bf db com player ban
1,fair play pretty shit
3,live winniedapoohhh vantooren julianjanganoo sque zy twitch tv winniedapoohhh twitch tv vantooren twitch tv julianjanganoo twitch tv sque zy show love
1,beautiful day yorkshire
3,let u go hell stream sitting burning twitch tv lldevildriver
1,tide war done tmmplatoonps
2,battlefield good dlc model
3,pew pew pew battlefield com tlw live love fb gg bennettgamer
0,
3,ban battlefield player ohnothelag occurred see detail bf db com player ban
3,ban battlefield player feenalslick occurred see detail bf db com player ban
1,battlefield wonder battlefield not successful release unfinished game make game bf trust hit
2,list disappointing game evolve overwatch fallout battlefield mass effect andromeda division alien colonial marine mighty no assassin creed black flag halo
1,mwsmithlover unlike bumbling henchman carmen sandiego game dangerous heavily armed cop killer battlefield hardline mean business
3,ban battlefield player rifqipratama occurred see detail bf db com player ban
1,got back blast kill
0,phantom bow suppressed deagle battlefield worst weapon best moment youtu hzdi yx
3,guy name jigglemyballs store playstation com
0,feeling last day tonight awesome night boy got today amazing time playing
3,ban battlefield player bacon occurred see detail bf db com player ban
3,ban battlefield player okti occurred see detail bf db com player ban
0,want listen breath taking music please go spotify listen ea battlefield soundtrack absolutely incredible
0,favourite game no particular order modern warfare skate lego star war complete collection red dead redemption battlefield
0,started getting back playing battlefield hardline different game interesting urban warfare interesting weapon gadget
1,german onslaught panzerstorm
2,unfair respawn
0,battlefield easily one best online fps game time not debating anyone
3,thanks fun stream weapon lot laugh today maybe lil rage good though see ya tomorrow throwback battlefield
2,bought witcher battlefield kind boring commissioned hentai instead
3,ban battlefield player toileganggang occurred see detail bf db com player ban
0,everytime ea play roll around reminded awesome moment featured along side many influential community member battlefield thanking community video ea com game battlefi
2,battlefield flopped bad not even funny
3,streaming twitch played two full hour
3,ban battlefield player agamemnoon occurred see detail bf db com player ban
0,shock ops battlefield best twitch tv paganky
3,mfkas think battlefield level smfh
0,best reveal trailer ever seen aaa game set ww unheard incredible visual fidelity still best looking bf game ever battlefield took top fps spot ea dice absolutely nailed
1,book non lethal takedown criminal single player
3,would love drop unificationmxr mixer com champers http co losgo
3,ban battlefield player hentaithickness occurred see detail bf db com player ban
0,welcome battlefield hacker know
3,ban battlefield player jade emperor aaa occurred see detail bf db com player ban
1,broken bottle kill row part ii
2,battlefield not stationary streak youtu uiya hqzc via youtube
3,ban battlefield player shyphow occurred see detail bf db com player ban
3,ban battlefield player dearonvx occurred see detail bf db com player ban
0,
3,ban battlefield player fakeanchorman occurred see detail bf db com player ban
2,moment quit
0,michaelis showing beautiful new battlefield map
3,know guy watching debate using performance enhancing drug grass man huge set can head watch two asshole watch one
0,jungle carbine cute
2,battlefield campaign chapter bunker pain as youtu lxovlg vz
3,make orginal graphic best community dogtag not easy love hobby braddock ea dice jjju partwelsh jimhejl pic twitter com xdcroc jhu
0,ea dice please make mobile version battlefield would greatest thing ever hit mobile gaming
3,use smarthostapp com really easy use add champers streamer want easy
3,thank guy hanging tonight star war battlefront battlefield stream pm pst rdr follower nothequestionis anautobot hapagirlcami sub nothequestionis bit anautobot thank guy love support http co qc lf
1,people thought battlefront ii disaster dice battlefield ultimate failure even new content seemed create optimism guess underlying issue present since launch hurt two year hope battlefield game good
3,go watch boy best
0,graphic gameplay still lower battlefield
3,ban battlefield player rid na vesiax occurred see detail bf db com player ban
3,ban battlefield player giantcrackrock occurred see detail bf db com player ban
0,battlefield masterpiece still go back play day
0,battlefield fan happy
3,ban battlefield player gnomevillage occurred see detail bf db com player ban
1,battlefield ea story mode limited completed game last night everything perfect game story mode extended bit
1,good morning awesome day
1,
0,luckiest colat gotten
1,playing battlefield one moment absolutely brilliant game
2,tl dr game not getting anymore content summer not surprised game disaster
2,look like dice may working rolling back grand operation bf operation setup battalion cinematic intro stage though really worth fine going month launch due feedback month launch
0,best
2,awwwwwe rip k
2,really hate team balance separate friend battlefield
3,ban battlefield player onaledbotjeidk occurred see detail bf db com player ban
0,stunning game still captured beautifully
0,dude hope next battlefield brings back moment like make rethink reality loved
2,janganoo new map twitch twitch tv julianjanganoo dice blew
3,ban battlefield player wreathe occurred see detail bf db com player ban
3,ban battlefield player theevilpigg occurred see detail bf db com player ban
2,eahelp still not online battlefield turkey
3,amazing year thanks one thks supporting making feel welcome bf community special thanks scohellfighters love guy wish happy sucessfull
0,thanks
2,damn long
2,playing
0,battlefield getting remastered not wait slap nigga noshar canal another year pic twitter com ol wva
0,almost done yes yes tomorrow finish goal finally kill goal gun much fun
2,
2,death sea
2,eahelp hacker continue make money stolen account battlefield server pic twitter com hidwdk sxy
3,ban battlefield player wag hiuty occurred see detail bf db com player ban
0,see state battlefield game still great played ultra setting fps battlefield ultra rtx super ryzen youtu nhn kidu http co m mv oz
2,almost year launch cancelled game later bfv still not chauchat mp even though fully functional campaign touch beyond wire putting one nail coffin time
2,battlefield badass game never touched battlefield not plan
0,today tremendous desire play battlefield origin network authorization temporarily unavailable day sniper rifle stay corner next stream http co mhuirsbue
2,holy shit lol
3,excuse flakfiregaming need meme back loved new video way
0,miss battlefield
1,new ebay ift tt bb jl battlefield hardline playstation p good condition http co rvntod
3,ban battlefield player junggeorge occurred see detail bf db com player ban
0,battlefield fucking hate dice ea love battlefield game
1,easy contest chance win art book bf fill google doc chance win
0,battlefield looked really good
0,think addicted battlefield
2,get battlefield remastered please also battlefield bad company
3,check broadcast playstation
3,ban battlefield player darksouls occurred see detail bf db com player ban
1,achievement battlefield trueachievement pt trueachievements com gamer princ s
2,server still dead going brought online spoiler alert soon
3,ban battlefield player ballroller occurred see detail bf db com player ban
3,ban battlefield player joikebolla occurred see detail bf db com player ban
2,eahelp hello problem trying play battlefield xbox one say account invalid could give assistance
3,ban battlefield player luvky occurred see detail bf db com player ban
3,ban battlefield player yourdaddyyyyyy occurred see detail bf db com player ban
0,really enjoying new vehicle panzerstorm
0,battlefield remastered rebooted battlefield omg cool one day
0,not deserve battlefield fun revisiting
2,sadly xbox one disk drive finally given still play digital title not play game physical collection blu ray since launch week got battlefield sad evening indeed
1,nostalgia wise lbp series black ops battlefield cuz like smash among u terrarium several
2,p relatively global launch got official uk machine little worth playing first year battlefield aside price made better bet xbox one launch fave game god war last u uncharted destiny
3,ban battlefield player strike xd occurred see detail bf db com player ban
1,playing
3,ban battlefield player chinasiyaun occurred see detail bf db com player ban
0,new elite give hell yeah baby elite awesome one better santa elite
3,wish already nomination mind
3,ban battlefield player yoshistyles occurred see detail bf db com player ban
0,good year game doom overwatch battlefield watchdog dark soul uncharted dishonored super hot hit man psvr launch tier year
3,ban battlefield player poseidonmaia occurred see detail bf db com player ban
0,greatest time
3,new video flying dangerous battlefield random funny moment much flying much randomness many laugh hope enjoy link youtube com watch dembil http co pamociho
2,noticed streamer watch playing game battlefield relaxed well better state mind battlefield really impact people mental health seems
3,frostbite arguably best engine gaming industry utilized properly
3,wow got banned one popping battlefield server vpn ok back bfbc
3,nice shot britney
0,awesome siege attempt strangest bleeding spinning sequence ever squadmate could see spinning awesome
1,omfg proud moment
1,wow beat battlefield call duty advanced warfare ghost recon future soldier xbox playstation activision ea ubisoft
3,battlefield mode weekend voting time hope enjoyed turning tide week time choose one experience run weekend
0,favorite fps series let u see anyone server
1,ready get hand dirty new tide war chapter coming battlefield dlcompare com blog news bat
2,friend go buy battlefield play u fun aight bf like worst cking piece trash ever not make buy shit friend go buy division play u fun aw sh go
3,ban battlefield player mertjoker occurred see detail bf db com player ban
0,fav dlc map go dude dudettes play fun
1,god battlefield not great damned say soundtrack not anything less perfect
0,battlefield best ggt greasygamer com thread battle
3,ban battlefield player score vi occurred see detail bf db com player ban
3,whining u
2,ross rifle insane full vid youtu glxg jg sae http co yqfjbza ac
2,battlefield fan failed history mad game woman theverge com via verge okay know two year old tweet buts really dumb wanda gertz polish soldier scene nothing poland british
1,ever get battlefield hope simplistic battlefield instead overly annoying gameplay class restriction battlefield got
2,niklasastrand hey hoping help reported bug regarding globetrotter battlefield no update given fix patch
0,honestly favorite game time remember playing p fun ever happy birthday battlefield
3,forgot clip managed flank half enemy team operation underground last night mow shotgun upset
0,best hope available
0,seriously whoever decided create rain shine game mode battlefield fucking idiot get rid fun game mode favour rainy snowy weather seriously fuck
1,battlefield dogshit game time super enjoyable hate much addicting garbage game experience
0,jackfrags sound different playing battlefield almost like fun
0,thursday gamin greater good twitch tv avikens
0,awesome
3,
3,love collector stuff got razer blackshark battlefield headset original box complete new unused ea dice battlefield pic twitter com hvl gyoacg
3,ban battlefield player yokai syx occurred see detail bf db com player ban
0,atviassist keep getting error dev warzone changed permission exe admin error code switched dev not even get pas training without breaking amd ddr xt latest driver
2,huh wondering not ribbon
3,ban battlefield player riseandfaiil occurred see detail bf db com player ban
2,lego wwii rotterdam cathedral ruin
0,love battlefield bug french tanker scout jaqubajmal pic twitter com ebljff
0,love carbine
0,love every battlefield dice ea like know nah nevermind lol battlefield hardline battlefield throw battlefront ii
0,perfect hiding spot
3,ban battlefield player godstatics occurred see detail bf db com player ban
0,battlefield soundtrack therapeutic good
3,ban battlefield player hskrbf occurred see detail bf db com player ban
1,russian bot conspiring battlefield
2,uh oh carmen sandiego crook criminal battlefield hardline not like law enforcement would turn anybody not trust long arm law
1,battlefield worst franchise people expect real ww game whoever know happened good thing save game soundtrack really powerful beautiful rip bfv
3,ban battlefield player raphunderwood occurred see detail bf db com player ban
3,ban battlefield player aglygod occurred see detail bf db com player ban
0,chauchat beast also quite fun pair welrod pistol scocontent scohellfighters http co lsykavdggy
0,time best medic battlefield twitch tv generaldumplin
3,xmusti trolling people
3,cheat death italiansprbeast last night guy saved life lol
3,ban battlefield player wsk occurred see detail bf db com player ban
3,ban battlefield player sasobyte occurred see detail bf db com player ban
1,holy shit battlefield still mad player year old love game one best fps world fell love since first game tdm paracel storm
3,ban battlefield player rag fps occurred see detail bf db com player ban
1,flank kill store playstation com
0,great game end night smile sun tmmpsclan tank brigade force gg guy
3,remember back people battlefield would put buggy people still wtf
0,going live min going play battlefield awesome group people come watch twitch tv colormericky
3,ban battlefield player hublotdorolol occurred see detail bf db com player ban
2,tell one favorite thing battlefield building fortification
3,ban battlefield player ltslc ndoitdoit occurred see detail bf db com player ban
0,ngl fricking cool dice sound design team used literally last japanese zero aeroplane original engine capture sound put battlefield
1,start gen cross gen title console assassin creed black flag battlefield call duty ghost destiny watch dog metal gear solid thief evil within got exclusive killzone infamous driveclub knack pic twitter com jxuhgakoh
2,still suck multiplayer battlefield
0,really miss playing battlefield like no aussie server anymore
3,store playstation com
3,alot love sco boy saviour borngaming lately thanks guy hopefully meet online stage bradkiid aswell
1,new ebay ift tt vjd vx battlefield p pre owned great condition http co jgzcawzdvp
0,enjoy strength frostbite technology intense action packed fps battle battlefield ogreatgames com product battl
0,found flamethrower scocontent scohellfighters youtu rhsrmahxghm
3,ban battlefield player statx occurred see detail bf db com player ban
3,ban battlefield player itzawwzy occurred see detail bf db com player ban
2,sorry bad store playstation com
1,inside story xbox pitch not know battlefield single player info leaked samagame com video th
1,xbox one tb console battlefield special edition bundle discontinued amzn uzh ca http co xsqeplwv
2,rip battlefield
2,amazingly bad yes
2,ea dice battlefield multiplayer major balancing issue not even fun play anymore
3,nice warm round good ole ballroom blitz
3,ban battlefield player kungfu occurred see detail bf db com player ban
1,war war never change fallout soo many u thinking would right passage great adventure let tell no adventure battlefield take fucking pt boat cod world war disgusting dino crisis
0,favorite game time max payne fifa pubg cod black ops
1,name inspiring peasant cost creature minotaur paladin rarity uncommon inspiring peasant cast discard card whenever enchantment cast return target artifact card exile battlefield
1,russian bot becoming battlefield
3,miraculous match
3,ea permanently banning linux player battlefield forum lutris net ea banning
0,good tdm match sniper shot fav sniper lee enfield enjoy unexpected aim glorious
0,battlefield still best game pic twitter com lvlyybhysy
2,got hit stuck dead state battlefield bug p hard credit triple title still egregious bug
3,enjoyed recording yesterday mostly new elite controller felt pretty good battlefield hardline live reunited youtu xke wnmgl via youtube http co lnsqxciyvj
1,brrrrrrrrrrg sound death
2,disrespect call duty
3,ban battlefield player piratekingwalrus occurred see detail bf db com player ban
0,think fair say
1,going comment played battlefield tonight not bad game not thing sad ea ea dice gave battlefield even though shit show launch turned best topping money
3,ban battlefield player series occurred see detail bf db com player ban
2,eahelp ea account telling invalid not let play star war battlefront battlefield not resolved issue yet not want play ea game
2,no course not
3,another day got banned
2,eaaccess eahelp xbox one no longer load ea access app battlefield telling account invalid tried hard reset rebooting router please help
1,russian bot ignoring battlefield
2,battlefield favorite
3,ban battlefield player xhalfdanx occurred see detail bf db com player ban
3,ban battlefield player ent occurred see detail bf db com player ban
1,ok battlefield nazi story last tiger might new favourite thing ever pic twitter com omeu vjds
3,bullying chinese people battlefield basedlancashire pic twitter com ua vmmmsfi
2,kind leaf bad taste mouth enjoyed game leaving unfinished pretty shocking
0,one amazing clip battlefield gp net little happy dance lol pic twitter com mukd dbkzs
3,video tanking rather hard guy could help love forever
1,tried hide cute store playstation com
1,nice giveaway adkill tweet looking bfv pc check
1,ea dice partwelsh happy back life
2,ue upperechelon story ea dice battlefield abysmal state year still no anticheat no team balance no weapon balance bug since launch not listen community
3,ban battlefield player kapitandupa occurred see detail bf db com player ban
1,store playstation com
0,best callofduty year battlefield nice
0,battlefield greatest cod modern warfare expansion pack
3,thank everyone joined kerfuffle stream tonight monster hunter battlefield back monster hunter jeez teammate need make mind lmao
1,braddock happy birthday mate battlefield merch would send not send epic day
3,ban battlefield player weter occurred see detail bf db com player ban
2,
3,ban battlefield player oanejorrit occurred see detail bf db com player ban
1,achievement battlefield trueachievement pt trueachievements com gamer filipe
3,ea banning dxvk battlefield forum lutris net ea banning
3,great shot ramsey uk
3,bullying pilot epic tank shot battlefield gameplay youtu rahuife
0,electronicarts say permanently banned ea product becuase violated term service something like help please want play battlefield
3,live stream back bit p acting weird sorry
3,ban battlefield player jamesbongog occurred see detail bf db com player ban
3,partwelsh thanks hosting community game server today blast lovely shot action
0,battlefield much better modern warfare new modern battlefield coming cod not seem make decent game day
2,unrivaled analysis battlefield fundamental problem one marbleduck youtube com watch lggq
3,happy birthday
2,ea dice trying get battlefield impossible weapon love like lot not metro map running server also difficult get two assistance medal assault not get weapon love
3,ban battlefield player mby occurred see detail bf db com player ban
0,battlefield one favorite fps
3,ban battlefield player wilililiam occurred see detail bf db com player ban
1,war
3,move die insane twitch tv thevisionaire follow dare battlefield
3,gg thanks tonight people see next week
3,ban battlefield player wtfwolgyftw occurred see detail bf db com player ban
3,ban battlefield player ty ix occurred see detail bf db com player ban
3,dannyonpc would pleased
3,almost hit sweet hr stream twitch tv baranox
3,ban battlefield player chiiroolaa occurred see detail bf db com player ban
3,ban battlefield player arkaadz occurred see detail bf db com player ban
3,ban battlefield player hamza qattan occurred see detail bf db com player ban
3,ban battlefield player scoutcopter occurred see detail bf db com player ban
2,battlefield probably last good game ea honest
2,bf modern era bad company premium back dice ea go next game far concerned bfv not going get anymore support think think already cut loss
0,classic
0,explosive artillery knife gun one clip also love outpost
3,ban battlefield player dombira occurred see detail bf db com player ban
3,slightly annoyed certain prominent talking certain cosmetic item locked behind real money paywall shrugged said world live prominent youtubers actually spoke sort thing would
2,collateral revolver satisfying youtu quo rghbm
2,not battlefield slander tl pic twitter com bzyz fpj
1,unpopular list opinion apex garbage nd reward non skilled play battlefield much better bf pubg old washed like call duty make world better place cat smarter dog non essential new movie suck
3,buurrrrnnnnn baby burn check twitch tv justgav
0,battlefield still good figured
2,battlefield trash game deserves die forgotten
3,easily best playing part get past whoo boy
3,battlefield live tonight fun know play remember say ciao want give follow twitch tv navigando
0,battlefield trailer still damn good
3,ban battlefield player kai yoii occurred see detail bf db com player ban
3,thanks fl last night huge raid made night go check like
0,best kill youtube com watch alssdx
3,ban battlefield player digs occurred see detail bf db com player ban
3,ban battlefield player polystation occurred see detail bf db com player ban
3,ban battlefield player slothynips occurred see detail bf db com player ban
2,battlefield good game purchase
3,ban battlefield player depardieuq occurred see detail bf db com player ban
3,ending scocontent scohellfighters store playstation com
3,really good depth video highly recommend
3,ban battlefield player antonio occurred see detail bf db com player ban
3,quick shout anyone interested battlefield stream twitch tv ventiii tv
2,battlefield l still awesome bf multiplayer gameplay youtu olmstbiofea via youtube
1,yeah glad fixed
0,fall guy server fire let u switch
2,eahelp not seem get online play battlefield play online game nd day row not play
3,rpg kill epic tonight really pissed opposing team night
3,curse good battlefield no one want play
0,know everyone bfv iwo jima beautiful unexplored area see using spectator mode
0,feeling super excited go back playing
0,got battlefield pc getting sweaty
2,fail
1,revenge
3,saw tweet story told cuz mad men died war not battlefield treatment not even think another ww movie people would even know
3,system might not give ability run game ultra setting still make look stunning play smoothly lttr ai ntdt
3,ea permanently banning linux player battlefield ift tt msmbas cmts ift tt qgr
3,good morning wish great saturday good game awesome julianjanganoo twitch tv julianjanganoo vinceisgraphic twitch tv vinceisgraphic
3,want say thankyou amazing support question platoon name though prefer
3,ban battlefield player pineukio occurred see detail bf db com player ban
3,ban battlefield player ace kalorz occurred see detail bf db com player ban
1,
1,
0,battlefield still amazing game today going explore worth give another go youtu vln vlwnq youtu vln vlwnq
0,morning today itinerary bitchduties root redye hair long hot fire hell bubbly bath one universe shit kidding last one play titanfall play battlefield take pic web work http co jht pwm
3,pokepark wii horizon zero dawn p minecraft pc sonic xbox sonic black knight wii chose overall package think make great game lmao
0,exciting announcement hour family really excited let know happening pic twitter com louz
2,update not played battlefield instead mistake
1,lunge mine jungle carabin irish fox hound funniest combination xd gg mate
0,found battlefield titanfall dlc game buck definitely going rocking
3,ban battlefield player gariblak occurred see detail bf db com player ban
2,announced battlefield remaster instead bad company like dice want lose money
0,going live friday twitch tv evilstreak http co miytmyp
0,platinum trophy going back finishing plat really cool moment single player campaign couple annoying codex entry overall enjoyed time
1,messed little duel
0,thank service
3,ban battlefield player wolfman hd yt occurred see detail bf db com player ban
2,no one buy battlefield steam not app literally run google search not recommend waste money
1,russian bot aggravating battlefield
3,ban battlefield player no hacker server occurred see detail bf db com player ban
3,ban battlefield player hkbd cccp occurred see detail bf db com player ban
0,ea dice battlefield
0,starting
0,true love
2,year already truely one best game ever made
3,omg pure skill right people dynamite plane yes please
2,fuck nobody playing rush battlefield p
2,battlefield literally no good map launch tf people play shit
1,youtu gullmfos
2,per government banned apps data security really government mygov verified account various chinese app like tiktok likee helo today deleted
2,jude really hating playing pubg
3,fashion star vijaysrig onlynikil camsenthil rrajeshananda
0,trend deleted wth govt pakistan
0,oomf playing pubg later excited dnsjjfjogodppsokgjfk
2,pubg please sort game crash
2,banning
3,pubgmobile account banned not reason behind naver plyed rule pubg mobile account id id name sam joket
1,played first ever game pubg carried lyra time ugh twink power pic twitter com lxmf wzlv
1,one best kpop moment isac kpop group came together played massive fuck game pubg tell not iconic
2,professional player grinding day night since year peak career pubg get banned pubg ban destroyed dream career many esports player narendramodi pmoindia pubgmobile pubgmobile esportspubgm
2,indian parent knowing govt banned
3,whenever teammate cook nade enemy ended knocking pic twitter com ugguzim
2,goi meity whenever pubg running indian phone spoil youth india
3,fun ggs nexu ttv today sent fam afterwards thanks corky corc raid well today
2,tiktok ongoing effort india banned mobile game pubg set cut tie china sptnkne w
0,park jihoon play pubg well wtf
1,interesting month took month
3,txt online fansigning clip taehyung playing pubg recording feel familiar everything hurt every piece pain
3,team shy military runner pubg pc showdown tournament organized gamer lk wish best upcoming tournament
2,pubg player addicted pubg happy decision goi meity ban pubg mobile nation important fun behalf pubg community welcome decision
2,no chicken dinner pubg ban india left gamers upset twitter com moment
0,pubg mobile gameplay awesome kid fun altriva gaming youtube com watch
2,news pubg mobile ban stay despite cutting tie tencent report indian org pub
1,not played pubg week feel weird
0,youtube pubg best kill squad kill solo kill skreams gaming best kill record dadaabhihai youtube com watch jc dz
3,le frustrated right pic twitter com lcbynw
2,noooo phn no space install back pubg mobile lah
2,pubg featured app store not sure good look come across petty wonder long work whole epic debacle pic twitter com gjnlqjesse
0,pubg game serious stressful condition selfquratnine pandemic also escape people young generation facing depression due family problem study relationship etc
1,trust ptaofficialpk imrankhanpti sir worse banning pubg literally say age not minor please request remove ban
3,crossbow friend youtu orcy xl uy featuring amazing shot aaron aggro beard cheweycrackeryt jergameworld kickpuncher potatoxrage pubg pubg u pubg eu
3,
1,fucking epic perfect fumble though great recover next season better fuckin lit done
0,ended playing pubg not assgn pic twitter com bawyl
3,changed pubg avatar picture jihoon got say hour gameplay today phenomenal jihoon effect knew even teammate said pic twitter com kdxmwbdyfz
0,congratulation
2,breaking pubg banned govt india
2,upset
2,breaking news chinese mobile apps banned including pubg ministry feel bad friend deep love pubg
0,still live everyone fun pubg twitch tv jaeger dyn
3,holy shit cheater number today oce pubg bgk guy banned one douyu ban lot shot smoke crazy snap know not oce aswell ping lock oce m season please pubg support
0,
0,best suppressor best weapon kill duo v squad pubg mobile youtu icj fuejqfg via youtube
3,punjabpoliceind dprojalandhar heard app ewar game app prize pool say play pubg win large amt money spoiling youth plz tell whether app authorised not safe play app
3,sir neet student not pubg game please not play life family please not kill u drrpnishank eduminofindia pmoindia pic twitter com dhe ypqtol
3,noob pro motivational journey story every noob pubg player youtu no rsoxqc via youtube youtubeindia
3,modi website not safe safe pic twitter com roznoz agy
0,played pubg someone yang cantik cute sabahan accent sooo happy rite
3,jihoon talking skydiving experience saying thought going skydive alone kmay deadass said thought jump alone pubg fucking choking funny hahahahahah pic twitter com thdzcxa vk
1,pic twitter com iewdoa
3,crybaby said sorry everytime died bila main pubg bf
2,india ban chinese apps including pubg
3,reborn rising chart path free fire rd anniversary thank u load reward new mode waiting free fire website ffshare garena com region ind la inviter id
1,become weak went friend house playing pubg talking bbq dinner yet feel tired alr
2,pubg hi facing game problem game lagging freezing slow good internet still giving headache since one month help fix proble
2,jdjdjd everyone getting annoyed playing fire played pubg
3,taking lecture view younger brother sister playing pubg together love always add beautiful thing life not find anyone
3,got teamed bengali pubg started talking shit pakistan remained silent waited patiently gather end knocked grenade
2,lahore high court banning pubg pakistan negative impact child correct decision not
2,always handicapped teammate get kicked stuck building pubg support
2,narendramodi tbanned important app china whose name pubg pubg app china earning crore rupee people india app not closed want give billion r china earning opportunity
3,yeet fails
2,
2,not safety business
2,narendramodi please sir request please ban pubg mobile game please sir request ban game please
0,love pubg youtu fjg pufhbjs via youtube
2,spends ringgit pubg dear god stupid
3,
3,best feeling ever crush accept friend request kt pubg
0,friend play korean version pubg blackpink hylt bg music omgg love pic twitter com skotzyvga
0,bad many way not not play fortnite pubg whatever not give wrong advice tiktok
3,time
2,cuz love pubg bae
3,girl playing pubg turn mic seduce men player mf whore
2,even tae playing pubg not ever installing hahahaha dislike game much
2,miss pubg
2,failed pubg mobile youtu qz pth sw via youtube
2,using hack openly not pubg security system ban
1,africa esports championship back exciting season featuring league legend tekken fifa pubg mobile calling register visit aec africa esportsafreeca
2,wonderful decision took
3,jump shot naughty vector burst got range
3,pubg purple unstoppable babaaaaaaaaaa grandaddies
3,twice yesterday uzi carried randoms chicken dinner lol
3,best among u moment ever via daily fnbr moment youtube com watch fb
3,cute though
0,finally pubg unban pakistan thank everyone put effort great decision isb high court
3,impress indian girl sahilyaduvanshi love first
2,chinese app ban india update including pubg tiktok centre far banned chinese apps amid lac tension dlvr rfqtps
3,pubgmobile pubg support help sir please help mistake got banned not break rule sir respect rule ban not break rule sir play fun sir not hack rd party apps
2,dear indian love army start uninstalled apps first also great help jawan lost son tiktok hello uc browser uc browser mini shareit pubg vigo live bigo live club factory disctionary
2,
0,pubg deathmatch actually fun decent game paradise
0,switching pubg gtuckgaming crew twitch tv dazfps
2,digital strike india banned chinese apps pubg also surveillance allywebsite pic twitter com axjqc pift
3,really nailed
2,pubgmobile aajtak zeenews abpnewshindi pic twitter com dbtjpnt al
3,result piece paper youtu qdjefitfw
0,pretty amazing time streaming tonight pubg alot fun thanks everyone came hung
3,squad call noob pubg one day wipe whole squad single hp save teammate le pic twitter com hwsaor
3,got best advise day able improve pubg shooting skill hahahaha
1,liked youtube samsung galaxy note smartphones unboxing fortnite battle royale minecraft pubg buff ly au buff ly http co lbc oqdmci
2,good morning svperfecta pubg squad ranked future plan solo ranked mode guy play primarily solo duo super bummed decision go squad get super disappointing see pubg go route
2,pubg support console player play fpp broken get disconnected team restart lobby every game tpp fine highly annoying please fix thank
3,pubg postal unsatisfied biennium geosyncline
0,
1,fav weapon pubg
3,pubgmobile game id orcpreda logged pubg account lap top cafe not know happened suddenly account banned year spend lot money played game since season please help get account back
3,xboxaimbot com greatest place get free warzonemods
2,government ban chinese apps including mujra app tik tok le pubg pic twitter com lvieov mgk
2,massive impact one biggest growing esports ecosystem esports pubg mobile hopefully see adjusted massive opportunity economy livemint com news india gov
3,pubgmobile ban random playre killed clan teammate report pubg mobile game plese strict action cheater pic twitter com cpyyo kcbz
3,nice shot
2,man miss pubg prime pic twitter com izoafew
2,pubgmobile game shit not even play single match high ping lagging many problem completing mission repeatedly ana still incomplete seems like freefire better pubg atleast not somany problem
2,see pubg mobile responded banned pubg mobile india
2,banned
3,yo new event pubg weird
2,government banned pubg
2,man looking forward running new skin pubg
0,love playing pubg ranked much fun also someone sign daunxinyan pc cracked pic twitter com iskrgo
3,pretty honey special download please thank recochoku jp artist
0,mobile easier would easy
2,banning tiktok not app also wastage time pic twitter com vfqtw tx
3,abhijeet bhayya effort incredible way try satisfy wish good hope continue good health wealth love fron hyderabad
3,hat man outstanding effort resuscitation pubg
3,shout remyxpress putting game come rocketleague boi smash game pubg called let u see got southie
3,honesty shit sniper pubg one hit nice pic twitter com rlwiych kg
0,ptaofficialpk pubg source income many youngster please not ban pubg
3,going live momentarily grind pubg got couple win last week let u see twitch tv doctord xy
1,
3,mingyu also play pubg huhuhu want polaroid really cute
1,pta giving no response pubg campaign pubg player pic twitter com ju dsouxs
3,pubgmobile pubg id got banned fake spam report unban id please
0,kindly unban pubg otherwise many young entreprenuer lose life imrankhanpti
2,indian government ban pubg pro pubg player streamer pic twitter com aamaavpjyc
3,got whole load video work including pubg funny moment modern warfare funny moment warzone rage much not wait share video
0,twitter com pubgmobile sta pubg best game till date
3,hell yeah accepted official pubg partner stoked get chance help support game love much let u celebrate community custom game right everyone welcome twitch tv el funko http co icgnxgoaen
2,bliss
2,
3,not ever shoot back miss store playstation com
3,pubgmobile pubg support pubgmobile respected sir pubg account ban th jailbreaking data error never use cheat hack always play fair game character would ign name manish please give account back thank sir pic twitter com nr dtr
2,government ban app along right dislike ludo player pic twitter com fqmqkpqm
2,pta banning pubg yet another confession incompetence incompetence people system instead teaching value gaming treating like caveman treated fire first saw afraid bloody caveman
1,china spread corona virus world comfortably playing pubg india
0,pubg partner welcome package got today thank much pubg eu love excuse covered eye slept hour pic twitter com fflb za
2,fool think banning game increase gdp effect joke day person ban finance minister improve gdp
2,celebrity question ban pubg pakistan thepakistanpost net celebrity qu
2,
3,trickle fucker
1,youtu gn mzgel breaking news pubg mobile un ban erangle coming india not real reason ban min like
0,played pubg first time long time loved posting clip tonight
0,pubg mobile earning pubg mobile highest earning recreation planet newsforhindu com pubg mobile ea
2,pubg taehyung hate game
1,obvious flaw people mentioned length holy shit tdm pubg fun hell invincibility need adjustment removal couple map kind gross overall love keep new content coming http co vq uuqe
0,pubg mobile became highest earning mobile game worldwide may read livetechhub com pubg mobile
0,illiterate community think pubg game killer must ban knife gun limit vehicle speed km building country less ft height also thousand death per year
2,pubg chinese app ban indian government watch video subscribe youtu mq woqrmtre
3,really fun heartwarming see baekhyun enjoying life successful fanboy well
2,not wait goi officially announce boycott chinese product aatmanirbhar bharat package first step towards boycotting collective responsibility take next step start uninstalling chinese app like tiktok pubg
2,chinese apps including le pubg user reallyswara pic twitter com edzbix tn
3,biggest shock desi mom eid
2,pubg wtf
3,jrpsc hub mod apk pubg free uc free spotify account everything available jrprsc take look amazing website jrpsc org
0,pubgmobile nothing pakistan pubg ban come please make issue clear want pubg back want
0,
0,please unban pubg ignore lame excuse pta important thing youth selected pm
1,twittersupport trend removed want explanation government ban
3,blackpink
3,twitch top pubg stream right scamming people taking steam account restreaming shroud video something
3,modi nd govt no gut ban chinese app citizen india ban modi govts misconduct beware shameless selective deshbhakti
3,pubg player government bann pubg pic twitter com na ovcbbgf
1,callofduty played alot br including pubg pretty much close nailed support warzone stand alone product content yr come not make yearly release good player would like hear
3,really
2,going complain often much think pubg bad
1,player become hacker pubgmobile arb
1,pt would not stop crashing tonight issue never pubg u pubg pubg devs going give another shot good night central always http co mgoa izs
1,government ban chinese apps meanwhile pubg pic twitter com zey zsfckw
1,government india banned app pubg included pic twitter com crown
0,congratulation guy finally pubg unban ho gye thnks zakawaqar thnks pubg lover
3,still rolling might going late pubg ton fun tonight twitch tv joenumb r
3,know best free college thanks winter break service
3,fortnite funny daily best moment ep via daily fnbr moment youtube com watch kpc
2,pubgmobile pubg hello pubg mobile iran not opening please please please please please answergive
3,best squad yet
3,unfortunately govt left no choice chinese military regime kept pushing top already mounting evidence doubt spying data collection done let u see play
2,hello pubgmobile pubg pubg support not access pubg account help login account account connected facebook account pic twitter com wrk dw
1,know play pubg game give headache
3,emotion got changed tik tok got banned v pubg got banned
3,salman khan adopt flood affected village destroy salman hater beingsalmankhan teamsalmanfan ishu jacqueline salmanfc com salmanfan
1,sport one thr biggest market right pubg career people brings lot revenue country excel international level brings fame country p several advantage sport game
3,steal pic twitter com ouox ki tq
2,youtu aixistd apps banned pubg ban pannuvangala min not miss
1,famous pubg dialogue patt headshot gg op pic twitter com wyw okqpbh
2,government ban additional chinese apps including
0,want dynamo hydra name skin pubg really love dynamo hydra
2,dear pubg not show care ban per week show zero control start trying prevent cheater server talk
2,not believe pubg real game kazo ran bullet started smacking someone pan pulled pan
3,tried play pubg back still bad not sgshsjsjsjsksk could play pes better pubg afsgshshsjsj
2,pubg banned pakistan pubg lover right
3,chenle scared woman beat as pubg
3,worst thing
3,way annoying babi
3,music
1,pubg mobile easily comeback india way hindi sena hindisena com pubg
2,indian government could ban apps including
2,pubgmobile pubg pubgmobile pubg support update pubg app login not accessible pic twitter com voundlabqy
3,please tell pubg would not reveal anyone please please please please please agerwalnidhhi
3,bew account probably thousand uc inside look expensive skin
3,zakawaqar made possible thank much congratulation everyone
3,fatboimaximus chicken dinner baby not good pubg twitch tv fatboimaximus
2,bug season make game setting reset internet got disconnected mid game still exists till p uninstalling shit game happend one time pubg playerunknown
0,thank waqar bhai finally pubg unbanned
3,liked youtube pubg mobile iphone finger gyro hand cam setting genj gaming youtube com watch vme
1,see loot crate
2,chance get awesome package south east asia pubg pubg support hawkinz pubg partner
2,robodanjal chance could get list map new pubg tdm not seem find good list anywhere
0,request tweet no response pm member not need tweet need unban pubg otherwise not interested supporting next election imrankhanpti
1,ranked pubg way pic twitter com ujidf air
3,easy squad wipe gold platinum tier ace hard squad wipe game unfair thequeenbeey bossprince onlyystormy esomchi maniac ru tsm entjonathan harliamin pubgmobile jonathan pubg aadii sawant sidizens pubgnigeria ithurtsalottt
3,found rocket launcher pubg gave poor soul
3,liked youtube chinese player clutch everytime part pubg mobile youtu ktpd ofvs
0,guy let u unfollow imrankhanpti pubg unbanned not follow need politician damn care problem youth not concerned solve problem
2,indian govt ban pubg apps
0,imrankhanpti fawadchaudhry syedaminulhaque officialdgispr tell fuc ing idiot unban pubg per court order
0,not live without gf not live without playing pubg
3,babygirllalisa worry
2,pubg literally death simulator
3,day psl elisa viihde pubg fall challenge start going see amazing individual performance upcoming season
3,pubg painter unexplained bullshit guidance
3,pubgmobile pubg mobile love hacker pic twitter com xvvpfkyrsq
3,inhumane government turning teenager beast
0,salam name immaduddin new request plz unban pubg bcz people player earn money family sad sont think glfor people think pakistan ok
1,current state pubg community regarding loot balance karakin personally pretty happy change looking forward playing map tonight pic twitter com efc hr
3,nade win
3,pubg fan take funeral procession banned game chat winner winner chicken dinner hogatoga com pubg fan take
3,failed bbhl aspect not even know play pubg ugh fuck
2,hate music
3,
2,pubg ban india chinese apps banned india youtu ovnd ezrcu via youtube
1,pubg india banning chinese apps
1,unable play pubg student kill west bengal police time india ift tt bzprnw
3,watching xyzv awesome stream come check gaming pubg mixer com xyzv feb mo tz mixer com xyzv via watchmixer
2,know pubg not chinese wish ban soon app trash
1,ptaofficialpk wanted ban pubg personnel fight pubg corp pls unban game thousand people requested ban game see lakh people requesting unban not take pubg pride problem
3,made
0,wow
0,want feel way felt played playerunknown battleground first time fuck
3,soulregaltos best pubg player not feel sad lost another door open best luck upcoming game not feel sad teem soul good luck fan ur play well win well http co gtccr vgo
3,xboxaimbot com greatest site get free modz
3,bad time ban pubg start studying demanding job
2,pubgmobile character id hacker see kd person banned immediately pubg mobile ruining game
2,pmoindia narendramodi amitshah hmoindia pubg banned india many student distracted aim second reason part profit pubg go china
3,chinese first took land modi banned apps ironically used bjp lok sabha campaign chinese occupy land apps banned modi exactly like itcell cowardly take stand real life
0,anything extreme cause consequence banning pubg not solution
0,love pubg
3,pubgmobile please pubg return account banned iam not hacker please
3,week disruptive tech curated rmnth pubg ban twist tale facebook political ad ban trying tackle wrong problem law enforcement meet predictive algorithm foundingfuel com column
3,honourable prime minister imrankhanpti people earning respectable living electronic sport sport thrive pakistan pubg banned
0,not wait
1,since
2,pubg support hiya fixing console game asking lot satisfied lack response wondering lagouts part game like red zone not aware not fix year problem thanks
3,pubg useless bureaucrat gangrene
0,pubg mobile not harm anyone banning would harm pakistan economy almost crore yearly player buy royal pas every month checking year plan crore least estimate imrankhanpti ptaofficialpk
2,maybe one hate pubg no reason
3,finished nd youtube video enjoy long process pubg highlight past week like subscribe thanks youtube com watch megqln
3,amazing mainstream medium try normalise muslim criminal terrorist bdutt painted burhan wani facebook star son schoolmaster washingtonpost made baghdadi austere scholar print paint shahrukh aspiring model
2,pubg mobile alternative register massive surge downloads ministry ban game qnewshub com technology pub
2,pretending alright pic twitter com aldzjwades
3,little kid shot as resisting sexually abused enough make noise pubg ban lover damn pic twitter com oeqrzz oi
3,check amazing game pubg mobile think better
2,pubg get banned india read reason hashtagguys pubg get
2,dear pubg support many time got killed landiand rank crown used hacker boost rank please unblock account no pubgmobile pubgmobile
3,look happy finally lined hi touch fan pubg yoo taeyang http co fkns bppwj
3,pubg ban akshaykumar launching new game fau game credit donated
3,rmb tl losing tae playing pubg disappointed found playing via kakao server
0,wtf
0,pubg therapeutic
0,pubg gamers corruption pubg gamers commit robbery pubg player attacked pic pubg player take bribe million case pending pubg player not pubg banned instead actual problem reject pubg ban
2,never played
0,playing streaming
3,biggest scam done indian pro player intense squad pubg mobile clebritynews com big http co psyzje
2,pubg support bro please stop forcing everyone play miramar feel like time map split shit evenly please
0,omg excited watch dk play pubg
2,
2,pubg account hacked someone plz help id account linked facebook trying log showing unable log
0,still loving pubg youtu czvhd ia
2,ban pubg mobile suddenly realise employ million people pic twitter com xpxwbm
3,happy turbo tuesday
2,problem rampant sexual assualt educational institute pia fake license baloch student arrested protesting inaccessibility internet corona case rising christian man shot dead buying house muslim majority step taken ban pubg
3,loot shoot sometimes pretty much broken habit maybe
3,youtube pubg mobile best tiktok video funny moment electro ice zard youtube com watch erpx
3,crazy gloating fan not responsible journo sorry expected change drummer never change not write book worshipper
3,bro indian cult mentality fkin dumb literally everyone follow blind rumour tf told ssr part dumbass pubg rip game get braincells verify fact first
3,pta pubg ban unconstitutional nature violates article constitution islamic republic pakistan employee involved suspended ptaofficialpk zakawaqar pic twitter com pxh dxb
2,
2,atleast proudly say anywhere dt never use tiktok pubg among apps list declared today newspepper cutting not install anysingle one nt phone among bt app among used
3,nice die player could not hear damn air drop plane pubg also anyone not exit game without rate
0,best br opinion apex legend warzone fortnite pubg blackout hyper scape radical height realm royale cuisine royale ring elysium island nyne listed game played paid interest
3,hear little sister arguing people pubg
3,
2,others let u move cod free fire fuck glitter not gold
0,not support next election
0,fortnite revenue continue decline pubg come dailyesports gg fortnite reven http co cxjlkwaygh
2,pubg mobile ban india controversy rocked game paper li
3,cry screaming losing midnddddd
2,banned apps including pubg banned india gadgetbridge com news banned mo via gadgetbridge
2,pubg support report hacker reported game even sent id video proof hacking gmail customer support let alone taking action no response customer support hacker openly hacking asia duo top
2,indian govt banned government like winner winner chicken dinner pic twitter com smbnjk
0,ptaofficialpk banning pubg not right choice giy commited suicide may rest peace not mean pubg fault people pakistan career pubg talent represent pakistan world wide please request
3,twitter not keep calm pubg ban meme take worldnewj com twitter not
1,first proper round
3,toga birthdayyyyyayaya way love liddol bean much tt username pubg toga himiko sound kind cringy love sm not might get bored lot thing bnha not never pic twitter com espuukyhl
1,big breaking apps including famous mobile gaming app pubg banned india pic twitter com kbeqynzmls
3,thanks waqar zaka pubg unbanning real dare no one called dare devil youtu jhre yoj ya
3,eng back manflu way follower sub hunting chicken dinner sound alert plea not use twitch tv kaii live
3,honest relate minho playing pubg running away hiding never kill scared sjkskskslss
3,not find confirmation anywhere look like fenix app quit muting keywords talon strip imaginary sport timeline may need switch blaseball like fandom pubg least mute filter worked pubg
0,think time play install pubg miss game
2,zakawaqar great job
2,unable buying pubg steam man forced play pubg lite pic twitter com yr wemcn
0,pubg mobile mok athena gaming dynamo gaming best gameplay youtube com watch xuccst
1,vega esports international org invested sponsored pakistani line pubg official statement aftr many day ban showing utter disappointment treating investor imrankhanpti
1,phew made season coming ending pubg not wait see vikendi offer u
3,pubg not superstar solo win criminal not deserved pic twitter com hillox ffi
3,
2,pubg support game freezing much match game stop go back second like
3,definitely potato ish ultimately effective
2,pubg support game keep crashing not load game ready always u not able load going
2,pubg banned county
3,aimbotcentral com greatest site get free hax
2,
2,pubg support sorry game dead
2,think bot pubg terrible mistake hell hope get proven wrong somehow youtu tgbwcw
1,never want miss update follow informazio latest news update tech covid update fact
1,nikhileshchanu pmoindia narendramodi mahendrajeet govt india ban chinese apps including tiktok meanwhile paytm pubg like
0,pubg control think best finger control beginner
0,thank hanging tonight lot fun pubg sea thief killed ghost ship sea thief blast thanks playing hanging great weekend see tuesday
2,pubg not ban hacker ban whole app
2,humble request please also ban apk file available pubg mobile pmoindia rsprasad dgpup upcmoffice pubgmobile com en u
1,almost got bomb
3,banana army invasion fortnite funny daily best moment ep via daily fnbr moment youtube com watch vnngjy
3,pubg bigo youtube taking decision like list top richest country like largest commerce market world
3,minho felix jeongin sucked pubg hard finally better thing
3,know jisoo happy pubg collaboration
0,good news pubg lover soon pubg back india
0,good old pubg oce pubgoce pic twitter com lfgrea
2,pubg pc awein took beating kid not play
0,good game twitch tv flipflapss cli
3,happy birthday th irisnursophea may life full happiness barokah mommy abah mie skadoosh abang fornite pubg farish love much good instagram com txi max
3,freshtechguru com best source get free aimbots
2,would sad though
2,meanwhile fortnite cod free fire user right pic twitter com dkyzfigdh
3,congrats fr result even asyik pubg pic twitter com ac dqmr
0,someone tell dude game best pubg report ever gotten pic twitter com iyccf
3,not good news miindiasupport already
3,monkeyviral com trolling no
2,indian army delete apps including fb tinder pubg stop information leak eduindexnews com ind
0,alright live playing various game starting pubg love face love stuff siege life youtube twitch lurkforce rainbow game u rainbowsix game royalestreamers binxtvinc
1,pubg banned pakistan unban pubg working way youtu broc wqx via ptaofficialpk
3,handsome
3,lmao thank god pubg player pic twitter com pyivp
2,pubgmobile guy please remove hacker social account pubg account continuously messaging guy customer support icon no response recieved
3,imrankhanpti arifalvi ptaofficialpk http co ggjzfqcs
1,well like not stopped due exam pubg banned india care no cod mobile life not stop gamers like boom bam victory
2,pubgmobile sir facebook account linked pubg account pubg account old royal pas account hacked person uganda using account sir kindly request arrange return account
3,no mateer many lecture given listen work liked falked not accept goal achieved even mistake thanks please like tweet
3,go mixer com asianrobot
3,not let pubg ban distract fact economy tatter covid far control worst government decade
0,year ago week good time pubg huge accomplishment playerunknown team put observer room insane many cable life changing thank pic twitter com rwnqks kc
3,done tweet yoo taeyang pubg
1,big breaking tik tok chinese apps banned youtu zlnv uh oc tik tok apps banned india
0,good news pubg unban india pic twitter com htqmjieylr
3,go show love support amazing streamer blondieesophiee great content time always good laugh also pubg tourney come cheer mixer com blondieesophiee
3,chaotic cute
1,ok maybe playing stranger pubg actually kind fun lmao
3,not make not shut bragging even pubg kart rider like super proud baby
3,pubgmobile gave mail id password someone else used opening pubg mobile id used hack cheating please unben id onwards no mistake pubg mobile would please help pubg mobile
1,verizon kick super bowl return futuristic wearable firefighter company also power first ever super bowl stadium miami adage com article digita
2,not make no better verizon shit closed
3,mother warned happening
1,speaker woman
0,tuning
2,tiktok u deal starting look like fake commercial verizon chipotle exxon park rec youtu xfkogtgg mo via youtube
2,others losing data access verizon wireless mysteriously around pm try calling no way get answer
1,stock making biggest move premarket verizon american express honeywell mattel cnbc cnbc com sto
2,verizon fios like yeah pay bill every month might not internet month
2,funny issue not huge pandemic fact state mobile affected verizon customer not even call
2,mf making charge hate verizon
2,verizon better count fucking day
1,battle game long best action
2,verizon website still not working last person told use app instead not work either video actually minute long never load verizonfios verizon http co ngpvzhloj
2,vzwsupport ported number verizon account phone call work sm totally broken nothing way anymore verizon app also still broken not great experience far
2,hey verizonfios verizon verizonsupport internet speed mbps mbps pay gig symmetric service test performed wired connection cat sftp gb cable speedtest net result
2,hey vzwsupport no response
2,sprint mobile comcast giving wifi access uncapping wifi data national crisis verizon no found think twice provider
2,thanks verizon stuck home wifi instead helping bill two people asinine way give u additional data not need pic twitter com mxciywyusv
1,verizon wireless customer faced service issue peoria area company say dlvr rth qy
0,yeah finally got disney thanks verizon plan excited watch mandalorian random didney shit
2,verizonfios frustration hold min finally talk rep say call back due static not hear hour still not heard terrible customer service experience verizon
0,tuning
1,honored part event one bright star one bright star excited host celebration life gala fundraising event saturday february th verizon center mankato mn instagram com lftcn xy
0,charitymiles alzassociation thanks verizon sponsoring charitymiles org verizon
2,verizon data crawling morning going
1,verizon suspends advertising facebook join growing boycott reut r dyldmq
2,dear verizon read room bro middle pandemic people losing job mind not send text trying sell new phone customer sincerely america
1,artitude air tonight ch comcast ch rcn verizon great interview author creative interdisciplinary artist ifefranklin guide bnntv org cablecastpubli
0,thank dave
0,optimumsucks friend house trying order walked along hold optimum suck minute claiming covid lack response say fuck go verizon
2,verizonsupport verizonfios told make change verizon fios account specified date still charged amount make change specified date not charged next bill
0,tmobile guy really slow tuba city az make people go verizon
1,delivery time min hr verizon delivery time min hr mobile delivery time min hr
2,not use
1,verizon earns top score disability equality index bit ly ozaic
3,nigga verizon done talked buying bunch shit lol
1,company boycotting facebook list ben jerry birchbox coca cola docker eddie bauer hershey company honda jansport levi lululemon magnolia picture mozilla north face patagonia rei unilever verizon
0,faster connection life saved cool see verizon using technology help doctor deliver vital healthcare underserved people
2,beginning think whole marcus supervisor call minute stuff way last verizon rep hub spoke get call not incompetent liar
1,upcoming family trip grand canyon peace mind galaxy make journey safer allowing u capture amazing detail nature wonder maintaining safe distance verizon
2,hey verizonfios verizon verizonsupport internet speed mbps mbps pay gig symmetric service test performed wired connection cat sftp gb cable speedtest net result cd
0,seen one optimum truck morristown getting food none work seen ton verizon truck though never lost power still lost phone internet cable hr storm passed oh yeah optimumhelp trash
2,hey verizonfios verizon verizonsupport internet speed mbps mbps pay gig symmetric service test performed wired connection cat sftp gb cable speedtest net result
2,verizon northeast
2,verizon not fast got new iphone pro vzw slow let
2,not even activated service cancel verizon sh
1,boycotting every lead advertiser contact info mediamatters org fox news procter gamble amazon kraft heinz pfizer best buy sandal resort petsmart liberty mutual allstate progressive verizon carvana noom novartis abbott
0,thank verizon verizon com news upd good stuff uncertain difficult time thank
2,verizonsupport verizon technician damaged outside dryer vent today repair need fixed paid verizon soon possible animal enter home vent opening left laying ground no chance not notice extremely unhappy verizon
2,answered stray
0,good stuff verizon pull ad facebook inaction hate speech theguardian com technology
1,trump reportedly clash verizon mobile spam text make ai filter everyone hate spam every single thing theverge com
2,verizon trippin
1,bought new car great start birthday month butttt go ahead spoil little bit start plan verizon get new phone thinkin yasssss
0,remote working increase cloud based data spurring cyber attack today see publication verizon business data breach investigation report show network security even important dlvr rx fdk exetlos
2,verizon hansvestberg agree let u turn around find money went customer service rep missed calling time said would
1,samsung electronics win billion verizon order network equipment rwinkle com sam
2,verizon help apple watch order stuck somewhere verizon maze month status say shipped no pick tracking number
2,hour later still phone
1,verizon love
3,dad basically not see inch front purchasing movie not know calling verizon dispute listening indian woman say word bill ted face music broken english one funniest thing life
3,okay scared not know going mom driving cross country get
0,pleased announce verizon provided grant sdfirerescue help provide technology equipment first responder need learn help youtu kwvoxuu sentoniatkins senbenhueso senbrianjones lorenasgonzalez toddgloria asmshirleyweber
2,cutting toxic relationship starting verizon want pay overdue phone bill audacity
1,gb free data verizon working home wifi nice hard working people not work home prof much verizon gouge u data could get another carrier like service live visit family
1,box full tablet fill library desert spirit elementary school glendale student getting ahead first day online learning monday thanks program verizon live
2,
0,info gain footing new rootmetrics report show major carrier keeping consumer demand faster speed verizon leading mobile performance race blueequity io ny ihs
0,att customer service abominable tossed give different rep cuz no one want take minute help order verizon looking mighty fine right
2,verizon cancelled service please credit account right like
0,optimum someone ct paying less ny exact service time leave optimum go back verizon
1,overcoming challenge appsec program remote working environment patrick carey director product marketing synopsys verizon data breach investigation report dbir found data breach linked itsecurityguru org ove http co qjwjhzajjw
3,kap af mf blank everywhere
2,verizonsupport verizon vzwsupport hold minute trying get flip phone activated not working help
2,verizon always trying sum bullshit come bill
2,okay verizon network ever going normal speed wtf going spend much money plan especially nothing ever load get wifi
0,getspectrum literally worst internet service since last night around midnight since wfh time want raise internet bill not wait verizon irvington pic twitter com hrtg
3,rt verizon many student depend school next meal million contribution nokidhungry go towards aiding million vulnerable child school shut learn responding
2,phone carrier curbside assistance verizon not legit issue phone
2,verizon took whole check lmfaoo bastard
2,wifi airplane no cell service like service underground subway get together verizon
1,today rough many reason worst part today transferring phone data new one forgetting phone named matty daddy verizon guy looking not speaking
2,not great premium unless go verizon pic twitter com cbh xfh
2,hey verizonfios verizon verizonsupport internet speed mbps mbps pay gig symmetric service test performed wired connection cat sftp gb cable speedtest net result cf
1,tricia recruiter verizon proud volunteer work husband edward marine vet local food bank food bank team helped feed family thanks part
2,verizon waive data overage charge tough folk
2,verizon looking violent racist woman store abusing employee
2,verizon military veteran phone plan mean paying month pas not fix hmm block right commerce st say
2,no apologize another verizon oil london goodbye
2,verizon really lagging lately pissing tf
2,hey verizonfios verizon verizonsupport internet speed mbps mbps pay gig symmetric service test performed wired connection cat sftp gb cable speedtest net result
1,not sure data going frustrated kid using immediately verizon app power hand download app store via google play
2,verizon lot trouble gaining access past bill not find need going give aat try help
1,mother day partner bit ly cq pny
2,hansvestberg verizon playing biggest game top fiber line uninstalled month pic twitter com usvihlbgc
0,thank verizon worried would not able contact family california home expense preparing change governor made customer almost year best
2,proposed fine sprint mobile verizon follow year report company improperly shared customer real time geolocation information third party cnn cun
0,charitymiles alzassociation thanks verizon sponsoring charitymiles org verizon http co fty ztv lv
0,never thought frontier internet would bad would want verizon back wow
2,verizon notify company harassing payment not owe pursue court
2,vzwsupport company screwed family guess screwing customer new way business america anybody happens read tweet looking phone company not use verizon prefer keep overpaying service http co iaaok wlpb
1,new
0,att would like everyone aware company would rather lose customer take phone reported stolen submitting request business eliminate business contract move verizon immediately
3,police foundation prop overmilitarized overfunded police department put community danger sign petition tell cocacola starbucks verizon target wellsfargo delta stop funding
0,watching davejmatthews perform live twitter verizon turn still absolutely happy place
2,sprintcare wrongfully reported wife imei number stolen phone bought used vzwsupport no help getting removed anyone including tmobilehelp signing fraud consumer pay phone yr verizon
3,wow take kind crazy folk language proved ant no lady
1,facebook try contain damage verizon join ad boycott wsj wsj com article faceb
3,know lonely flirting verizon agent hard phone really gigging shit sounded fine hell honest
2,maaaan fuck verizon bitch go tf like phone not even activated wit currently taking phone somehow not letting use wifi
0,vzwsupport verizon year ups down service would not change crazy time stepped giving alittle extra data give u one less thing worry appreciate greatly
3,many american conspiracy nut know mainstream gop
3,heart kidney
2,verizon switching phone carrier guy toggling cellular speed past three week paying unlimited not getting ever
2,verizon fixing hear mouth tomorrow morning not getting call network connection acting as
0,thanks verizon free mobile hotspot month
2,going back mobile verizon suck
1,small business shout tower bar right city height verizon
2,ridiculous pic twitter com tnehzobjs
0,thanks davematthews verizon free living room show helping small business like one work work landmarkinnbar
2,pay expensive verizon plan network backed no way full bar barely send imessage
2,verizon sprint mobile customer sucking dick bring back lte pic twitter com ofopnvsf
0,funny day installed new verizon call filtering app get robo call came right great app
2,verizon going charge extra att looking real nice right lmao
1,best unlimited data plan mobile verizon chrisgreenhoughblog wordpress com be
1,foxnews leading advertiser boycott proctergamble amazon kraftheinzco pfizer bestbuysupport sandalsresorts petsmart libertymutual allstate progressive verizon abbottglobal gm carvana noom novartis youtu emecrtbmdjy
0,liked verizon home router speed mr grif
0,thanks great day sun fantasy camp verizon
2,pat told stop talking shit verizon twitter manipulating service cell home package
1,verizon join boycott facebook instagram ad thestreet com investing veri via mcoreygoldman
2,called verizon three day trying get technician wifi not working not get zoom class desktop hw hold two hour everytime not time wait hour speak rep verizonfios fix shit
2,not know verizon got going better get shit together soon possible
2,hey verizonsupport verizon vzwsupport getting spotty no cell signal house year could make call work home huge problem chat hour today different rep ghosted no resolution pic twitter com qsaipfgc
2,took phone number thanks verizon rey pay bill could not jus give time tf
2,hey verizonfios verizon verizonsupport internet speed mbps mbps pay gig symmetric service speedtest net result db
2,
0,thanks verizon angel driving around
2,omfg not get call
0,amazing night live davematthewsbnd verizon payitforward live
0,certain got cal like verizon good stuff crazy time
2,much sexual tension verizon
0,proud work alongside verizonbusiness ai solution enterprise edge
0,comcastcares company seriously worst every day lose internet hour time week not wait ditch verizon
2,verizon fckin stupid
2,maybe keep retweeting someone get head as
0,thank davematthewsbnd verizon making difference sharing love together better
2,wow verizon week giving guy benefit doubt never thought would see day comparing service sprint please fix lol not believe
1,got
0,every month getting outage disheartening going spectrum verizon uverse att
0,not pay bill see phone gone get cut thank verizon pay th see leaving service
2,hey verizon tried contacting everyway gotten nowhere issue not reached experience verizon bad want maybe att looking new customer
1,brilliant innovation get glory verizon medium reveals winner asia big idea chair award
1,onesearch verizon medium new search engine sound awfully familiar dlvr rnfth http co imf rzmzcc
1,verizon
2,everyone last fucking nerve hate job verizon took money sleep literally want die everyone leave alone
0,bruh verizon env undefeated miss pic twitter com xxepl gr
2,not favorite no apology greedy corporation
0,iphone need hurry need get verizon sprint trash ever since merger tmobile like speed middle age
2,verizon bad monday pic twitter com ctstk qzt
2,verizon trash
0,worst customer service experience history woke pre order
0,verizon diverse commercial saw
1,laptop going much exciting phone testing lenovo flex verizon uwb brooklyn downlink impressive uplink not much review soon pic twitter com wounxppibx
1,glp first donorschoose project match verizon help show amazing community get class set headphone funded donorschoose org project headph klillico stanlevenson craignewmark
0,super lame tmobile great offer new customer totally give nothing back existing customer may jump ship guy like verizon
1,fucking hate disney goddamn much disney subscription verizon wanted watch owl house not fucking available disney show not fucking disney angry
2,hate guy verizon never
1,shitcorps sealed fate historically stupid move verizon mobile shut trump campaign texting program att tmobile verizon breitbart com tech
1,onesearch verizon medium new search engine sound awfully familiar ift tt gdwqj
2,kind missing mobile right verizon stupid ridiculous activation fee
3,love also piss fantasy conference canceled mgiraldi
1,great apple iphone gb black verizon wireless tinyurl com zobuk http co af li
2,hey verizonfios verizon verizonsupport internet speed mbps mbps pay gig symmetric service test performed wired connection cat sftp gb cable speedtest net result
0,masterclass poor customer service optimum moved started new internet cable service april may th still not working attempt get human phone last week zip zero nada trying chat service hour plus miss verizon pic twitter com qrhlh axj
0,faster connection life saved cool see verizon using technology help doctor deliver vital healthcare underserved people
1,excited announce dave matthew close verizon weekly
2,would like express hatred verizon went pick phone already paid told not name not business account although email say need license credit card verizon worst
0,proud work maker verizon conference
1,nice try verizon photoshopped background appears poorly done approx tower back hauling tower would switch sprint heartbeat enjoy data advanced lte not hot pic twitter com rakzxxtjkd
2,hi verizon verizonsupport customer service line right experiencing bait switch promo right promised iphone phone per month additional fee would reimbursed left paying full price make right
2,fredtjoseph hey fred comcast cut cable verizon stay calling shut pic twitter com cpwsrmuedg
3,people lost mind unless death wish wear damn mask
2,heck mobile metro pc verizon etc outage america
0,call hear please enjoy verizon ringback tone party reached followed beethoven go fuck
2,finally told verizon fuck paying almost month year
0,cancelled yesterday went verizon
2,verizon not wait pic twitter com ia fx zo
1,verizon told stop powerful claim fiercewireless com operator veri
1,micahforreal thanks amazing job launching verizon innovative learning elective
0,ordered new phone parent sc see beautiful face speaking ny late miss terrible afraid may not see contract covid thank verizon
2,verizon better let get iphone today memeber long time since want iphone bad get hit pay leave
3,police foundation help cop acquire military weapon swat team equipment tool used terrorize black people tell cocacola starbucks verizon target wellsfargo stop funding
2,hey
2,damn verizon website terrible
1,woman allegedly urinated middle verizon store refusing wear mask complex apple news alntpvxx sukd
0,excited verizon support pic twitter com cg bjxkjci
2,damn even verizon wireless leaf open smh
0,teamers always willing step crisis kathi helping sewing mask covid relief effort able work project us skill passion blessing learn volunteering verizon
0,today switched back verizon oann newsmax not watched fox since fox friend great day
2,verizonfios verizon tech knocked power yesterday installing fios still not seen electrician hour no power counting please assist
2,broken experience attempting verizonfios verizonsupport pic twitter com dxrg qoenb
2,verizon commercial include men not shaved woman stud tongue eww
2,currently otp verizon pay much shit not working without wifi
2,shit
1,rootmetrics pick speed verizon still carrier beat rcr wireless news rcrwireless com test vz
2,verizon done charge damn much cellphone plus service suck
0,hey twitchsupport issue broadcasting comcastbusiness internet not verizon hotspot comcast please try figure broken two
2,tried call emergency phone dropped call went no service service came back called call dropped right answered called back call dropped thanks verizon able get via text
2,trying cancel verizon home internet kafkaesque exercise futility online link cancel service take page buy service
0,year think time get rid sprint hour phone trying upgrade phone rep differ story still nothing show att verizon looking pretty good right mikesievert
0,verizon network running strong today
2,verizon really clear promotion not trick customer opening credit card exchange discount not even exist
0,not care unemployed bitch metrobytmobile lose customer verizon gain one cuz tired
0,thanks verizon giving no data limit internet working home
3,
2,fcc scrapped unacceptable demand fcc protect access lifesaving communication service bit ly internetisesse http co rkbzxy
2,okay verizon gone nut paid mom verizonfios bill online got email past due several minute one confirming payment funny guy pic twitter com bmk nflhp
3,police foundation help cop acquire military weapon swat team equipment tool used terrorize black people tell cocacola starbucks verizon target wellsfargo stop funding
2,hidden figure amazing get internet verizon may
3,service stop working everyday noon not work get home used lol
1,anyone iphone would willing part preferably iphone newer work verizon preferably gb dm explain situation via dm serious dm please not looking free trying help someone bad situation
1,man left verizon store see get hand pre order razr employee let hold phone flip never washing hand not wait til th february get
0,davematthewsbnd verizon sweet song lighten thing thank taking mind thing little way kid want know dave always make silly face sings xo
1,lifeeeee aliciakeys not wait share stage verizon payitforward live
0,fucking internet going enough time log onto verizon chrome whatever not work firefox find nothing wrong
2,vzwsupport day phone call countless hour trying get annual upgrade spoken fraud department core department department even transferred way india wtf
1,widespread outage verizon mobile sprint part u breaking com widespread
2,whole state alabama blank verizon
0,switching verizon get back home mobile fucking hoe west texas
2,xbox verizon got together pure trash end
2,verizon happened helping folk nationwide pandemic got email bill stated specific amount due well completely disconnect service mean sick mother service well found
0,tell not girlfriend phone name know verizon wireless awesome caller id
2,verizon cust service redirected focus upselling much rep placing add ons account consent meet quota multiple occasion several phone call no resolution no accountability astounding year patronage
3,wtf
2,not know people laredo say verizon bougie reality internet suck as
2,verizon fuck guy charging month phone not not exist shitty service shitty everything fuck
1,eh probably best
2,hansvestberg trying get signal reception problem verizon wireless fixed year get standard company line hope fix future mile south boston not middle nowhere need help please
0,uninterrupted service major telephone company including comcast verizon att say not cancel service charge late fee customer impacted coronavirus hudsonvalley news com story
3,great initiative johnwritlarge colleague onehundred emea much looking forward reading second edition new magazine delighted contributing edition june
2,absolutely hate verizon
2,yeah def not going back verizon shout everyone booking
1,video cavs kevin love give inspiring speech verizon virtual commencement bleacherreport com article
3,
2,wbz verizon verizon cable wbz keep freezing get disconnected connection spoke verizon twice week solution unplug coaxile cable worked initially not work anymore could way wbz broadcasting
2,coxcomm verizon att please not cap internet speed
2,verizon cityofgilroy soon leave town speed mbps town abysmal block camron blvd gilroy ca speedtest net result
2,cell phone not working last couple hour multiple carrier verizon sprint mobile hit largest cyber attack ever sun com news dd
0,thank verizon verizon medium pic twitter com cud lpcy
2,hey verizon known outage
3,start smacking violent white people
2,little late way mobile carrier still falsely claim provide unlimited bandwidth much enforcement fcc
2,verizon not start mobile shit need phone work
1,could adorable marriot hotel left verizon store
2,honestly stupid fast
2,hey verizon wtf day left cycle pic twitter com sdkv
0,yooo
1,drive way verizon find google lied store fact not open http co gkbwc ray
2,walmart fedex verizon
2,verizon evil evil company
1,verizon
1,verizon joined growing advertising boycott facebook social network handling hate speech decision allow several contentious post donald trump remain platform ft com content
2,wtf
2,verizon pissing
2,apparently no one area verizon internet working wifi well shit
1,shark
2,wow not u verizon sprint mobile service part u business insider businessinsider com verizon sprint
1,fcc chair accuses verizon throttling unlimited data boost profit afrobeatsglobal com fcc chair accu
2,aye verizon coming thru wit promise pay shit
2,verizon device dollar accidentally clicked use thinking would apply headphone lose loyal year treat att come
1,great buzz today nokia partnership verizon
2,verizon full shit lose service somewhere every single day
2,not wait description idiot inevitable comeuppance
1,come facebook face major criticism inaction rampant hate harassment platform
2,delay verizon hotspot rocking rolling
2,mf got verizon not shit sending
2,fuck verizon someone say
2,incumbent upon customer back employee shitty people act way customer not stay silent employee much
2,verizon starbucks gift card got verizonup saying invalid
1,omg wendys new commercial chain done sprint verizon smh love
1,verizon unilever joined major brand boycotting facebook inc com ackznx mobile twitter com inc status
1,tired looking phone dropping verizon tomorrow
0,thanks dave verizon helping small business
2,verizonfios verizon charging early disconnect explained move due covid no address assured charge would waived not received bill closed account adding stress losing home job
1,percell wright virginia verizon racist tirade mid atlantic fire protection scallywagandvagabond com percel
3,bet epic hack
0,switched verizon got galaxy note ultra best decision ever made
2,see not hesitate take money month smh verizon
0,aww good
1,wow groundbreaking provision act pell grant recipient given bikeshare stipend travel local verizon store purchase high quality smartphone filming act brutality occur within one mile radius home
0,congratulation client diego scotti cmo verizon named adweek brand genius pic twitter com kilcpassn
1,verizon told stop making misleading claim ad watchdog
1,phone verizon want restart phone said nah let finish game chess lady dead waited min
2,thanks verizon expensive not work
2,verizon store policy killing brick mortar store
2,scam number saying verizon block account called time row annoying blocked
3,john legere old trick mocking verizon social medium tech dsmenders com john legere http co pjk db kz
2,apparentally verizon isp valorant say fuck
1,imagine devil chose go inside people made angry cool like mask powerful mom called priest spooked devil go back working verizon wireless store
2,verizon not think box ordered new cell phone mine messed continued send message original cell number order
3,bro bought sprint thought getting bag yalls service as not know trying flex
0,need speed verizon ericsson qualcomm achieved blistering speed gbps connection fast would let u downlo lnkd gdea ya lnkd gpuiydv
1,not verizon log mom walk outside literally happening right front dumb as not notice
1,
2,breaking major cell outage issue reported across u downdetector reporting problem verizon sprint cricket fb fb messenger
0,hey verizonsupport someone need give sheila wish last name bonus freaking customer service rockstar year plus customer verizon floored persistence compassion problem solving ability professionalism
3,responding internet child yahoo allow hateful potus
2,fuck verizon throttling data half way thru rd period
1,remember leaving verizon co worker told not trip everything touch turn gold never forget fucked embracing
0,tuning
2,hey verizonfios verizon verizonsupport internet speed mbps mbps pay gig symmetric service test performed wired connection cat sftp gb cable speedtest net result
2,accidentally washed iphone wash machine b false advertising waterproof foot verizon please come measure wash machine not fit small child also send new iphone iphone accepted thanks
2,apparently verizon mobile completely glad alright geez scary
1,time miss old no cell phone day could leave house ackshully leave house get away everything everybody verizon samsung prison bell never contacted as road like cord dam phone
1,fcc chair accuses verizon throttling unlimited data boost profit inspiretechnologytips com fcc chair accu http co xga qa
1,best part disney free year verizon show spider man still favorite spider man timeline ever episode intricately layered masterfully voice acted canonically complex spidey story web slinging need pic twitter com aklhvpkkyb
1,flashback kin android homely cousin dy twice hand microsoft verizon greendailies com flashback kin
0,huh verizon gave gb data april free charge nice
1,best verizon wireless plan april techfans co uk best veriz http co frnxzkecsv
0,att go right hell like world not enough issue thankfully knew scam try push product not say others verizon sprint tmobile would like earn business money not give fund scam artist pic twitter com ytpv dc bh
2,convinced verizon reward program scam never actually get ticket event
0,support small business
0,confession big fan usher not wait special
2,verizon cert reward site expired please fix
3,not game changer cuz not smh
1,guess quibi wework instagram verizon picture amazing art showing business landscape
2,anyone us verizon fios internet suddenly see massive dip speed last day
2,nothing like verizon hotspot receiving unsolicited spam text maga death cult absolutely no way whatsoever block
0,verizon real coverage great service everywhere tmobile showing bar no service
2,hold min verizon fucking disney offer something free going much trouble
2,cellphone outage throughout u today tonight no word notifying customer carrier like verizon pic twitter com esesrlodq
1,verizon settle overcharging whistleblower case million lawsuit alleged telecom giant overcharged government agency decade zd net ctk aq http co co jjp yae
3,mike mccaul clear channel not represent u
1,verizon another amazing opportunity thank
2,hey verizonfios verizon verizonsupport internet speed mbps mbps pay gig symmetric service test performed wired connection cat sftp gb cable speedtest net result
1,ad watchdog recommends verizon stop making misleading claim ift tt dppusp http co wqkktyus
0,thank verizon canostocco support
0,thanks helping small business life blood country
0,hour full live performance waiting join u planetafropunk com whoisumi promise leave performance feeling peace thanks bose verizon http co atrxoe bfx
1,stock least worth looking verizon communication inc nyse vz piobird com stock http co gp vwu
1,last august broken phone year no different least joseph verizon got straight point break phone mind ya business pic twitter com sx bgdeg
1,verizon
3,karen equivalence early gangsta rap literally not give fuck
0,use prepaid verizon cellphone plan messaged giving free gb data boost next month thanks verizon esp useful since getspectrum internet keep going losing signal currently tethered phone
1,hey verizon thecoronadophx awesome locally owned restaurant phoenix
2,literally lonely top no phone service hollywood hill majorseven tmobile verizon att
1,would perfect time verizon chipotle exxon
1,spectrum far worst internet ever anyone want start company use tower verizon sprint anyone fcc licensing ohhh wait dad
2,course everyone remember bet vzwsupport earlier tweet cover least three month bill pretty much guessed wasting time waste guess ante verizon pic twitter com cy crdcxss
0,verizon shift virtualized network function enabled agility scale capacity critical network service move cloud native network drive next wave innovation always part verizon dna great session today redhat summit
1,tech question know cellphone not built last forever one month bought new moto play verizon android battery suddenly draining not charge fast battery go even charging could
2,anyone else sick verizon pierce county
2,much looking forward time no longer get verizon tweet promoted timeline
2,old lady threatened said going cancel verizon service told not work computer not fix like bro
2,wtf
0,guess switching verizon since optimum not want work day
2,wtf verizon
2,verizon going coverage last several day wireless service area terrible
2,vzwsupport sent guy direct message issue ipad bought verizon please check
2,well last week pretty much sucked sick two day reliable motorola force died christmas day verizon store would not let replace long story order online ordered overnight system reset day week far good
2,anybody southeastern pa area experiencing verizon fios issue getting crappy service sudden
2,verizon throttling speed shame home schooling people working home option thanks nothing
2,citizen would happy good anyg performance instead providing u paying deploying urban area shoving u back end line
1,cell tower dangerous get fact radiationhealthrisks com cell tower
0,abc newsbayarea received text verizon gave substantial increase data april th no additional charge grateful
2,verizonsupport beware warning time crisis verizon throttle plan low not even able load web page regardless asking reprieve
0,yes got mine free year verizon nostalgic feeling watching old show childhood amazing unreal
2,robbing
1,verizon
2,verizon good
2,sorry guy internet verizon let
2,chile verizon said fuck u
0,get phone verizon not get phone md labor kidding pic twitter com akem uwz
0,exciting news verizon ericsson qualcomm first world achieve
1,attention chase verizon mortgage co gmc motor due outbreak canceling payment immediate future please respect decision time
3,love savage mobile guy
2,verizon employee told lie claim not falsifying claim not damage phone swear verizon
2,hey verizonfios verizon verizonsupport internet speed mbps mbps pay gig symmetric service test performed wired connection cat sftp gb cable speedtest net result
2,people job verizon phone not working
0,wonderful
1,verizon
1,sprint verizon mobile fined million selling customer location per report theverge com
2,disappointed verizon rip
0,thank verizon incredible support provlib digital equity work community
2,verizon phone call rerouted thug fcc need report check people suspect
0,okay screw going verizon
0,thanks verizon medium st regis hong kong facebook com post
3,today sponsor league legend
1,verizon shed pay tv customer cord cutting escalates breitbart com entertainment via breitbartnews verizon gave million blm show support verizon keep cutting cord
2,hey amazon kraftheinzco bestbuy proctergamble roman poshmarkapp verizon noom allstate pfizer ancestry rakuten honey purple sanofi get money mouth alignment
2,yo verizon added fee account
2,hey verizonfios verizon verizonsupport internet speed mbps mbps pay gig symmetric service test performed wired connection cat sftp gb cable speedtest net result
1,family sue verizon worker not given ppe dy covid theguardian com world aug
3,damn situation venezuela getting worse worse
1,apple iphone plus gb jet black verizon good condition unlocked crazy price
2,verizonmedia verizon long going deny refund merch returned warehouse january spent hour phone different rep refund merchandise never received difficult obtain really going steal
2,two reason done homedepot not enforce mask wearing donated lot money trump lowes canada seeing soon way work customer service illinois
3,fuk chicom company potus
0,congratulation
2,homedepot need help online order not get via phone no email help listed website calling week wait hold minute get hung local store tried calling help
1,homedepot waiting line pay guy front take start pay cashier without dude get pissed yell cashier stop telling wtf
0,home depot ghoulish bare bone giant become one sought decorative piece mostly thanks social medium meme adweek com brand marketin
0,return victor homedepot unstoppable win east agagagagagagagagga philhndrxx
3,black work find offensive swastika found would say not find nazi wearing
2,p player part owner nba no wonder going back work
0,everyone quarantine updating house one project time today time fix leaking gutter afternoon ladder able solve problem thanks lowe home depot project done
0,never related hard
2,month no report homeless people covid no breakout grocer home depot walmart fake hoax wake
0,truly hope lowe done right nikolettamua especially since exposed horrible treatment consumer jessekiro aaron rivin
0,wow not know
3,joke blue life matter
0,govwhitmer extreme social distancing order killing michigan economy home depot kroger open every business state open let michigan citizen go back work
2,wife relative take care tn live ga not get together day week went home depot atlanta today parking lot full since spring funnel thru maze less people wearing glove mask unpleasant trip
2,going home depot day fucking torture got shit everyone like got stim money
0,people spending home depot lowes crazy contractor booked solid area
2,beyond belief deflection projection narcissism amazing scary af
0,phenomenal job shay homedepot homedepot driving rainsoft appliance longevity sale equal shopping cart pushed min awesome customer service
2,yooooo hate home depot damn much
0,taking care first responder great work store melaniepaynethd bsb damianwagner
2,no busy talking hoax ignored expert real problem thanks as hole
0,thank target homedepot ehn member employed store pandemic taking safety staff seriously
0,low key miss smell home depot
2,living capitalist hellscape mean no idea home depot started texting make stop fault also sale
0,mighty team south arlington created great message tin man got heart giving installed rheem water heater home depot great job team penn dsm samedaywh laroldan tammyrheemwater
0,going home depot fun miss going shopping
2,store refuse enforce mask wearing walmart homedepot walgreens sure business considering health risk employee worker sacrifice
2,homedepot associate always seem upset mad
0,best part going store dad got go mcdonald
2,yet another reason hate atlanta falcon arthur blank
0,thanks hanging u today appreciate partnership pic twitter com pvcbjcxw
0,nice know eyelash still work
3,someone tell speakerpelosi senschumer chrismurphyct senblumenthal nt make political squeeze every minute everyday fault plan get u
2,fuuuuuck
3,job hamburger french fry dr pepper no ice warm cookie template designed people guess recovery question steal account
3,dancrenshawtx excellent calm concise knowledgeable admirable
1,dow point midday merck exxon chevron home depot pace retreat mktw net xaf lg
3,no lie might good investment go buy land put use airbnb
0,home depot blessed
0,browsing home depot website wow great sale thing affordable thought realizes com not ca fuck
2,online order pickup homedepot perfect way get
3,anything make desmond howard suffer favor hope
0,wow
2,tb used wake time worked home depot lmao fuck home depot
0,listening home depot commercial trying prod paint stuff pic twitter com yzzhnpxrp
0,saw one run today ridgewood not stop thinking
1,employee pasadena home depot died
1,texas house speaker call home depot lowe walmart coronavirus response disgusting hill cm qe kp http co sfhc
1,special thank huntington beach police department protect u keep u safe home depot appreciate
0,keg party craftsman dewalt stanley fraternity tonight love home depot university
2,trying not get looted well
1,trip home depot bring best sometimes worst guy
3,mm yes well id fuck right check
0,insane curious highest priced mask mask auction closed min ago ebay anything normally home depot clearly encourages price gouging pic twitter com udtqkw kq
2,hey justintrudeau read entire staff staple home depot not wear face mask discussed canadian facebook true apparently store mask staff never wear
3,shocked trump supporter buying deep state bullshit huge fan need come say may st free nation
2,bu ine decision alienate half customer base disregarding constitutional liberty
0,good news
2,bro home depot got fucking line like club
0,today no amazon no walmart no doordash no instacart no whole food no target no grubhub no mcdonalds no home depot no bojangles today stand solidarity frontline worker shopping another day
2,homedepot attention executive administrator store getting delivery order pallet brick downtown area used helping destruction private property
1,happy day tuff would ashley check another tuff would sale home depot ashley dedicated would head definite boost budget howardforman brentnorwood charliehhong craazeeash http co rhq oblv
0,
2,sad news report wife got laid jib lack ofbusiness restaurant work going help unemployment thing today bad day hit personally work
2,grudgingly eating healthy snack water break instead one many unhealthy home depot snack diet sodie
0,put home depot song spotify god good
2,throwing whole tantrum home depot cheltenham still working saw go one boulevard hate one
2,govrondesantis walmart year not home depot find ridiculous subject child school time pandemic child die mandate mask
0,depot hot dog second best red run golf club coming number iykyk
3,wait tf press space twice full stop not appear tf bullshit
0,cool vet parking thanks homedepot pic twitter com kdxmtod dz
3,oh god dumbest comparison ever heard
1,nothing ever embarrassing john mayer tricking u hidden message color posted ig imb like not go home depot take picture beige paint swatch
2,well since bernie home depot said role not roll happy fucking easter folk
1,took action tell lowe home depot take bayer monsanto toxic roundup herbicide shelf join addup sierraclub org campaign tell
2,fuck home depot
2,damn homedepot really telling relapse like common man shit not cool
1,sneezed home depot line everyone ran
1,walmart home depot not enforce face mask rule following violent confrontation dailywire com news walmart
3,walmart fuck
0,congrats retirement m maureen made impact many people past year home depot thank wish best chipmandl leica kevindglover samconley gardnerd kelly broyles davemusen thdkristonov pic twitter com pg brsky
2,gavinnewsom shut walmarts grocery store home depot lowes not lmao show shutdown b
2,boycotting home depot shop place no longer get money american buy book stamp postal office many keep running
1,deal day back problem home depot free shipping
3,respectfully would snuff commend self control
0,bought house new town lowes min away however st nd shopping experience showed worth driving across town homedepot rude employee paint unfriendly unhelpful associate overall surely least nice worker
0,thank homedepot new favorite kitty condo pic twitter com yos rvn
0,stop bleed
2,real home depot shit
0,no idea went home depot happy pic twitter com rvw srkdng
0,load thing thanks homedepot pic twitter com bkxnmacp
0,thanks
0,not beautiful home depot garden could care less pic twitter com mb cqgsu
1,anyways guy home depot winked pretty sure love
0,great honor frazer home depot jenn potter remember vet pic twitter com aqrdja ilj
0,celebrating year home depot katie paint michael plumbing glad
0,meghan trainor playing home depot employee cute though
2,damn suck becuz lowes high hell going end poor much go hd
1,home depot mentioned satya ignite keynote
2,worst
0,great
1,woman home depot cite white power reason entitled not wear mask rawstory com woman
0,thank matching fund home depot rw payment
0,see right perfect relationship
1,bad hypothetically speaking course whisk stuck anus come get medical help cuisinart kenmore homedepot
2,knew home depot fucking toxic would told not job want customer wanted reward service tell manager would like ok
2,wow actually got go today really made go lowe instead
3,got love sorbo right right right
2,lot not seem mind stacked top one aisle mask no social distancing home depot want bitch twitter
0,goodnight see tomorrow morning home depot helped customer people outside
2,homedepot slightly hate wasting time store morning
2,lowes homedepot seems home improvement concerned no shoe no shirt no service making sure customer safe wearing mask store no shoe no short no mask no service help stamp
1,michael caputo home depot energy efficient led light combat long shadow ceiling politico com news
2,ngl home depot beat go fucking hard
2,every damn casino need shut walmart home depot need shut ruling scotus pure bullshit robert resign
1,man accused telling security officer aid would stab needle shoplifting incident home depot trib al cy upa
3,cutest omgg want girl
2,glad saw moving next month buy plant new place definitely going lowe fuck home depot
0,mamagallo thank generous donation hand sanitizer home depot pic twitter com yzs zfmja
0,highly recommend product anyone even minimal skill install went well say dale homedepot via birdeye birdeye com ez shelf best
1,impressed falcon tonight honestly arthur blank owns home depot think would know enough construction realize dan quin leaky faucet bathroom needed replaced two year ago
3,bahahaha red alert rich guy say employee gunna get biden elected love god look rudy put fucking dick away look herepleaaaasasaseee sean hannity basically
0,today beautiful decided give patio make went garden center lowes homedepot spent hour overhaul felt great outside sun face breathing fresh air ready company weekend
0,stupid moronic enticement go home depot cheaper better maker knife zd net swebcq via zdnet pc doc
0,ever seen three wall home depot lead believe not fourth wall home depot
1,jimbcbs hey jim disagree politics policy greeter cussed home depot line sorry others made deal
0,home depot friend place close work inexpensive star telegram com entertainment
2,dlbn court refuse dismiss lawsuit home depot plan plaintiff assert hd chose poorly performing fund charged employee unreasonable fee turned blind eye alleged kickback scheme alnorman planadviser com home depot eri http co xvmor lg
0,remember trip taken walmart home depot hundred child fondly
2,thank mentioning planning going home depot tomorrow no idea lowe
0,think speak everyone say truly not wait home depot drop mulch
0,want
2,homedepot day legitimately stealing fridge point care losing lawsuit time money fridge worth http co vltym sios
2,fuck hoe forreal
2,look like friend mike worked home depot always thought would one helluva big dick fuck
2,news idiot raided home depot respirator not protect
2,today mackay burned anger went home depot letting wind wash feeling deep despair check watch not shit yell
2,shop lowes
0,love home depot leadership exemplar quote expressing thank leading example brianrose
2,homedepot contact credit card fraud online order placed tried dm ing hdcares not heard back yet
0,awesome thank asm chris crlongstreet dh chris chris raimondi
0,wow
2,govmurphy give nj something park golf safer home depot sure
2,special kind heartache smell home depot brings
0,congratulation bench year anniversary home depot pic twitter com btg ua oo
0,congratulation store associate look benefit home depot given associate since march great company work ebundesen thd ballowbryan megantorresd john lerch pic twitter com zomkgycdyb
0,see someone driving street home depot fork lift everything happy hell one day
1,home depot co founder point major flaw democrat plan tax rich took away money billionaire america wealthy people still would not enough money insanity potus thegatewaypundit com home
1,home depot worker find cutest little family inside mulch display theanimalrescuesite greatergood com home depot
2,article say marcus no longer ran company home depot still make stock go ahead boycott
2,almost shit home depot
3,like
3,saudia as kill oh sorry zoned making left turn car coming side mph
3,anyone think okay lowes marvinrellison encourage people leave home middle pandemic beyond ashamed clearly greed important
1,target give pay bump per hour offer paid leave older employee amid pandemic word home depot whole food well thedenverchannel com news national
2,crazed michigan governor tell home depot shut unnecessary flooring tile garden center thegatewaypundit com crazed
1,druggie life behind nearby home depot came pee proceeded tell girlfriend abducted alien staff thick dowel bought home depot buddy imbued magic power repel alien
0,love smell home depot
3,wish tired
1,day
2,homedepot could tell trouble logging credit card web page not log change password log log not log bax
2,right deserved
0,home depot famoly happy birthday hailey thanks enjoy day ladonna josever lateasah lee homedepot paulbthd mschaeffer thd islandkemper pic twitter com mifec dmh
2,hiring laziest mf home depot
3,really want one always say school could get leave wdslider m drugan pk mascot
1,home depot saw massive turd cutter pic twitter com ntfngqd
3,not wait see county fair sled pull
1,go till someone get amazon echo till fully funded someone get home depot gc paula cancer warrior kidney removed facing back surgery not work need med unpaid bill spare help u help finish goal http co elphwkvmjt
0,want give tommy nelson homedepot store
2,bought dining room table homedepot showed house huge crack corner hold different time minute speak someone excited damn table annoyed
0,happy home depot anniversary
2,company spend facebook ad join boycott tell facebook stop spreading racism hate proctergamble walmart microsoft target amazon homedepot diageo news nytimes domino bestbuy
3,fucken white people man stlipps
2,whole as emotional breakdown home depot
0,two different people tweet home depot hot dog week happy coincidence something sinister pic twitter com cnguzrddui
2,homedepot delivery scheduled today online appliance purchase no call yesterday today no email still show today tried call got dropped twice
2,never buy home depot
1,objectively saying could give everybody test today test negative like today go home depot get not get tested thought negative expose amt people vicious cycle continues
0,tuff would sold bear valley home depot great work hortalora dsm briantuffshed tuffshedjr pic twitter com pczkauvpnf
1,schema expert excellent experience google schema markup contact u goo gl dh ck
2,spent hour home depot home renovation expensive hell
0,hug let strong survive weak perish sound callous u dying point math not support histeria thank company standing politician lawmaker not
1,home depot stock fall invst ly qgfit
0,took tio home depot get supply something broke house cry really miss dad
2,homedepot hear back lost item order month since supposed arrive ups marked lost order status still say arriving aug rd tried calling faq nowhere get answer
2,crazy part many home depot hood lowe lowe generally better neighborhood fooling u
0,love
2,bsb huge issue one home depot store need either give work number email please
3,rosy mad
2,forget fuck home depot support trump orrr
0,love smell home depot saturday morning
3,church not exactly designed social distancing
0,miss home depot hot dog stand
2,
2,know getting older home depot becomes favorite store
0,miss hammond home depot friend
1,home depot cashier scanning plethora coronavirus bullshit
0,congratulation
1,home depot co founder bernie marcus point major flaw democrat plan tax rich video thegatewaypundit com home via gatewaypundit
2,falling asleep thought brilliant idea homedepot lowes work room store people not space equipment house build rent room store access equipment someone help make item
0,cute idea
3,trump fell broke leg would sue
1,going inform people restroom home depot please use better choice word saying going blow http co rcwnpsoeqg
0,could not agree realkenlangone co founder home depot must given credit magnificent job done odds democrat met ken greatest respect american founder icon co usa facebook com americanvoices http co peywshglxj
0,milestone anniversary chicopee home depot congratulation ed year company gaining another gold milestone tim year company mark gaining another silver milestone time fly fun pic twitter com dilaa cufx
2,marcryanonair dabo going private plan house fla way better people taking entire family walmart home depot etc
0,finally got home depot yesterday picked paint color want paint room month procrastinating took everything wall excited paint long
2,would great deal morning homedepot min various line finally item however asked battery charger advertised not mower told could not sell item wtf waste time pic twitter com cf jfowuu
2,worst customer service experience life homedepot today congratulation lowes got old customer back makitatools got stop buying stuff homedepot
2,no dumb donnie investigating instead holding hate rally golfing every weekend not distracted enough stop liar
3,got show thigh best thing anyway
0,love spending morning phone call homedepot maytagcare transferred back forth hr min brand new dishwasher door damaged spray bar fell cycle wait new one
0,back back cambria countertop sale homedepot
0,love going home depot lowe
0,freight team awesome job recovering fan great weekend sale
0,lady keep everything sparkling clean sterling hgts home depot daxhofmann xkerrigan dougiep dave dawber pic twitter com emhgjmh
2,lowe amazing sweetie home depot
0,rock
1,worked macy worked chick fil worked home depot one lie
2,refuse cry kakyoin home depot parking lot jesus christ
3,would think retina would burnt excessive dilation obviously not see makeup not extended festering maw us face
2,begging home depot close store dad time week home not keep argument everyday
2,idiot lmaooo
2,seanhannity money spent home depot go support trump not anymore google find closest lowe google quick no money home depot not even plant simple total boycott home depot pic twitter com cgiah fzl
2,shouting kathy aiding speedy checkout helping get line terminal no team bridgeport home depot
2,asurion rejected claim normal maint said either pay weingartz fix diag fee get back would not sent could guessed not buy maint plan homedepot asurion
0,proud seen action
0,wow incredible see
3,work lmao still bill pay nigga not want free shit everyone not advantage live home taken care also nigga go work going exposing themself virus not ever end
1,one og nctzen azaxdeh decided shop local ncityhomedepot thank support
0,nice job homedepot pic twitter com szuumdi
1,car rolled parking lot embankment home depot el dorado last week police believe dog blame arkansasonline com news jan
3,childhood
0,store
2,reason hate going home depot go time initial trip really get everything needed
2,screaming
0,carlyoder congrats year
2,holy crap desantis moron thought kemp bad like twin sharing brain
2,apartment smell like fucking home depot
0,
2,homedepot lowes face class action lawsuit failing warn consumer risk monsanto roundup choice clear ditch roundup face legal consequence sumof u ref
2,wait wtf home depot would never find shit uk literally ft skeleton garden decoration
2,homedepot web site error page fails display image oops oops indeed pic twitter com xilcp xjf
2,homedepot not received refund appliance returned called customer service twice get stuck waiting min talking contractor not help also emailed got response saying email address not monitored help
2,hard one convenient try wean trump supporting motherf kers
2,homedepotcareer home depot conshohocken pa hiring felon not running background check man attempted murder aggravated assault still got job paying hour shut scared
3,pic cute
2,dear homedepot hdcares thanks not responding fact week since ordered express delivery lumber got charged not received word show glad know take someone money run
1,home depot many white collar worker great airline service worker knee welcome two track covid economy wsj com article via wsj
0,nice homedepot thanks
2,homedepot worst experience ever home depot wentzville spent bad as machine great year warrenty wait week dropped not even work nothing done th
2,thank mobile police department appreciate support protect u home depot
2,home depot stage call duty trash
1,arthur blank bernie marcus co founded home depot fired fox business foxbusiness com money arthur
2,idiot taking water home depot fuck
2,quik au destroying capitalism starting home depot slow burn word
0,ton shoutouts today congrats john specialty d going gold year home depot tyler hitting year u barbara going gold amazing job team thankful pic twitter com jl aba
2,today mackay cooked sandwich went home depot letting air wash feeling love check watch gah sob
0,homedepot chickfila cocacola million would give atlanta police officer take year start gofundme utilizing marketing department spread message cover rest someone need put stop nonsense
2,thank lowes delivering cubic yard river rock not sure delivered home depot bag pic twitter com hkqcajfaor
2,hey homedepot businessinsider com home depot ber
3,shit annoyingggg walking target yesterday radio still paying getting shit together white girl walk past omg playing song love song old as song playing disconnected stfu girl
0,not required wear apron like pocket hold gear come handy plus like name
3,no boyfriend best friend yes exactly sometimes not know driving
2,case anyone wonder working lumbar yard cash register like home depot two people demanded phone number would speak manager homeless dude tried rob another homeless man threatened shoot attention
2,nothing worse finding homedepot employee fly away ask help pic twitter com gve jvxzgi
2,mf thinking fool say shit
2,went home depot long line fear frozen people waiting get went lowes long line fear frozen people waiting get not american spirit built great country brainwashing
2,hell yeah
0,like free pack water outside supermarket
2,dear homedepot customer service rep care seriously incompetent geeze louise
0,foot skeleton home depot made want house front yard badly smart fridge not pay another rent check ever could pic twitter com qutaxoqn
0,today market recap made great gain home depot walmart zm volume high market strong tech sector little weak today focused attention earning play great return instagram com cea kxaucx
1,instead using suitcase moving uni find place put buying box home depot recycling think genius
0,one many proud thd associate
2,smh
2,tweet not age well homedepot not install correctly woke ceiling verge collapse nothing like old water sitting wall ceiling month old year old home http co lfmvg dwvh
0,see tomorrow morning home depot helped customer people outside
0,tuff would sold firestone home depot nice work firestone mlapp ericcampbelldsm briantuffshed tuffshedjr pic twitter com sky eszslr
1,another dull quarantine weekend home target chipotle home depot niece graduation party mcsweeney internet tendency mcsweeneys net article anoth
0,home depot wildin
0,appreciate community thanks hardwork sacrifice keep u safe floyd ven akinsmel homedepot
1,home depot looted dc people loading car store nyc
3,true
3,p skeleton bad deal not
0,state tell safe go home depot dangerous go restaurant state tell liquor store essential church not state tell dangerous go visit park golf fish swim go boating beware
0,got hang ellesmere pro team today great team lot million dollar pasas store well done pro team homedepot homedepotcanada azmina markgettyhd pic twitter com pvc ella
1,mom ordered life size clown home depot pretty cool also creepy ready scare child
0,pretty hard keep social distancing small store home depot hand pretty easy
2,current job please not romanticize working home depot color fun cost
3,exactly democrat never cared hard working american care radical big tech company fund democrat want control put american cage color not mater
2,screaming year
2,home depot get no go
2,homedepot day pull customer pick might ordered amazon ridiculous
2,charge brought home depot hiding richmond hill covid infection begin yorkregiongovt
3,raised undead god double terrain
0,not really love talking phone love going lowe home depot spring summer sitting outdoor furniture display calling people people watching missing right
2,might throw million home depot money dabo fun
0,sorry still not going fuckin lowe
2,home depot face mask dispute turn violent nowthis youtube white nationalist dangerous family community share tell stay home youtube com watch
2,lied
2,tell home depot lowe stop selling cancer causing roundup greenam org fz eju
2,speed past everyone going home depot go highway one people want choke tf
2,aspynovard watched recent vlog mentioned buying tree lowe highly recommend buying outdoor plant local nursery instead place like lowe home depot walmart use pesticide kill bee important pollinator
3,ups bad not place wen ups cust rep decided os last nov wen rep not something oid disaster rand integrity called question trust mean lot mo th disability benefit
3,lose money walk back see work bigger harder fall
2,donald dear screwed home depot
0,home depot get
2,thing shopping face mask take twice long folk home depot notice hopelessly lost minute
1,stop steal girl home depot byeehebshsbsh
3,thank posting
2,guy voice home depot commercial make irrationally angry
2,going fuck
2,keep mind almost every corporate response far pr not actual change see cool headline like home depot saying giving time look closer worker not getting need
1,anyone want fund cosplay endeavor going make rem death note musical cosplay need help using liquid latex scared gallon homedepot yes dumb
2,please not come home depot today bother people lowe
2,wishin could go home depot buy shit build shit
0,husband layed beautiful sidewalk created imagination lot home depot material mmaz connie pic twitter com xzugghrxac
0,favorite home depot aisle like chandelier fake kitchen paint aisle
1,lowes
2,home depot customer not park shit bro
2,
2,sexual tension home depot cashier give wood
0,congratulation sandy year home depot homer award taking care customer blkubes gregfoley thd pic twitter com kwelxpggxu
0,woman please work store like lowe home depot tired condescending men thinking not know screw
3,interview best said document investigate every reported hate crime even racist name calling reported police take information seriously lin asked officer police instructed told no protocol
2,man fuck home depot
3,administration running properly vacant seat filled would oversight nothing would gone missing trump knew january rd ignored lied american people not give u b intelligent enough read fact pic twitter com uumpeg
0,thank homedepot derby ct
1,respect drip thigh baby
0,ah home depot nothing like smell cold cut morning
0,know not buy giant skeleton home depot going regret deeply year
3,thank gachamber leadership
0,would really rather go home depot mall wow adulting different
1,attempted carjacking home depot cleveland west side cleveland com att
2,ugh homedepot ordered washer dryer april still waiting set delivery date push tell u like day supposed pushing aug
2,sorry home depot
2,dying someone home depot screamed not america get fuck want know something crazy white
2,home depot inspiration go die
2,not even fixing cap work home depot despise men
2,yea home depot not like worked
1,happy everyone home depot parking lot witnessed lil bitch running wasp trying get car locked resulted running lap around car looking key wasp chasing
0,outstanding job tishjones
2,man absolute idiot
3,usa going great
0,mad respect hispanic men stand outside gas station home depot lowe cold rain whatever weather get hustle
1,man hate much one min seeing tiktoks min home depot
0,much not like amazon business model nobody going tell wear ineffective cloth mask homedepot cvspharmacy walmart samsclub target lost business amazon lunacy control realdonaldtrump censoredcinder breitbartnews
0,store
3,not saying information completely false read patient texas taken sa quarantined lackland air force base texastribune org cor
1,unplanned home depot trip today not lot car parking lot lot people inside store instagram com cdp ojemn
2,
0,satisfying
1,dreamt actor schitt creek yet watch not confirm man actor show chose euthanized home depot wanted someone hold hand offered bad dream made hate
1,home depot quarterly profit rise wsj com article home
2,govlaurakelly please mandate mask public except restaurant seated employee business open public sadly many kansa resident place like homedepot caseysgenstore not care people right thing
2,total loser
1,wow zoom market cap bigger berkshire hathaway visa johnson johnson walmart unitedhealth home depot verizon combined
1,daltonross robcesternino rewatching star demand bring back home depot shelter building challenge great character building see player create plan something plus unique shelter help orient viewer throughout season thought
3,ew not even feel safe neighborhood no
0,best hotdog ever
2,asked yesterday talk name something would failed forgot mention persistently managed kill perfectly easy care plant least according home depot
2,dazed confused home depot
2,nothing like
0,home depot hanley remember excited announce show excited share tp located amazing change month
0,noticed several eleven walmart home depot albertson refuse customer without mask keeping u safe
1,dbongino real quickly run home depot touch everything rubber glove course day ago predicted u million death covit day said thousand rate death less
2,hey homedepot fuck good think mask fucking could not snag pic walking around talking associate customer without plexiglas separation howard lane location austin tx pic twitter com amaix
0,getting food truck oak ridge home depot thanks meghanfulton coordinating smellllsss amazing pic twitter com eavctx
2,homedepot customer service atrocious ridgidpower ridgidtoday impact driver not fixed week given run around lsa service agreement even documentation hand
1,saw fist fight home depot parking lot st sickening thought get phone record stopped said no not quick record someone pain humiliation entertainment bring u joy
0,nothing like kickin week new self leveling power cap right across pro desk big shout homedepot lincoln ne said not going cry morning let u awesome week pro select level monica lindsey sika usa pic twitter com jumjzheike
0,home depot sell safety goggles fit comfortably glass uv protection tinted like sunglass
2,homedepot lowes ashamed tried ordering tree vegetable put garden yet removed ability safe distance must purchased store people like not go inside
0,worst home improvement store
3,conservative intent killing people
3,white folk inheirently stupid af
2,not good
0,congratulation home depot milestone silver award cassie
2,brother work home depot brought home powder bag put busted cement bag case go back old way dead af
2,used work home depot say security not touch make give merchandise younger employee not care slick enough
0,good one folk
0,fact andy gray hate much make love idea even
0,good mood right going buy people fifa retweet comment paypal
0,
3,black star dip latest fifa ranking month october talksafrica com black star di
2,fifa auto defending damn flawed amateur level shit
0,wow
2,eahelp good evening not access fifa disconnect server time not play ultimate team
2,forgot leg day rating xd rating fifa always bullshit
2,surprised anymore ea point not scared controversy embrace ea cause outrage advertising fifa microtransactions kid push square pushsquare com news via googlenews
3,well put lb prem wolf fifa binge watched westworld one isaac
0,remember fifa good time
2,nigga shot ball basically passed back midfield cross shit happens fifa
3,great piece music futbal legend african win fifa world best player george weah prez blakkrasta zylofon fm
2,really hope
0,would love buy fifa give shot actually hope decent game year bell wifi fucking shit bell
2,
2,woke early drank coffee might go ahead take couple fifa fuck
2,switzerland open criminal case fifa bos infantino scooplive org switzerland op
3,jan tian head programmer early fifa game hard working hospitalized due lack sleep
2,absolutely crazy actually switched game min started playing fifa take mind result finish game look phone actual fuck
2,fifa leslie steiger must joking see horrible thing ift tt tbto
3,fucking dope
2,mf training facility fifa bro worried wrong grind
2,eahelp ordered fifa point not showing
2,stupid nacho playing like fifa player
0,somebody told use self deprecating humor defense mechanism deflect said something good every day go good fifa player
0,grateful opportunity talk fifa sportsmedialgbt last month thanks alexstone marklowd sharing article
2,fifa worst fifa time
3,wtf signed jota like hour fifa shit
0,not played fifa week god looking like going bestfriend next week
2,receive mail accused coin trading whattttttttt shocked guy ea help investigating account hacked conclusion illegal coin trading eahelp guy joke year
0,playing fifa best going play water as
2,askplaystation issue redeeming code fifa point retailer activated code byt still say inactive
2,
2,highest disrespect
3,ea ban prominent fifa streamer kurt game toxic behaviour tinyurl com yxyvwh http co vxkirxvoq
2,game go backwards every patch make
2,huge blow
0,fifa come week sigh not wait get back soon possible ngl tbf
2,nah slander not go unpunished square pic twitter com jt yg
3,fifa pro gamer banned life ea row abusive threatening message goal com trend blogdady com fifa profes
2,already champion league fucking embarrassing idea
0,not wait fifa game arrive
0,miss playing fifa bro
2,play fifa people not good deliberately make mistake try even ground
2,worst fifa date absolute shit
0,cod mobile fucking broke like
2,isolation team put no money game played weekend league fifa point scam
3,mentality fifa stink convinced cost lack self belief need much game
2,fuck man not play fifa like day alr stupid connection error
2,vapexkarma glitch time week not sure lot youth player glitch broken though twitter com kaya dunne sta
2,fifa not fucking no body
3,former arsenal west ham player alex song taken case fifa sacked fc sion year old one nine player lose job swiss side proposed reducing wage bill first team emergency measure coronavirus
3,nigeria national team ranked th best team world rd africa latest fifa world ranking first time team made top since may kano nigeria instagram com cfpzvton ab
2,never playing fifa ever
2,great discord ran great people really create great environment important world fifa toxicity
2,controller not working good
0,good back amazing weekend clutching elite rtg could not done without love support real goat mean world thank bringing best making fifa enjoyable july top next pic twitter com kbj bcdq
3,fifa player useless card club nobody buy ea repeatable sbc grind top squad without spending money fifa player not want give away free card tot jota
0,fifa soundtrack elite
2,go onto ut see requirement pre season stuff realised win decided get first game played sweaty nonce uninstalled mid game get fifa community worst existence pic twitter com kadpq
2,would not even play formation fifa delusional pls southgate euro promise jordan henderson heart attack pitch
3,omg love see bad august hey not complain getting try one sought prem brazil striker game
2,see kind update ea year except fifa gameplay get worse year
0,touched fifa many month feel control even though playing fifa decade
2,let u discus buffoonery easportsfifa nerve incorporate message fifa fifa not black fan think kidding watch every time score watch fan shocked pic twitter com fffy gtk
0,copping fifa tomorrow saying not buy another fifa game poor state fifa pic twitter com pqzk ao
0,shooting lil weird co scoring sick angle seeing something possible exciting passing
3,omg jesus fine love much guy
2,fifa make barca black gold kit look boring
2,worst fifa time nuff said still play everyday though
3,omg fifa skill improved absolute perfection pic twitter com miepxudza
2,easportsfifa eafifadirect eahelp please sort fifa trial hour release still not get game xbox
2,fifa ultimate team fucking dug meat
2,biggest fraud ever
0,fifa phenomenal still song playlist day
2,fifa morning best
2,yeah boiiiiiiiii messi ronaldo shame end game cycle
2,somehow fifa bigger shit show guy never fail amaze
2,next generation going playing fucking fifa
3,fifa pro gamer banned life ea row abusive threatening message goal com tinyurl com yxxxurtn http co lkfze zgam
2,used listen like year ago absolutely destroy mf fifa pic twitter com cdq xod
3,not zayn saving day
2,amazing toxic fifa community august congrats easportsfifa creating one toxic community right csgo rb
0,great deal fifa rover ebay com rover
3,day th april tragedy befell world zambia way senegal fifa wc qualifier suffered plane crash gabon people onboard died man squad technical staff continue rest peace
2,eahelp bought fifa pc gaming xbox one controller play squad battle nothing wrong playing division rival computer playing not get control controller lost promogames
2,ea sport fifa fraud scripted obvious
1,
2,never played fifa life guess never able got banned cheating pic twitter com aaz ryt
0,fnatic greatest fifa esports partnership
3,whoever need easy giving fifa p probably best ever play
2,gianni
2,recon hacked fifa headquarters markgoldbridge pic twitter com djq qggx
2,no fucking thank
0,found generally best time fifa no mega team no broken mechanic no drop back paying normal gold take back pic twitter com xycunhtl
2,absolute worst
3,apparently play station player always losing box player fifa fut tournament
3,super eagle move four place february fifa ranking best jamusic com ng sport super http co ezcjdizvje
2,eahelp hi fifa mobile opened envelope not get reward gone missing help
2,never waste money fifa point anyways
3,jayfoley bro liked morning show today rehearse fifa move ooo looking forward online match someday hehehehe
3,sick negativity bad news lockdown take read dad tweet recreating cup final day fifa son anxiety issue not make smile nothing
2,eahelp hey problem quik sell recovery system fifa one recovered player moved recovery menu recovered losing restore losing player
3,pad no good
0,oh yeah happy fifa day everyone
0,kit kat fifa gian villante quarantine spirit animal
0,nahhh best ever fifa team pic twitter com jmmjkmdigd
0,sick till not even touch fifa
1,game love ruined
3,take movie marathon please thanks
2,sadly true ffs
2,fifa pro club broken youtu tfj smmk youtube
2,sell fifa coin fuck game
3,opening gold reward min two guaranteed pl red smiling face heart shaped eye hopefully still happy min time twitch tv spudrage
2,mistakenly uninstalled fifa well done game
3,feeling attacked
3,best player club
3,last weekend league fifa glad could finish strong birthday mbappe tot de bruyne absolutely clutch pic twitter com svgp
0,going play
2,slowly gettin raw fifa
3,fan personality always without teenage lad showed fifa video album sub par best would not sold half well people looking quality music confusing
2,every good heist requires paid help fifa amazing fifa job part youtube com watch qa omm http co gvrfoepdoz
0,nice lil fifa sesh end night
3,top trending less minute
2,fuck ea made stamen fifa bad not go minute game time great side without player stamen dropping slow fast stupid idea bring game stamen vital seriously need sorted soon possible
2,end day fuck fifa
2,nepenthez easportsfifa whenever issue impact fifa point sale
2,bit age involved hinge fortnite extremely addictive yes call duty addictive much
3,tha loses much goal playing fifa probably due lack sense direction
1,literally whenever bae playing fifa
0,homework every second look fifa desktop shortcut no al vicio behave not play keyboard
2,sick sidemen stans oh mean people called bullshit fucking lazy post important petition speak spread awareness important movement time post fucking fifa acted
3,orsic objective worth grind going orisc goal game animal defo informs throughout fifa
3,united fifa foolishness conceded two goal jan vertonghen
2,talk cheap app wait begin complains pad no good go prefer direction like
2,people dissing going great ea match quality icon free
2,gaming company terrible getting refund kid look guilty fuck
0,not going lie fifa p combo sounding really nice right
3,barca chelsea robbery game fifa pic twitter com cu mxx
2,not even know fifa could force retire wtf pic twitter com mawpiahun
2,p fifa bad lol go dash brother
0,miss david villa finesse shot fifa
2,easportsfifa bought fifa point not added account money taken account
0,thank fifacom
2,easportsfifa fifa look copied pasted yet worse previous title somehow
3,dream packed icon fifa not even good one zola lockdown need end
2,easportsfifa hi trying buy fifa ultimate edition p store keep declining transaction game happy charge service wonder service guy provide askps uk help required
3,career trophy messi ronaldo golden boot messi ronaldo messi top goal scorer top assist la liga league title messi ronaldo messi fifa world player year messi goal assist contribution
0,fun fifa since launch watching streamer rip pack building packing blue not feeling like bled dry see limited hour eafifadirect danger enjoying
0,week history year ago orlandoworldcup getting ready july th match dutch v irish fifa great fun ole knvb footballoranje officialirishfa bbcsport pic twitter com nfpvxnkazx
2,biggest fifa downgrade collab sebfut
3,tell sound bit harsh see print sorry bobby pitch like wee guy commentates fifa giving
3,sidharth shukla post selfie sana accept fifa aunty manoranjan uncle dependable credible source
2,stop
2,nice get play trash p p
2,hate speech
0,decade worth memory one thread
3,mi remember two man dem fight fifa match honest personal disrespect actual game still
3,time go six pack deir den lukaku take fifa best player
2,say un fifa institution come un cartel scam people call name wait see coming next week
2,eahelp struggling buy fifa point nephew gambling addiction help please
3,not get hudson odoi underrated fifa got frickin price tag right
0,way easy score fifa easportsfifa
3,prank calling fucking move pic twitter com nmkwxlerl
3,trentaa loved lost diogo jota fifa cuz man city fan
0,like fifa got back career mode feature fifa calling revolutionary new feature pic twitter com hwlg
2,eafifamobile not invested much money shit would deleted fuck forgotten long time ago first last fifa well done achieved people already looking alternative trash
0,boyfriend spent hour today teaching play fifa explain everything even already know sat let excited teach men sweet
2,ea server apex legend fifa player reporting outage dexerto com tinyurl com tbx ca http co ca vjiq hl
2,no way fifa done sancho gnabry dirty
2,around worker major read full story company response bit ly dwf pi
2,thought fifa reeked bad god fifa as man
2,fifa wl annoying thing world winning th min score goal go pen block row dude fucking shitter dominated entire game played people back could not get shot go
2,idiot moving one room another saying fifa bomb
2,usually spend quid better thing friday night current situation fifa pack fucking
0,ahhhh miss xbox live day drug lol
2,bro physically not play fucking goalkeeper fifa
2,no hazard list big trash
2,bashing fifa no reason proving insecure hate lingers shehnaaz popularity fifa support shehnaaz sidnaaz ohh myy gawwwd
3,havertz werner one watch going tear premier league apart pic twitter com zik odtspu
2,fifa honestly biggest pile shit excuse game ever created game played mile hour slow clap ea
3,turned max average match rating goal assist not bad month defender go vote philipp max bundesliga potm ea sport fifa bit ly qywxaj http co sedoiil
3,great performance loucollsport learner today first round fixture aoc sport british esports fifa tournament
3,fuck cantona higher rated lahm fifa
2,like playing fifa five year old child absolute filth
2,fifa release statement wake criminal proceeding infantino verynaija com fif
0,found since start lockdown twitch channel view genuinely blown away big thank everyone support see today fifa reward totssf pack twitch tv iainstirling http co vdetjd
2,pro club fuck kit
2,ea piss
0,spent quarantine playing fifa winning arsenal forgot cruel reality rude awakening
0,greatest center forward game seen
2,handsome guy always baddest fifa player
2,never disinterested fifa actually crazy use smash game much last year final straw
2,easportsfifa server shitty money get fifa point
2,worth shelling money rebuy red dead redemption not playing fifa madden mlb show lockdown
3,pullin completely lost fifa yeeting baby fire pit hell
0,let u hope awesome
3,hope little brat get account banned lol look guilty face
0,number number consider anything else fool
2,agree ea stink fifa rating horrendous
2,caught presser late someone please assist chairman say issue gbv issue fifa even mean
0,fm loaded beer open oxford united happy aboard fifa soundtrack pumping
2,stop promoting gp fifa ashameddd
2,even world best fifa player know fifa rubbish tinyurl com yx http co jyqycfthtd
0,fifa not game next one playing
2,damn sick
2,
3,fifa girl academy trial canceled cancun culiacan monterrey veracruz believe first footballing event canceled mexico waiting official confirmation men olympic qualifying gdl
3,aadil absolutely ruined fifa pic twitter com wnmc lmipm
1,playing fifa girl got first goal someone not shut
3,not reading mistake beat fifa
1,eahelp eafifamobile hi wanted start giving praise great work season even crisis visual glitch fifa mobile hazard event pyramid gotten key not buy taller tier hazard point
3,hahahah battering someone fifa keep pausing wait second got night wasting time
0,ea sport keep winning right honest fifa seems really promising
2,spend fifa worse player get spend sbc make
0,delighted see fifa supporting fight covid want pas message kick coronavirus youtu ztl ajdb http co cdy jindr
0,back tomorrow playing fifa grinding towards weekend league finished stream raiding rickhullg great stream dude good luck champ later
3,zifa risk struck fifa foward fund recipient register trend blogdady com zifa danger
2,fifa dog shit
3,could not imagine greater evil bitch deleting ultimate team fifa
2,would gladly pay easportsfifa fifa made no update remove screen still exist ask every time load game like year pic twitter com cbiosy
2,fifa hand worst video game ever played life life
0,every year treated fifa playstation show shit buying fifa today dawned never brought fifa lol
0,castro give fifa point make day good already
2,hmmm fifa gon shit
0,happy birthday novykapadia sir fifa world cup great honor pic twitter com kdc nrszfq
3,fa apologizing whole world beaming fifa match man spur real much tomorrow let u pretend not see thing
1,amazing half way changed gameplay
2,always find funny people get annoyed fifa soundtrack list since fifa not good one put music not difficult moaning not going magically change shit
1,fifa bury rtg career mode ep saving bury amazing african youtu laqg gkblra via guy episode saving bury published smash like button not forget comment
2,hate restriction stopped playing fifa started forcing tactical defending u reason main phone never iphone
3,imprisoned zamalek fan without charge
2,fifa broken game
2,easportsfifa rashford suck fifa
2,eahelp slight problem fifa closed beta
3,got kathy make kc proud
3,away win premier league season chelsea
3,unfortunately came decision remove uspfl admin position upl fifa incident yesterday not want associated incident like feel lack professionalism shown upl spfl run owner
3,happy birthday ebi onome ebionome first african footballer feature fifa world cup great one legend
3,today especially played badly fifa today seeing lau pa sat distanced table fucking odd incident girl
2,tired seeing tweet
2,cancelling order mr decided buy fifa surprise wish never bothered easportsfifa actually managed outdo make game worse fifa bravo guy impressive
2,even professional footballer taking dig ea ea going see fucking everytime ffa
2,ffs fraud
3,fifa worst performance ever liverpool career mode
2,really excited new fifa literally rope already
2,fifa mistake
2,downloaded fifa god game stink
2,yes please fuck make pl competitive
0,fifa soar top chart week million player already game first hour nintendo take five spot top star war squadron hold number second week row bit ly jmuwq http co bwi ubmawh
2,sad seeing fifa declined
2,wtf ea cheating barca career mode fifa career mode barcelona youtu etqubdqvu via youtube http co kumbkqqkur
3,ift tt lkulir not former england no looked shattered bike ride themichaelowen twitter com themichaelowen http co wtp oh moo
0,let u agree fifa best soundtrack time
2,not know completely fuck game
0,play rest season euro fifa best fifa player team step take rest revenue made streaming advertising good idea premierleague uefa fifacom easportsfifa
2,still shit pic twitter com ra gwvdlt
2,sum tonight fifa suck fella two nil fucking loser title reach collon bar
2,pissing people fifa twitter
2,fifa painful
2,fifa assignment revision done bank favour boris fuck yaa
2,leaked fifa gta gameplay open link leaked nude photo lana rhoades riley reid abella danger mia malkova eva elfie brandi love mia khalifa atumn fall nicole aniston lena paul elsa jean harry style john cena bts zsmitty addison rae bit ly bpaupg
0,nice
2,nobody want sign fgrfc official fifa side livid messi pure uppity cunt
2,hi eahelp madeleine mccann cellar past year little sneaky thing escaped whilst loading fifa point took card use paypal account not working help resolve please
2,right worker must come thief mean manage spread money work want money right people lost
2,lo celso weak foot fifa guy barely us right leg
2,praying
0,premier league celebrating early launch fifa showing proper fifa score line
3,fifa disciplinary committee sanction four player involvement match manipulation ugandan kenyan fifa com fifa
1,fut menu stuff year best ever far easily make coin build fantastic team without spending peny brilliant however gameplay scripted ai dominant along awful server ea make unbearable
3,new bombshell dropped club already shaken pay marouane asking honorary member band together pic twitter com ttjw nuntr
2,seriously fifa point system banned everywhere daylight robbery
2,fifa gameplay slow
2,something dey wrong setting
2,fucking fifa server
2,psn link die
2,know nobody announcing fifa p shit fucking rigged game
0,mbappe hatrick way fifa totw going lit
3,rd world guy stone age eafifamobile player childish pic twitter com pgmtmby de
2,new u indictment warner fifa bribe scandal st lucia news online uk googlehits com new u indictm
0,
3,mohamed salah always best exceptional
2,
2,sad battlefield fan sad
2,much time spent playing video game indoors bad health
3,go fuck friend
3,may not able stream today lot problem xbox not letting stream fifa annoying try find way arround might still able stream not keep updated live
0,much fun streaming tonight playing fifa styldbykev getting sick goallsss thanks everyone stopped clip way happened like time tonight http co gpm
0,great effort finlay lyttle aaron edward getting nat factor impacting performance fifa game card looking forward seeing rest
2,really fucking hate ea fifa worst gameplay time
1,play pro club xbox playstation pc download discord app join fifa pro club hub discord server using link bio almost member greatest club community world best place organise club hope see
3,real madrid crazy good fifa lol real life looool
3,miss not even blame school kidding
1,fifa look amazing everything come alot
0,lot juicy fifa content today
3,dawggggg bernado silva beat defender air punch cool
0,great idea much needed
3,wow good morning guy woken percent feeling good sorry not active looking forward seeing stream today exciting stuff coming amesandgames fifa series incoming
3,evening everyone friend great streamer stream fifa warzone pc lot need help become affiliate drop follow would massively appreciated twitch danielderekday cheer everyone
0,
2,retweet reward shite
2,get disrespectful reall quick
2,night year ago sat played last game fifa would ever play big brother john played got pizza stayed mcgregor fight probably best laugh long time would anything go back night
2,not play fifa online anymore ea not allow pro club match two dude right no longer allowed play online
2,know bad looking forward watching trent sterling play fifa
2,eahelp hopped fifa see half team not club checked quick sell recovery not thought hacked checked device nothing unusual worked hard player maybe help
2,playing oscar fifa give grey hair
3,fuck fifa expect win wanker full special team got like gary fucking cahill
1,fifa sale playstation giveaway price lady mcm would appreciate mawa osati zomangopangana post zija
2,proof organization bility withdraws caf case fifa frustrated process fifa colonialism fifacolonialism com bility withdra
2,running thing tried playing fifa get boring tried watching film not concentrate watching one haha tried working garden currently bad back suggestion taken
2,probably sound stupid not pre order fifa mean not play hour free trial
2,fifa get angry
3,grow childish
0,someone bring round crate beer happy give said person fifa ultimate team
0,thought fifa wow
2,shame
2,bulk artist struggle
3,dey always buy guy fifa career mode growth magic
2,eahelp rat really removed option record clip fifa since game shit
2,fuck fifa bitch playin orgeon trail
0,proud little brother winning fifa final valencia getting signed
2,forgot bad fifa omfg
0,fifa soundtrack best sport game soundtrack time go ahead look prove wrong
3,bruh lot niggaz hating co winning fifa happy lose match
2,not interested not even look improve game anymore gone backwards money fifa point genuinely first time not buying
3,hopefully p stop working middle fifa game fortnite match mic stop working
2,chaplinez morning might not agree mean no disrespect anyone feel international break pandemic terrible idea not understand guy fifa thinking not right
2,damn
2,one game fifa tonight done pressing lb change player taking literally second passing changing direction sham game
3,raged much game literal child
2,fifa cancelled time ngl
2,last year playing game co shite
0,wendie renard loses fifa trophy train appeal return dlvr rmnwq
0,one best thing done fifa castro matthdgamer pic twitter com ezqmlg ik
3,yay zayn content
2,fifa truly broken
3,unstoppable bayern munich fifa
0,anyone buy star pas fifa mobile badly need anyone please money buy not spend certain reason please anyone eager buy
1,ongoing trend african club disrespecting international calendar could frequency towards end calendar year disturbing corona virus protocol every club manadated fifa statute release player
0,easily best fifa first time secondary division ball control free kick spin placement original soundtrack vibe unmatched
2,fuck fifa stupid as game
2,easportsfifa worse fifa history still make game never know robbing living
3,shame weemanronza get first round fifa tournament week account nice guy good player no gettin bud
3,questionable action release zelonius everyone know problem child actually really enjoyed working season good luck next season big vouch trustworthy loyal hard working head coach manager
0,build pulisic goal akin fifa move good goal
2,next month going broke fifa coming
2,hell united fifa
1,man fifa game despite shit shame not play fifa want rip brain
3,king taa bless heart
3,thank understanding
2,ngl asshole play fifa
1,nepenthez hope safe unfortunate condition week ago got hacked fifa took worth player sold everything club contacted ea straight away gave gold player back lost money help
2,busted xbox
0,top fifa strongest formation gamersdecide com article fifa fifacom easports ea http co dbwqfg jcb
0,deadass broke monitor playing fifa
2,meant stop milimetric offside call give attacker massive advantage still call due trailing foot
2,look twice thought kind glitch someone fifa career mode wtaf
2,not even fifa hour safely say ultimate team go fuck pile wank really bad game mode
2,ever seen bad pack
2,chelsea really fifa career mode shit transfer market
3,happens gg man funny one funniest fifa youtubers
2,striker futbol noticias video not justify violence threat guy deserves happening demand full investigation fifa brazilian federation done purpose criminal intent
3,pleased announce name referee approved fifa referee committee international list bondo joshua gobagoba tshepo mokani mositwane tirelo dintwa keabetswe methikga itumeleng woman referee
2,kid sent vile racist abuse ian wright apparently packed wrighty not ronaldo sbc easportsfifa know also massive racist underneath no surprise however brought surface fifa
0,easportsfifa fan fifa long happen
0,thank wanting stay home play fifa easportsfifa eahelp pic twitter com vw aflay
0,not wait boyfriend husband teach fifa pe whatever called
0,one like fifa going take getting used like
1,people keep forgetting still fifa award
0,first fifa like long long time actually intelligent
1,fifa coming not going buy shitty game made greedy developer nothing money eye curious
2,vfl shit fifa shit wingback build shit lb shit basically everything shit pic twitter com pxl
2,fifa soundtrack jay fifa fuck people smoking ea
3,not work
2,total joke
2,fifa online pretty woeful not mixture pace merchant quitter people terrible internet connection
0,fifa fun fr video commandes twitch tv matthieu tv
2,fifa update fifa former finance director banned year read insidesport co fifa update
0,fifa actually good already played week past release
2,goat
2,nah acc not think fifa ever pissed right shambolic game
2,easportsfifa please explain fuck lost game unbalanced please not tell fifa going shit pic twitter com xx yxxld
3,reason not playing rival send nasty message beating
3,hey coltonhuie friendly reminder worst fifa player ever met get wrecked kid
0,goosebump time memory watching wc railwaycricket clubhouse bar
2,think not lockdown would stopped playing total lack anything else made playing fifa best option bad bunch
1,fifa manages exciting frustrating time baffle
0,breakout achievement red dead redemption trueachievement pt trueachievements com gamer nastykel
1,selling xbox one special edition red dead redemption cover bill hit interested weeding troll not bother time waste pic twitter com gsig
0,never buying another game
1,red dead redemption pc high pc low pic twitter com eqwjnumbi
1,always happens red dead redemption deadeye meter empty
3,driving new mexico like driving red dead redemption
2,red dead redemption shit post thing jakeslatte say character say thread
0,playing red dead redemption boyfriend sooooo cute
0,red dead redemption best game ever exist not star beauty game
3,game pas greatest thing come generation kid little money service would life saver prop microsoft
2,not consent haircut arthur morgan please give back
3,red dead redemption load time xbox series second p second
0,ohhhhh want dis bad
2,not remember red dead redemption slow
2,think thing pissed playing red dead redemption killed damn horse rode mare whole game done well
1,streaming red dead redemption come watch twitch tv brunettebruise
1,coffee time red dead redemption episode youtube com watch lrdfvb http co ezzq zgo
1,one best game going xbox game pas wow
1,playstation
1,red dead redemption pc pcmag com review
1,amzn atv tc http co tvabqtkizb
0,fantastic
2,rockstargames trash gtav red dead redemption online trash
0,little late happy th red dead redemption not expect franchise change life absolutely adore whole heart soul
1,red dead redemption said transmasc queer cowboy pic twitter com xdrwqilw
1,mmmmm okay red dead redemption part asian network medium
1,legit killing people hat red dead redemption fashion bich
0,red dead redemption blind story playthrough chilling killing twitch tv owenjd
0,favourite game god war red dead redemption uncharted rise tomb raider
1,
2,not sad enough already thanks red dead redemption storyline completely broken
1,wait horse arthura poo hahaha store playstation com
2,last u red dead redemption flawed game review
1,arthur dy
1,head going going live tonight around pm bst red dead redemption antic not think anything top last time man got beaten cow twitch tv satsunami http co kkqduiyk
1,come watch wrangle horse
1,red dead redemption street fighter cyberpunk resident evil remake dying light wn nr txkg
3,found recently noone dare make mod red dead redemption due whole sue drama game dead mod
2,check clip cgalvsports streaming red dead redemption clip twitch tv mistyapathetic
0,red dead redemption story amazing man fucking good pic twitter com lou odbuu
0,not amateur hour still crushing red dead redemption ii mixer com captnsean
1,jul red dead redemption amazon p amzn yuuab amzn smbhgx http co uoqrcwdw
0,red dead redemption awesome put controller second wanted murder
0,replayed red dead redemption one two multiple time always get feel
1,thor great avenger bio tell adventure thor attains thunder power kill later go play red dead redemption
1,red dead redemption skidrowcracked com red dead redem
0,no order bcus love equally hazbin hotel shera pop promare undertale hamilton horizon zerodawn red dead redemption jake long american dragon last u dear evan hansen
2,rockstargames not play red dead redemption online error
0,hi everybody question would agree would amazing rock star game remastered red dead redemption could finish game way deserve game deserves beautiful game need beautiful end
0,think higher power triggered several people go huh think going get back red dead redemption haikyuu account follow suddenly becomes cowboy
2,take thing two fucking far
1,burn baby burn
0,wow good one
1,rockjustin since going not thing get red dead redemption ii develop whole new hatred horse riding recommend
3,lmao gamer jason might kill
1,look like starting scene red dead redemption
0,rockstargames not asking clue hint got know wasting time looking third meteorite red dead redemption enjoy hunting long know actually thank love
0,rock mr black keep honorable cowboy red dead redemption brother see ya next time pic twitter com ieh
0,not believe year since got masterpiece
1,red dead redemption youtu kaaspijeime
1,red dead redemption youtu wamhb tukgw
2,almost june rockstargames red dead redemption pc still crash without even acknowledgement developer fix fucking game dickhead
0,would love see remake never got play
1,red dead redemption
2,rockstargames could please fix red dead redemption online moonshiner dlc bug frustrating play game like
1,childhood eh zelda wind waker grand theft san andreas red dead redemption destiny last u not know guy taking wee lad
1,streamer tombarrett game time red dead redemption right channel twitch tv tipsfrosted sure show
2,hey asshole
0,little thing made incredible whole
1,bro look straight red dead redemption
1,rockstarsupport acer aspire vn lap top since system exceeds minimum requirement overheat causing laptop freeze playing red dead redemption help please
1,red dead redemption count right pic twitter com ctyhidl
1,one stranger thing red dead redemption offline online taught can trash everywhere old west
0,think would rather kill study animal
2,rockstar fix buggy pile shit released pc named red dead redemption seriously spent forever mission finally got part troubling fucking freeze crash shit triple indie crash less
0,red dead redemption super mario bros good
3,go lprm garage feel like red dead redemption pic twitter com sva hhsbtj
2,update closed restarted game still waiting enter shack plus camp gone
0,ah fuck feed reminding valentine day goddam friday year next weekend going suck not give fuck got used not think anyway maybe buy red dead redemption pour
1,xbox live deal red dead redemption outer world guacamelee bit ly uspsmm http co zg pehxwog
2,red dead redemption freezing xbox one not sponsoring camp map
0,favourite rockstar game red dead redemption
1,grand theft auto take leap red dead redemption refuse gamerant dlvr rhnypm
3,game pas not nothing fuck
0,playing red dead redemption ii everyone seemed enjoy usual late train
0,planning spending entire night playing red dead redemption getting stoned absolutely no regret
1,new year old west red dead redemption pc ultra editon part streamlabs com thoseoneguysz
0,finally finished red dead redemption nearly year half play something immersive much detail grand scale even manage get produced nothing short engineering artistic miracle
0,going buy red dead redemption p today like said would come get later fucking forgot not
0,rockstar may make lot inilaproprite shit like gta red dead redemption make want fucking cry
1,good morning let u continue first playthrough red dead redemption mixer com desolar http co edngnrsy
0,often not like listening country music never played either red dead redemption game listening song day long not explain enjoy much youtube com watch oop
0,saturday best way oldseadog know spend playing red dead live twitch tv oldseadog
0,excellent time actually go try finish red dead redemption
2,rockstargames red dead redemption guy need fix bug not go moonshine saloon barely not make due low animal live stock hunt completely dead thought guy made game fun not boring annoying
3,listen great take one stink also opinion let u engage meaningless dialogue neither u change opinion minute one u stop responding
0,completed
0,brother got red dead redemption free xbox thing let u play time time drawing character really like john design mainly instagram com cak kq oe
0,enjoyed watching nice one roger motion capture game top notch performance talented cast outstanding bravo
0,rockstargames never played red dead redemption game last week western thing not really appeal damn know playing every game not last game made highest rated
1,red dead redemption xbox jogando no game pas mixer com valtinhoroberto
0,red dead redemption greatest video game ever
1,red dead redemption
1,people really said screw sadie adler
1,no brain damage not
0,red dead redemption truly masterpiece
0,red dead redemption tattoo meaningful others literally shit like tattoo not meaning rdr one self harm scar quote favorite song time favorite game fit perfectly pic twitter com cfkhsus
1,run around aimlessly red dead redemption online completely forgetting supposed getting animal trader role
0,achievement red dead redemption point
1,going stream tired morning back tomorrow red dead redemption
0,playing red dead redemption like day not going lie pretty fucking boring gorgeous stoned as not really mind
0,stopped playing deliver moon time play red dead redemption year
1,glock blue playing red dead redemption sister playing brother emotion like cruel intention rewrite revenge revised vengeance villain make end ending karat mouth no gold diamond chilling
0,red dead redemption looking dope
1,fact
0,breathtaking game ever played alongside red dead redemption uncharted
1,minecraft red dead redemption addictive game study say google com url rct sa
1,relatable
1,not many left red dead redemption amzn om vgn http co wvgho
0,seeing gta timeline really make want play red dead redemption game essentially wanted gta game historical setting heavy moral theme presented amazing story line excellent character amazing world building
1,red dead redemption pic twitter com kgdkk nxpo
1,red dead redemption pic twitter com xblcpjlxl
3,great list disappointed no one even mentioned undead nightmare red dead redemption point idizzy costume quest pick however
1,thread killed especially appreciated part command character sit fire also character strangle nearest person twitter com vivschwarz sta
0,happy birthday red dead redemption shit changed life crazy experience
0,shirleyscurry highly recommend red dead redemption graphic scenery top notch story deep emotional think really enjoy
0,phenomenal ending unforgettable
1,look bad ride hell
0,best ever
2,fucking white man trying keep hell supposed make native american name red dead redemption character limit racist shit lol
0,shit tough many loved four favorite game time last u red dead redemption love equally mass effect series dragon age origin got sport gaming nomimate foxhop bullonabike janaboolynn custommadehh
2,hi guy got red dead redemption no idea anything work pack wolf killed stole bear pelt rage quit going take break game foreseeable future
2,fuck micah bell also arthur javier not save john snow frozen mountain would never got event
2,non tlou red dead
0,finally finished original red dead redemption playing year good feeling lot thing right really good excited get
0,finished last red dead redemption legendary animal pre epilogue good go style pic twitter com uyo gbr bd
0,finally played red dead redemption last night badass game tonight played botw though game list game love never finish need fix
0,red dead redemption god damn masterpiece no one tell amazing little bit filler though hell make main character likeable john marston not think possible
0,going play red dead redemption arthur morgan make happy
0,leave alone big red dead redemption mood pic twitter com aefwrip oq
2,not set fan speed red dead redemption would set pc fire gpu degree celsius
3,hm maybe industry culture produced fallout mass effect andromeda anthem nearly drove red dead redemption programers suicide naughty dog employee openly shitting still delayed last u span year not super sustainable
1,gaming gone wrong
1,meeting intern upcoming project background tv showing paused red dead redemption looting dead body trying hide everyone like http co swphfxmy
0,replaying red dead redemption named horse minerva good girl
0,red dead redemption leaf xbox game pas september not bought already highly recommend pic twitter com m gbzwml
2,flatline red dead redemption pic twitter com siq vvnm
0,storyline game red dead redemption might best ever fucking attention detail mad
0,red dead redemption game right
3,youngest room drawing day red dead redemption character done bill watterson style seriously impressed pic twitter com lkuhcxwwb
0,red dead redemption got wanting move mother fucking ranch
1,red dead redemption legendary animal samagame com news red dead http co uazqn chs
3,epic game becoming good game launcher love sale game got red dead redemption really good deal would not gotten not epic game sale
1,heya live another storymode saturday red dead redemption twitch tv nomnomninja http co bsghinpa
0,year half since red dead redemption came finally time play completely sucked away day life worth
1,poison poppy moonshine recipe searching
3,awesome project got help bit co worker bryant not active twitter took production lead killer job editing directing shooting give watch love expect much
3,playing seeing npc game make massive difference hoping dive quest tomorrow pic twitter com ipu qclcyq
3,fuck wrong game downlaod many huge as update even red dead redemption not big cod mw yet way bigger
1,red dead redemption online thing twitch tv inevitablestan
0,mass effect red dead redemption batman arkham metal gear solid top favorite franchise pic twitter com pxtqhdd
0,dam good game
2,damn
2,absolute king shit
2,kind red dead redemption bullshit trying pull
2,ugh tried playing red dead redemption main game online play feeling done game crashed many time especially online play waiting talk rockstarsupport ugh wish would gotten refund
0,red dead redemption gta
0,playink red dead redemption frazncs tazmaniancsgo twitch tv synaktis
1,best video game western not red dead redemption game screen rant travelerexperiences com en best video
0,completed red dead redemption not word masterpiece rockstargames rockstarsupport always perfect work ending emotional john martson death love game pic twitter com yj htkdbsv
0,let u shoot bastard
1,red dead redemption simba pic twitter com oebblxui
0,perhaps greatest video game played game everyone play well almost everyone kid might find part game bit disturbing red dead redemption lengthy enjoyable story wide variety customization option pic twitter com dc e lj
1,taking walk new austin damn pinkertons showed ruined fun
1,th man playing red dead redemption oh shit bear start running not run bear run like mph immediately mauled bear
1,got horse back
1,youtube com watch meywv red dead redemption online putting work animal today alligator panther eagle cougar fishing bounty putting anybody way
0,freaking amazing madam nazar fortune referencing red dead redemption youtu arny epcd via youtube
1,red dead online update red dead redemption wiki guide ign ign com wikis red dead
0,painted favorite location red dead redemption pic twitter com kjdrfoef
3,name favourite videogame assassin creed revelation movie captain america winter solider book touching spirit bear manga not read manga tv show smallville superhero daredevil anime hero academia
0,achievement red dead redemption trueachievement pt trueachievements com gamer yoneko
1,red dead redemption
0,rt cragon game enjoyed vampire masquerade bloodline deus ex human revolution red dead redemption legend zelda breath wild og leisure suit larry not judge fluffbrawl killerxkween itslexitaylor jbirdsgaming wtty
1,red dead redemption online streamlabs com warrenarroyo
1,red dead redemption veteran gameplay pc ultra youtu fukstnzqq olly pontypridd cps
0,cowboy builder achievement red dead redemption trueachievement pt trueachievements com gamer koshmarny
0,new red dead redemption graphic look incredible
1,red dead redemption live twitch tv marcel kiefer
3,thanks stopped stream tonight great time hanging fun thanks reptaronice follow hope see guy tomorrow red dead redemption shenanigan
1,red dead redemption
1,feel beauty landscape
2,finished red dead redemption binge playing day wow ending really hit hard fuck rockstar game
0,like pic took character red dead redemption online rockstargames pic twitter com vbpcechse
1,playingmagpie brought horse curse
1,red dead redemption land xbox game pas gamespace com article http co dniep
0,red dead redemption sound fun right
0,top best role playing game bit ly cyvu
1,red dead redemption store playstation com
0,seriously landscape red dead redemption insane
0,man great making story throughout rockstar game series nice lasted
0,indeed landscape structure beautiful game
0,achievement red dead redemption point
0,red dead redemption best game experience ever blow rockstar game ever played make gta series childish finished game want play
2,well suck
1,played red dead redemption month man arthur died today
0,unhealthy obsession red dead redemption game
0,red dead redemption one best damn game ever played period
1,seen fake rumour bully happening want ever even though made chapter red dead redemption
0,happy th anniversary rockstargames
0,spent year not playing video game decided break cycle red dead redemption oh god obsessed damn game
1,red dead redemption dropped xboxpricecheck com product
1,red dead redemption gang member john actually kill crabdeals red red dead redemption game john marston opportunity kill ex comrade
1,anti war undertone ghost tsushima red dead redemption youtu zlvswvvenc
1,realizing red dead redemption decade old pic twitter com nkr xv
0,finished entire story line red dead redemption not even word game
0,wonderful year red dead redemption pic twitter com lgtj ssnz
2,love got environment much photo mode game league better rdr game easily best open world game made far exquisite world building
1,p red dead redemption part pscp tv chbwctf dkvo
0,blame rdr
1,poker screen red dead redemption calvinayre com pok
1,mysterious grave witch red dead redemption youtu sbnnslnchns
0,rdr make boy happy
0,finished red dead redemption pretty damn awesome loved bitter sweat ending expect review youtube eventually
1,red dead redemption amzn xdxrpd http co dfwtk
1,thing want see red dead redemption thing not celebsyou com hollywood th
2,play red dead redemption feel like houser brother trying redeem middle ground cynicism older work rdr tenderness palpable often stray deep na vet worst deeply condescending
2,hate technology keep crashing not figure fix not run smooth
0,fun red dead redemption tonight thanks tuned clip twitch tv tsunderelightr
1,rdr man made mutant red dead redemption grossest secret screenrant com red dead redem go back
1,red dead redemption pic twitter com qnn cnz yq
0,feel bad people die stuff come like going mad fuck died red dead redemption released
0,started red dead redemption
1,probably going red dead redemption tonight stop hang
0,red dead redemption beautiful
3,next game open world version red dead redemption except video game worst
0,ending game year old tear
1,fakeandpettty murdered train conductor rode train hour stopping spotted player force get train u
2,fuck
2,boring game ever played
1,new stuff lifehacker thursday best deal red dead redemption belmint water flosser tile pro adata tb external ssd ift tt etnaqw
0,stunning
2,red dead redemption literally gave postpartum
3,good reason really amazing monitor need get two seeing red dead redemption two stretched across three pax east
1,red dead redemption pc gameplay robbing train epic fail youtu xhu jqdhzjw via youtube
1,huntin critter red dead redemption twitch tv jon solo
0,best game going arthur man
0,little red dead redemption shoot thing get anger maybe nhl well
1,red dead redemption london leak pic twitter com nagfdkjf
0,greatest thing ever
2,rockstargames make gta great shit not fix thing red dead redemption suck fucking dick
3,great stream thanks came visit stream red dead redemption
3,not trust mf played red dead redemption forced horse go full speed whole time
1,red dead redemption xbox one bit ly wc cxm
1,red dead redemption xbox one gadgetsformen site red dead redem
1,red dead redemption frame pic twitter com rjnl nqy
1,nearly time saddle trouble way west red dead redemption today stream twitch tv mikeuk
2,really wish rockstarsupport would get shit together red dead redemption already game amazing fun play frequent disconnection booting server ridiculous point
0,played main story red dead redemption excluding epilogue say emotional game ever made cry hour think going keep cry longer not reccomend enough
1,come join dag dead air gaming thekillingjokha originalezoob satanzoutlaw right old time red dead redemption later even serving ww youtu fbjdge yu
1,anyone need playing red dead redemption playing mean failing
2,not understand port instead gtav switch look much better
0,oh sweet
0,deserved
0,installing undead nightmare xbox one right not realise like gb like base game keep forgetting basically stand alone game expansion pack
1,red dead redemption pic twitter com ppgzilqja
0,red dead redemption best game time far
1,outlaw end
0,rt dragonblogger not amateur hour still crushing red dead redemption twitch tv dragonbloggers
1,red dead redemption thumb
0,entire time playing red dead redemption pic twitter com tldtzppzxv
1,picture prey story red dead redemption music pokemon channel
1,live
0,since red dead redemption released game pas day ago really like not expect good
0,finished red dead redemption absolutely awesome game story amazing
1,red dead redemption summer update p xbox one rdr online patch note express ift tt cuayob
2,rockstargames legit not open set fucking camp red dead redemption need let gta die fix rdr piss game year havnt done shit
1,esports curiosity probably not know red dead redemption goalsn com esport http co jmlbsxauou
0,red dead redemption make gay powerful
2,ghost tsushima best open world graphically red dead redemption close second
0,completed red dead redemption incredible game pip last u time fave
2,many probably biggest could not get red dead redemption felt like trying hard realistic translated control not feel great play
1,rockstar not release red dead redemption zonabaper rockstar http co temmj cck
1,
2,rockstargames not working red dead redemption going
1,skinned red dead redemption yesterday xp coming haunt
0,actually suprised much enjoy red dead redemption not think perfect game term gamedesign improved much gta astonishing game similar score metacritic opinion rdr much better
3,red dead redemption mod end ruining game youtu sf piplhhke
2,finished red dead redemption main story never forgive game happened neighley williams bastard
1,really sorry son hell thing arthur morgan diagnosed tuberculosis red dead redemption
3,fact max payne low key rockstars best game
1,new year snow storm red dead redemption online ezdlc com new year http co bha dojl
0,damn right waiting looting like red dead redemption
2,red dead redemption day shoot micah not like micah twitch tv nightmarebearer
1,red dead redemption mission red dead redemption pic twitter com wggduw
2,game told excellent gamepass boring death neir automaton yukuza kawaii red dead redemption game enjoying game pas battletoads man medan hollow knight
1,uh oh stinky cowboy red dead redemption online twitch tv rainyparticle
0,last week bit bullet got red dead redemption despite issue took pic early morning fishing look new screenshots coming day pic twitter com vcfhbkmenz
3,bully may doomed live grand theft auto red dead redemption shadow dlvr rwqx
0,rockstargames make director mode red dead redemption story mode would amazing think people would love gta make male sherrif
2,red dead redemption broke broke heart wild west cruel place
1,red dead redemption dropped p pricecheck com product
3,ya go fool roblo xero
0,thanks rockstargames rock star
2,red dead redemption rdo moonshine delivery bottle no payment wtf
0,game spectacular not played yet good way play cheap cheap ish guess long game
0,playing bit much red dead redemption robinhought able provide awesome piece pic twitter com wh
1,
0,red dead redemption cinematic camera auto route following make long travel beautiful relaxing spectacle open world game feature
0,really got skin sweet melancholy pervades every moment game elegiac ubi sunt world already disappearing foot character u long gone
0,getting lot red dead redemption right game enables lot dumb thing generally idiot feelsgoodman
0,honestly best fps game ever possibly made would borderland pve gameplay red dead redemption story doom eternal music visuals call duty mw pvp gameplay
0,best game played last year red dead redemption one best game ever
2,sure rob train kill countless men red dead redemption name horse forced side bitch apparently going far
3,last u part ruin smh
1,live lunch time stream go red dead redemption story playthrough twitch tv prawln http co zioq xjqj
3,poor nintendone
0,fuck could not like red dead redemption play game shocked good
1,red dead redemption
1,red dead redemption horse course bronze red dead online concurrently horse
1,red dead redemption nier automaton fallout elder scroll skyrim not like tagging people flaming forest
3,bitching ghost tsushima cultural appropriation not work bitching game shit fine however said hour game came look petty congratulation played
2,red dead redemption litter twitch tv deecrazycatlady
0,first red dead redemption ending got feel masterpiece rockstargames
0,playing red dead redemption onlnie earlier massive thunder lightning storm going grabbed lightning selfies love level detail graphic game pic twitter com smvfs xzl
0,red dead redemption game bring console retirement
0,three thing made cry last year little woman red dead redemption carole tuesday someone help make musical lady cowboy anime go drown tear http co opbqwbglk
0,steal red dead redemption xbox one amzn atv tc http co zrplybaim
1,red dead redemption rockstargames
0,please play red dead redemption coryxkenshin cried found coming break
1,playstation bought red dead redemption not install give refund please
1,psn alekseylawjoy red dead redemption pic twitter com hupl sa
0,arthur sketch love dumb as
0,wow story red dead redemption amazing lot epic moment still like ending part
0,uh oh reinstalled red dead redemption nice knowing yas
1,place not no thing civilized man love greed forgotten found appetite dutch van der linde red dead redemption
0,realised red dead redemption turned year top game ever made made poster last year rockstargames rob wiethoff tooda thanks unforgettable experience pic twitter com rgrcizvblp
0,love kid red dead redemption pic twitter com pdv ko
0,achievement red dead redemption trueachievement pt trueachievements com gamer guy
0,red dead redemption pretty dope
1,red dead redemption youtube com playlist list
2,agree red dead redemption boring
0,nd time playing red dead redemption instead sad guide arthur morgan sick dying day grown admire fact dying breath still giving fool hand
0,not care say red dead redemption masterpiece total work art not fully express extraordinary game top notch rockstargames
3,watching brother play red dead redemption skinned rabbit got way fucked
0,young always wanted play red dead redemption like year ago watch youtube worked hard get wanted life deserved proud getting special edition version red dead redemption pic twitter com kzb kek
1,three occasion charged muskrat not game yet found fascinating meditation gaming goal
1,wrong red dead redemption
0,not believe year ago good game
1,red dead redemption boy
1,not go check red dead redemption stream stream channel youtube com watch qu
3,must drunk literally said need get red dead redemption tattoo one take literally half fuckin left arm
1,not realize red dead redemption gb downloading day say still hour left internet terrible also biggest file ever
3,game pas keep getting better
0,awesome
1,red dead redemption wildest west twitch tv darkwyll
1,take chance love exists loving act red dead redemption giving life advice middle pandemic
0,maybe greatest musical moment video game ever
0,clint eastwood would perfect direct red dead redemption main story ideal unforgiven style western
0,one favorite song ever one favorite game blessed peacemaker
1,arthur morgan red dead redemption hate micah pic twitter com knjratl kw
0,hooked red dead redemption
3,not see would get switch would many cutback
0,no live society plagued pandemic live red dead redemption open world map
2,thank god
3,uhhhh last u leaked plot basically red dead redemption sjw influence pic twitter com tli hivm
1,getting trouble red dead redemption ii starting right via twitch twitch tv acuriousm
0,year half buying finally beat red dead redemption wonderfully rich game reward fantastic story not fight deliberate control molasses coated pace not wait finally play rdr first time http co rve pzxehz
0,really enjoy detail leo capture game
1,red dead redemption online youtu ltdomru
1,red dead redemption
0,classic
0,hey long pewpew red dead redemption twitch tv stabbytabbycat
3,waiting one though personally always found meeting swg wow fun still miss swg via alicejanetaylor
3,memetwalker memet covid fucking game soon vaccine got stop playing red dead redemption make pussy missed quarantine cool guy
1,humble barista actor red dead redemption two friend friend
0,treated p month ago not game console year bought game called red dead redemption finished jesus emotional rollercoaster game masterpiece
2,activision call duty modern warfare crash open warfare multiplayer game updated driver not able contact support well
1,like verndask stadium face need people instead two would perfect callofduty infinityward
0,really enjoying playing call duty instead fortnite lately playing warzone also ton custom game friend
0,played call duty black ops plot mind blowing easily rival inception another one favorite
1,already got vector fennec platinum best attachment weapon go check please
2,shotgun not belong call duty
2,yeah cop give call duty rest bit shit look lit af
3,ab fab seeing bungalow built
1,anyone know literally god black ops not wait
1,thanks making callofduty
0,sat play casual
2,open call duty oh god brought rust back yes match later would ever bring back garbage map stupid
0,great salute sir
2,anyone think otherwise perfectly quality medium not ruined message ethos aesthetic need sit explain not like call duty game especially shooter fan
2,chilling
0,congrats infinityward finally getting callofduty completely bug free youtube com watch hy xbx
0,thank god eod
0,fun gameplay mw youtu sq ohffxqro
2,swear man free play mobile game server better call duty server
0,callofduty really outdid warzone
0,wow congrats call duty single handedly solving racism
1,say not massive fan call duty trailer seem quite interesting anyone curious man trailer called yuri bezmenov full interview clip come yt look wish youtu tbr
0,addicted new call duty
0,not like undertale prefer call duty anonymous yo fuck player dat shitty game
0,love call duty infinite warfare
0,wow
3,nigga really tryna play like call duty hate
1,activision refutes claim account hack ttps threatpost com activision refutes claim account hack call duty behemoth said report widespread hack false http co mza ybuwi bit ly vbva http co juzxotaehp
1,everything like call duty not apply mw keep simple shit people would play
3,happy th july callofduty nation enjoy firework
2,tried new stir crazy playlist today seems like bit waste mostly larger map
3,going live mixer stop mixer com pilzburyd peb watch play call duty modern warfare come chat hang not wait see
3,trying cut rug gulag someone try cut guy no business losing not even feel bad shooting
3,candy happy gamer tag pc candybottom
3,live warzone jakobisgaming come chat see kind whacky shit get blazedrts supstreamers supportstreamz twitchhost twitchsharing twitch link twitch tv jomenation http co tacgut rmn
1,guy callofduty make million still not fix dog shit server wtf
3,awww yeah not shoot civilian haha lmg go brrr
0,new warzone best highlight epic funny moment
1,call duty warzone leak confirms dozen playlist duo still missing webigames com call duty
3,hi atviassist callofduty wanted report guy really fucked game cheatinbg actually pic twitter com wdcmrrpto
2,remember call duty lobby super toxic hilariously entertaining
1,sweaty gameplay pp bizon kill highest kill lobby full video youtube youtu bhmh bjow
1,went search destroy game not bad ability
3,come watch buddy vinny bad gameplay even worse joke rocket league call duty warzone streaming till maybe later come hang
2,atviassist huge bug callofduty right not progress anything resetting people game pointless play right
0,say happy game already going best zombie mode long time great cast
3,fredoindakut best mixed boy call duty
2,callofduty fix game new omg challenge not tracking progress
2,search game map come not want play leave black listed que sbmm dumb hate callofduty
0,good news
1,never cared cod fantastic everyone know yuri bezmenov message brought u
3,great service nation critical hour appreciate yr effort yr call duty lucky humanitarian police team u dcpsouthbcp cpblr blrcitypolice bsbommai pl visit facility feed people
3,cop pretending playing call duty powertripping paintball gun assaulting resident property
2,
2,call duty always got fuckin update
0,warzone actually hella fun gg callofduty callofdutyuk
3,flip fuck cyklon joined kingdom mixer mixer com deduke
2,deleting callofduty no way game content rdr gta combined gb update serious not dedicate half hard drive space single game could get refund would ridiculous
3,covid shown u anything amid story crime corruption many story health worker going beyond call duty vote accountlabsa
2,shit coming like call duty zombie mf said second wave
2,think
2,callofduty keep getting kicked mid game internet work fine
0,want call duty finsubs fun findomme gamergirl finsub ebonydom
2,love tactical sniper
0,nice little two piece
2,bitch not play call duty year back got call duty bet not call though got retries died game
3,new video live go show love youtube com mrgrubeybooby mighty rts smallytcreators ytretweets fearrts sgh rts shoutrts dynorts gfxcoach flyrts supstreamers rexrts blazedrts turbo rts
0,excited try
2,fix jesus please fix world going playstation askplaystation playstationsup treyarch callofduty negative silver wolf error code pic twitter com ziryhrf
2,would rather guy play whatever game enjoys stupid lol
1,xbox ambassador killing thing call duty modern warfare viewer twitch tv red phoenix hookedesports end streamteam
2,call duty challenge broken done nothing unlocking counting towards going
1,call duty mw mission impossible youtu ankc oo eg
3,hi like beaming kid
2,dirty cyberattack clutch
2,playstation callofduty something allow game straight racism player profile name ban game network pic twitter com hcyyjuxsii
2,done ranked jesus take break cod mobile
3,suck call duty
2,new patch not stay game longer round callofduty activision
3,feeling win game duo callofdutyuk warzone shout boy charles great duo partner
1,shipment map cool funny bad not put permanent playlist fucking incompetent callofduty infinityward joececot taylorkurosaki
2,bo super overrated probably worst call duty ever tied ghost
1,kidding callofduty modernwarzone put update released season gb update hope disable cross play cuz seriously shit getting ridiculous love game honest trash
2,getting pissed roblox call duty
2,
2,shit wild dab
2,first game gunfight easy youtu dyo qler
3,half nigga legit one best call duty player youtube son lol
2,shit
1,selling damascus camo cod mw per gun dm recovery service xbox one p pc put order
3,not end warzone idiot youtube com watch rgwr
2,wow lodout grand hell infinityward activision look like microtransaction non stop guess handfull pro game hate causal playes get loadout make harder lol wine cheese childern truth need removed vehicle b pic twitter com xaoxjwfvc
0,sitting grinding absolute ball call duty smoking rollies quarantine not actually bad
2,call duty go lame as update
3,not hide store playstation com
2,
2,atviassist call duty mw turn distance player away suddenly appeared distance label every player bright red barely see player disable setting mate not seem
3,sigh god damn idiot
2,callofduty blizzard ent seriously want fix issue please let know contact
0,infinityward callofduty best class cod change mind bet not best modern warfare class seen call duty league youtu kfu pmnvus
3,rocking serious xmas gift going live hype tune twitch tv tikigonewild link bio flashbang friday
2,callofduty imagine rebooting call duty future sound game classic sound menu game effect call duty world war really great game think reboot game would revolutionary
0,really callofduty infinityward store playstation com
2,cp suddenly gone without purchase anything wtf callofduty
2,umm activision callofduty infinityward shgames highmoonstudios ravensoftware tell last day tried everything log play game still get also deleted reinstalled hardwired several time
2,wtf
2,callofduty activision remove juggernaut infected timer get point becoming annoying op
1,achievement call duty modern warfare campaign remastered trueachievement pt trueachievements com gamer gerard
2,not get better
2,issue even racism direct abuse power finding good reason use force damage someone like actually fun many cunt holding weapon actually seen real battle call duty not count either
3,wanted talk shit game ill talk shit clip rt appreciated
0,smart
2,appalled fucking shipment die
0,finally downloaded call duty mobile hooked
0,remaster cutscene even better roach tried take dsm back shot perfect added touch
3,okay first call duty warzone match teammate got knocked knocked someone got shot went cage thing beat someone shot someone got kill allowed back match got killed plane parachuting eventful pic twitter com zfastsdl
2,activision hey suffering problem call duty mobile stuck getting game version info screen fix
1,hopefully shipment come back day kill make pretty fun match
1,find funny took call duty bring gem lecture attention highly recommend looking youtube minute long pic twitter com wpis
2,never better reminder change login data
0,playapex nonstop callofduty released
0,action quick super kill codmwclips topwzclips callofduty bestwarzone
0,thanks anyone stopped today sub gifted thanks callofduty jump scare underwear check borat tj killer lucky recipient
0,feel diffrent store playstation com
1,espn call duty power ranking upsetting team dlvr rqnw betbitcoin pro http co jqjuv
2,infinityward callofduty not complete mission game keep played something not want plunder minute twice pic twitter com zuytjivnod
1,finally ft andrew chase call duty warzone youtu hc mnhenzik via youtube finally warzone yesssss like comment sub twitch tv chrisifix
2,getting nostalgic bro not wait
0,call duty mobile really fun
2,every call duty since bo every madden since every since far cry siege ac odyssey overwatch battle royale ever one csgo clone shitty beta
2,new callofduty p oh god
0,love see
3,ever watch call duty character die start giving backstories like damn kid going sad today
2,noahnoche ru happy
2,garbage as callofduty server lagged kill solo match
3,let u put call duty skill good use
2,call duty broken like play ping none stop warzone dead never get online fucking awful
0,played black ops omg sooooooo smooth happened call duty
3,amount racist encountered playing astronomical
3,suck video game twitch tv itzdonnie
0,modern warfare best call duty youtube wise since black ops happy seeing everyone getting growing may not biggest fan game overall feel good say cod back
1,call duty modern warfare problem child soldier level newsychronicles com utm
1,time landonorris refused even click game reached point willing wait day hour minute second gameplay difference couple month make incredible really
2,used free tier level expect free tier not check account dm detail infinityward activision
0,infinityward wazone plunder made completely permanent game awesome free easy game play intense fight strategy skill chance much people looking call duty game
3,rokkr pulled great win today estnn com call duty
2,piss every time see game
2,amazing
3,ranked like level call duty time bed
2,roommate bought actual makarov today not like worst gun call duty lul
0,not amateur hour still crushing call duty modern warfare twitch tv squatchmd
1,not going lie right said excited new call duty coming fifa game not technically released uk day yet people got team already ruin excitement
2,saying shit
3,ronald reagan sends absolutely nothing aid crisis latest call duty black ops cold war
0,excited get home play call duty damn loser man lol
1,no
0,not lot say terrible state mind right say event brilliant super excited going callofduty right hopefully part day thrill pic twitter com totuethcye
2,get shit nerd
0,glad see callofduty board well pic twitter com gqso kg
3,call duty win first amendment victory use humvee alphatimenews com call duty http co bmsymgueen
0,not bad night tonight first night warzone enjoyed little squad wipe trio
3,know ratio group kept yelling fake kept getting smoked online
3,join gamingmansfield hold hand welcome new age callofduty twitch pm bst big love twitch tv mansfield gami
0,would entertaining
1,late night stream boy come watch warzone run struggle get dub facebook com yeticasual instagram com ceyfcx heds
2,treyarch call duty black ops worst fucking game ever game ruined glitch class havin as loser fix fucking game not go single match without someone invisible whole fucking round shit as game shit as company
3,guy really bad video game sbmm good everyone except content creator pretend good video game pub stomping
3,best luck
2,atviassist hello bought bonus cp call duty not get cod point like usually bought paypal deducted money still no cod point checking transaction history payment show completed hour
2,p look really good little disappointed no call duty teaser reveal everything going not surprised
2,wtf callofduty pic twitter com doneatka
2,new map call duty lame asf
2,atviassist unable unlink activision account call duty warzone
1,crazy lazers collateral damage quad feed fury kill
0,look good killcam
2,worst happens
2,given mw finally saved hard drive dog shit game callofduty
3,extremely damn hornyyyy rt like photo post sexxy nude dm waiting mary life love site lo
2,tried play call duty hardcore buddy right literally dumbest shit ever camping no capping core hardcore
0,callofduty thank bringing shipment back level gun faster
2,call duty pro kid lame fuck million follower use platform help inform men assault harassment pretending not problem problem
3,flip fuck hgkane joined kingdom mixer mixer com deduke
0,somebody teach play call duty lol look fun
3,going live bit another callofduty
3,dox guy get as fired not already sitting as leeching government advocating murder call duty cosplay wannabe getting tired
2,aw shit call duty wtf supposed
2,gb patch yet one reason current live service trend simply unsustainable
1,callofduty please change name warzone campzone please activision many great skilled gamers camping buystations loadout drop game enjoyed blackout way
2,callofduty worst move remove trio quad adding duo please add duo right keep trio ready
3,hentwitch go team happy hen house
1,ready zombie royale warzone stream tonight gamerretweets callofduty pureyo head twitch tv justgln give u follow turn notification not miss fun
3,biggest problem society today entire generation younger people never punched face
2,time delete everything p fucking update
3,call duty tellin yr old momma suck dick
3,fuck mate
3,twitch tv ace crussty scrimfinder fearrts dynorts sgh rts gfxcoach blazedrts flyrts lazy rts pulse rts gamergalsrt twitchretweets mighty rts dnrrts fmc rts findgfx p codfas
3,usps appreciate generally today gilda clearwater post office also worked bradenton performed act service beyond call duty gratitude not fit tweet please celebrate kind hero need right
3,love seeing new tweet keep coming not let someone get ahead
2,callofduty fuck ya took bounty game
3,call duty warzone hacker get embarrassed riot shield dlvr rys yc http co ot zhehom
0,excellent thread
3,would reached phone beat as
0,since valorant call duty cold war considered porn according twitch not streaming day applied suspension wait see happens love guy still discord still gaming much love
3,pressing ranked
3,atviassist activision callofduty absolutely disgusting need banned literally recon hunting hacking pic twitter com e lnp
3,lmao thinking weak hell not set
2,aged well
0,nothing disappointing
0,get excited playing call duty not hating
0,montage saving squad mate spreadlovehxly time day picking squad mate one best part game
2,dead night ancient evil bottom also kino top list dead map honestly
2,know best friend talk call duty
2,atviassist hello activision problem logging call duty mobile account call duty enter email address password black screen shown stay like not login login timeout
3,call duty already top leader board dominating game point blonde actually fairly good game
0,call duty really late understand hard nigga get game
1,playcodmobile game love call duty unfortunately lot audio bug every time playing br mode game audio stop close open dnv device using io
2,people not care
3,not even part callofduty community shit noahj stream soooo interesting
0,quarantine got bored af playing call duty anyone want call
3,callofduty infinityward guy play crash top coalition leaderboard glitching making impossible kill getting many kill got nuke ended game please investigate ban pic twitter com mzed bf
2,callofduty completed battle pas show everything locked want buy buddy happening well please fix thanks
1,thank listening infinityward finally wear pride
1,wtf
2,seriously fuck
2,nah fr shit warzone beefing not come outside wit no blick point blank period
1,tea time achievement call duty modern warfare trueachievement pt trueachievements com gamer kenny ro
2,love call duty mobile game
2,callofduty gona end
3,kill doggo call duty feel bad
2,callofduty ak new cold war beta ridiculously bad impossible use
2,call duty solo worse hardcore team deathmatch camping sad sad
3,inuk word day hospital nurse let u give huge heart warming thank nakummek amazing nurse gone beyond call duty pandemic http co wqzkytk
0,honestly not make game called call duty genocide filthy slavic horde going city city gunning russian tracksuits wearing ushankas using ak
2,callofduty absolute mess right
3,great story
2,activision audio problem coming call duty modern warfare not sure fix getting sound sound like coming tin audio working perfectly fine new update destroyed
3,sleep yelling hour call duty soon touch key sudden
1,call duty wwii ranked ctf insane comeback clutch v kgveozz oxiriz veoxyy youtu azr lbssg
0,love playing call duty fan anyone want play pm
0,face mask ice cold water call duty idea perfect evening
2,new grau mother lobe plus gold tracer op unfair best cl youtu caqe wjp via youtube
0,bitch not need call duty anyways
3,sound enjoy groove little montage made tribute desert eagle powerful badass secondary weapon ever
0,thank god
2,worst callofduty ever
0,no matter old still get excited new call duty showed
3,come join no one chat
0,thank much callofduty pic twitter com aqdqlj boo
3,oh dear pleased
0,
2,callofduty fuck even forget put duo update thought good company never mind fuckin jokin thing right
3,hate
3,give shout mrswtech absolutely bomb tremendous assist not ce tc district go waaaay beyond call duty make rd grade tech savvy docsfive tcsboardofed tc tech
3,improving lot lately like car much
0,really enjoying new bmg build use dictator barrel tac laser tac wrap stock stippled grip sleight hand http co xzbblcyuzi
0,thank call duty keeping sane trying time
3,anyone play call duty bitch made kyle nusio getting deleted friend list he black listed ditching boy numerous occasion get carried every match
2,call duty dead year playing evil twin brother posing cod
3,live mixer playing new warzone battle royale cod come hang laugh terrible decision making process instagram com lr gxhdnt
2,dude shit hurt
0,played
3,janis oh gawd
3,ayo fucking ruthless huh
2,literally first ever game call duty warzone solo never playing go pic twitter com smgonyek
2,ok fell like
2,youtu ea uz qr glitch call duty mobile ruined match lost noobsters full vid youtube link bio
0,really excited new xbox another year not gf like call duty boy much
3,turn two people
3,check core value family work donna vasko liz imig worked together collecting material make face mask associate omaha office thank going beyond call duty truly appreciate effort
2,activision callofdutyuk call duty camo broken not registering kill camo challenge anyone else found
3,oh shit waddup
2,not believe tuned call duty
1,callofduty callofdutyuk never felt excited let time
2,addicted call duty mobile
2,callofduty head fix crap messed game pic twitter com ejtlmvtbkd
3,family say philadelphia police officer went beyond call duty loved one hit truck died roadway abc com ex ci
2,anything not wrong game not claim credit playcodmobile joke
3,surprisingly hella good long last callofduty xbox
1,finally golden jokr grind insane
3,one day getting taken guruaf gloryjeantv facebookgaming next got nd jsmoothhd diazbiffle swagg not worthy lobby fb gg gginvert
1,mission impossible call duty mw watch youtu rc qc http co eyylbdna
2,callofduty as please fix damn game gun turn sea urchin polygon
3,trio fun last night
2,modern warfare must broken call duty ever developer making call duty year still broken game
3,aye man hilarious dawg
3,call duty warzone livestream sub
1,stream got finn damascus moved sks renetti leveled side sks iron sight terrible shipment not really matter much lol
3,got trapped van warzone thing went downhill misadventure destined disaster squad youtu ghhryz lcy infinityward callofdutyuk charlieintel jackfrags
2,clip shit
3,nasty jump shot store playstation com
2,callofduty plunder back shite playing mate br never massive fan sort
3,hey guy glutton punishment today stream going shipment new playlist update come join live throw face bullet playing viewrs
1,happy birthday brad game reviewed call duty modern warfare remastered immortal mx unleashed portal knight youtu trwkysxhooe
1,captain price mission brief impression favourite mission cod modern warfare clean house activision callofduty tag call duty fan alex houseof chemicalbrodar tundeednut http co huvfgfj rf
3,last night viewer excited
0,not amateur hour still crushing call duty modern warfare facebook com gaming ncshrmn
0,damn call duty black life matter statement right start game good shit infinityward
3,head shot wrecked
3,imagine thinking like fucking stupid ok ok symbol
3,first match first win last day team green win first cgleague de proud time prepare next match next win
0,callofduty sincerely thank freakin much whoever iw read mind one pic twitter com jfbvq zt
0,nice
2,fuck call duty update
1,callofduty got collateral last night warzone moving vehicle
2,thee actual fuck callofduty
1,bad callofduty fixed no thanks good
3,love keep chat open second kill team definitely not happy oops
2,dear activision infinityward callofduty telling mf camp top building whole game warzone not hide scared wack racist
1,shot kill need load kar
2,fuck call duty update
2,call duty warzone struggling solve hacker issue clubapk com call duty
1,not like girl shy wear baggy clothes watch anime play call duty never drink coffee not wear makeup dick ball
2,activision need fix server call duty lag crazy ever since update came nothing issue
3,nearing finale take look millenium u org news html
2,yea shit hurt
3,not know needa hear ronald reagan literally nd worst president
2,best ever
0,hopping uzi pretty good fortunate son time twitch tv joke
2,callofduty gotten gb absolutely pathetic
1,slay spire call duty decision decision
2,callofduty could please give u ability listen footstep got headset yet not hear someone run behind whilst wearing massive as boot
2,callofduty remove sniper warzone atleast nerf not even fun anymore
2,holy fuck let u gooo
1,tried cod warzone controller today people play aimed place super hard kind fun might stick bit
1,like week ago callofduty really fun not even get game free
2,callofduty server undergoing maintenance holiday not surprised constant huge time consuming update done
1,
0,good little session cod earlier absolutely beaming folk
1,looking back old file hardrive year stomping kid cod get voice message filled rage sent life good spent thousand pound great gamer
0,well urge play plunder call duty thanks msvixentv
2,nice know guy not shit hacker game get grip shit joke activision infinityward callofduty
3,nighas call duty ranned hot ii told dum hide behind tree going draw use cluster stike wen see gone say oh dam though said buy gas mask ik fucked
2,change always welcome stupid shit like happens drop hat
0,skin revenant look dope greasygamer com thread
1,activision confirms call duty title black ops cold war know history doomed repeat dlvr rf vsg
1,great play dude good optic mk carbine
2,still hate callofduty
3,like set everyone stage like concert stick jxmmi told liked atlanta codleague homestand big call duty fan cc espn esports http co dg
3,hey whatsup guy check stream twitch streaming callofduty fellow noble bro tuck appreciate interaction follows great day dip twitch tv asap dip
2,callofduty going realize new game every year thing not working game not finished release time get finished new one ready come sad really
2,lit timesss
3,jump kill
2,shotgun going problem please fix lol callofduty
2,imagine much shit taste go back kid game like call duty p love gary opinion shit though love game equally
1,youtu zkvpbrx ymk call duty mobile death
2,tf update bitch callofduty
2,callofduty wher plunder get crap added put plunder back ffs ruin everything
1,many game get row cursed ffs callofduty
2,callofduty please fix gulag terrible
3,need three ti get buttery smooth fps steady lol
2,done game uninstalled watching carefully next cod sound better sound better till play modern warfare worst call duty ever made
2,seriously stop update callofduty
3,play best not count
1,happily going game dude throw holy hand grenade worm nothing hope dream attached fair enough
3,lan party picture taken bedroom year ago buddy brought tv console killed much pizza beer poor helpless soul night
1,call duty cold war silence broken maybe shown next p event either way excited see work youtu zvsp bm
3,watching lil brother cry keep getting killed call duty log go sleep bruh pic twitter com dwvoq ycse
2,garbage
3,man waiting
3,breaking news colincowherd go beyond call duty wish bakermayfield happy birthday provide word wisdom response baker stay tuned
3,call duty zombie fan account apologize inconvenience change may cause
2,call duty warzone server status update unable login issue maintenance p xbox one pc updatecrazy com cod warzone se
0,feel good back playing call duty tonight get finn come hangout twitch tv thekillerpigle
3,not allowed play game training weirdo
0,eldest spent long playing new call duty game not convinced even know day let alone long lockdown lasted would normally object think would rather deal frustrated stuck home
3,realdonaldtrump thanking american people weight world shoulder hate people not show appreciation sacrifice man made u one favorite post
2,love new come broseph game still maybe next cod
0,callofduty need spec ops mission much fun
2,stink store playstation com
2,thinking got really call duty zombie made get really paranoid irl started worrying zpmbies would come irl felt vulnerable lived ground floor flat used stay night every night
0,game enjoying stay home time call duty warzone definitely top list among fps gamers since release best time game play advantage cooler master upgrade
1,yet another tourney yesterday top legion gaming trio kill race took away make last three week tourney roll two tourney tomorrow
1,whole nba smoking blunts playing call duty fucking mid march time
3,one not want go back work taster really like full time streamer go follow page please everyone let u blow facebook com stevecavgaming
1,good thing must come end goodbye season twitch tv tripoking
2,wait not play callofduty account partner xbox bought game account seriously activision greedy fuck constantly reminded stopped buying
3,girl damage youuu kill girl everything finished recon give got crate bought u loadout
2,callofduty either need turn skill based matchmaking warzone let u turn crossplay not trying play lobby full try hard computer player every game quick way ruin warzone
3,today literally one best stream ever much fucking fun went six goddamn hour u mean listening anime music popping dome call duty little example lol clip twitch tv easywittyjaybl
1,no mp campaign amazing though pas
3,voting one action asks citizen answer call duty not take lightly sending mail not taking vote seriously usps carrier not go process election official held accountable issue
3,best barbie stream find twitch tv slade trs shoutgamers monsterretwitch twitchtvonline twitchtvgaming supstreamers twitchretweets litstreamers shoutgamers lazy rts blazedrts servosurviver jlunatic http co tsgfimx dg
1,bae went paint balling call duty shit pic twitter com uhxbbuu
1,davidmickner joececot guy thought respawning version gunfight think would awesome like deathmatch option food thought
3,highlight amazing stream assassin
2,atviassist callofduty infinityward mordern warfare remastered pack af legit purchased still not received feel good scammed
2,call duty logic nerfs time keep helicopter make akimbo stupid cheating
3,underrated sniper chronicle day
2,activision last update literally broke game ground war last game not even feel like call duty playing day ago
2,callofduty callofdutyuk firstly need release external hard drive game ridiculous secondly take find game
3,joem know stupid someone profit playing series could argues glorifying war violence call duty disables comment not engage actual political discourse stupid person bud
3,love zombie
1,not bad trash player like right
2,call duty mobile spin rigged dlc angry rant zonestream cx call duty http co tm rpluf
2,really surprise activision started censor call duty trailer big daddy china common people ever expect anything good activision backfire
2,yessss ban afterwards well
2,anyone else problem
2,hate call duty update
2,fix god damn server neanderthal callofduty
2,clip exited game see would not let fully load game thing would happen relaunching cipi not disconnected ended finishing match ubisoft rainbow game http co ztdlr mfnd
2,rainbow game issue matchmaking pc
0,nice game rainbow game pic twitter com dnhuqnh
0,bestseason rainbow game
3,join competition welcome looking forward challenge
2,ubisoftsupport rainbow game ubisoft bought year pas via steam not get alpha pack restarted game multiple time not get please help
1,call out rv tweezie got sick as flank
2,rainbow game rainbow uk ubisoftsupport ubisoft ubisoft uk honestly make option change back ping fire rate five year fucking change literally no need pointless annoying
1,fuck youtube fuck twitch not want use need platform busting as video made
2,rainbow game fix game pls damn highpinger eu server annoying af
2,rainbow game gunna fix game pic twitter com wyhccxgqvq
2,rainbow game fix fucking game server fucking lagging
1,boy oh boy love kaid shotty
1,shoutout brother coconutbrah probably spending hour custom game
2,rainbow game queue ranked random get banned second game start eu player also random
2,ubisoftsupport rainbow game ubisoftsupport ubisoft sat screen half hour game not load everyone game left joined none u want lose rank please help something pic twitter com bvegw shm
1,sorry no live stream tonight lot internet issue not able keep stream going
0,love
2,
2,rainbow game ubisoft man pack not working
2,rainbow game please explain login get elo snatched pic twitter com zkxqq jo
0,streaming cst playing
1,howling tk not even funny
2,track even headshot crouch oh going something ubisoftsupport rainbow game thebattleye make tabwire ban alert u cheater
1,tkers smh
3,imagine thinking wanting offline mode no internet idiot alert
2,rainbow game not log rainbow xbox
2,rainbow game trying play ranked pc difficult get booted game try rejoin tell server unavailable esports ready as guy not help figure not rejoin ranked game
1,solo freak spinning fast lower fps thought took b rainbow game http co mlvhmu qez
0,got amazing game ranked big carry
3,rb friend
1,honestly need find good team pc not bad hit plat already getting horrible call out no communication average plat xbox mid gold soloq p need friend
0,oh hi live playing fun
0,guess console not ready update least villa sunset look nice ubisoft rainbow game pic twitter com afbqd
1,rainbow game ranked placement wifi dropped last round flawless victory anything
2,rainbow game tired broken game amount bug yeah bandit charge not let use
2,rainbow game sort game infact sort damn cheater situation game dying sitting back fuck constant cheater bullshit
2,rainbow game tip getting black ice level still not
2,ubisoft ubisoft uk ubisoftsupport rainbow game got bone pick as tf would add booty as scope not fix fucking bug game bullshit got sound pug game fucking season wtf al
0,hella excited tonight always participating aceofpyrite leadership looking forward terrific evening looking siege watch swing say hello bst twitch tv rainbowsix uk
2,rainbow game ranked game p everyone lost connection also got abandon sanction
0,need slow much play terrible fun lol
2,rainbow game fix game stuck loading screen not play
1,absolutely love amazing sister made absolutely incredible
0,unrabked far best gamemode siege right
2,rainbow game vote kick stupid thing ever added game annoying clash trying get game hour keep getting kicked plat toxic
2,rainbow game bruh update skin load out reset long putting back normal
1,rainbow game spearheadbeer best combination enjoying pro league head montreal see final live pic twitter com gx vf gz
2,rainbow game ubisoftsupport guy plz fix new game mode invisible invincible glitch ruin game mean fun not play anymore
0,tt fun
1,saturday gaming twitch tv stayinyowayne
2,rainbow game played ranked game lagged exact moment saw end match bonus given ranked unranked ban min renown penalty lost match
2,fix soundbugs ubisoft rainbow game terrible
2,ubisoftsupport rainbow game everyone lobby lagged one player game ended team winning one player left got win everyone else got loss abandon sanction pic twitter com fb yghdve
2,rainbow game new dev team full asshats not help console player problem like frame glitch ddosing not mention pulling away game original theme realism adding op literal flying hologram drone game slipping
1,worst ever find twitch tv slade trs streampal monsterretwitch twitchtvonline twitchtvgaming supstreamers twitchretweets litstreamers shoutgamers jigglypuff servosurviver jlunatic http co mtftncuz
2,always ban main
1,clutch ranked
2,rainbow game subscribed narcolepticnugg twitch prime not get charm game
2,rainbow game know bartlett removed rotation long ago though seems like waste never return plan major rework maybe could even update situation used event
1,store playstation com
2,rainbow game ubisoftsupport seriously need fix whatever going take good min get people squad match teammate loses connection siege server lost due
1,go spam
0,good chill afternoon lovely people thebabysitters auroracreative today chilling chill play come watch twitch tv msleogg http co iiajovkkys
0,rainbow game please make rainbowsix series put netflix something swear everyone would sooo hypedd guy amazing cinematics not series like season every year starting chronologically base operator going
0,one shot two kill
2,rainbow game ubisoft ubisoftsupport siege eu server fix connection got wayyy worse reason
0,rainbow game feel good got full stack win game row ranked end night chicken waffle http co khbncbwxp
2,year old worse condition black ice not get operation health ops might develop get shackle instead game ground sky becomes back head amiright rainbow game
2,rainbow game reason installed latest update game not seem progress loading screen not sure going pic twitter com kxwxlkxvl
0,one intense as clip lmaooo ngl love bandit mp opinion tied best non acog gun defense obviously next jagers
3,thanks everyone getting clip view lmao stupid lmao twitter com c status
0,really excited new change made rainbow game next season live pm cst play test server come hang ask question twitch tv atrudjentleman
2,kicked ranked match twice past minute rainbow game something wrong server
1,check video
2,rainbow game make rainbow cross play xbox p pc player good
3,ok blocking man new level
1,capping head medal tv clip http co ydimj wsou
1,sad ever bad day
2,rainbow game pls add house coustom game cuz good quick matched compared new make big compared old one
0,ubisoft rainbow game love gave recruit option help new player game could add shield load shield handgun reliable pistol help well
2,interro ik probably not care please please help console player tweet rainbow game something ddosers believe absolutely nothing please help u not listen nobody like honestly sad
2,rainbow game say time expired not open package
0,new video later going premiere going informative video help guy improve beginner learn basic
2,rainbow game rainbowsixde not get point winning game like dafuq guy one match not get point wtf
0,thanks coming stream everyone angry moment stupid moment moment siege crashed pc lol
0,rainbow game love op pic twitter com oxgdfd
0,golden juan finally able shine
2,done rainbow game unless squad know people say every single day toxicity absolutely control played one match today multiple people team calling name saying awful thing girl smfh
0,streaming ranked siege friend twitch tv clue oce
1,rainbow game first love game maybe th time month randomly kicked ranked match hv perfectly fine internet connection could rejoin get abandon penalty pls fix pissed right
2,rainbow game youtu gj wctybmk yo ubisoft battle eye not working
1,ily cheating east stacked gungirl skoeii tracker network profile pc iiy ubisoftsupport rainbow game http co rxhlo hi
2,well crap
2,rainbow game hey guy please help got banned hr could not rejoin ranked match
1,ubisoft rainbow game kind saying forever
0,not wait tomorrow stream going totally revamped super excited show guy hope see guy
2,rainbow game yesterday got booted ranked game everyone suddenly got ping since not connect game say server unreachable not got help support yet pls help
0,new season siege feel bloody brilliant well played rainbow game deffinatly step right direction season not wait see next gg boy not lose game evening cracking time not wait see sunday store
0,watched trailer sooooo many time giving inspiration write short story inspired free time rainbow game
3,great see frankieward gwbps rainbow game hope see community
2,rainbow game good sever got banned min shit severs loss rank smh
2,rainbow game ubisoft keep getting dodgy sound issue like drone not make sound not hear enemy footstep enemy gunfire sound like coming one direction another way fix temporarily hard reset xbox
2,rainbow game every time turn p go back class reset every time no fail
2,rainbow game fuck lower ranked requirement level back idiot
0,man wholesome
0,going simply pretend ubisoft not forget making move ubisoft waiting
2,rainbow game reason whenever game always loading normally get vote kicked stopped playing come back not even able play
0,admiring new decoration refurbished house shortxmeister sound recommended
2,rainbow game not played tried get game got error uninstalled redownloded issue game not work help
1,time show love good streamer head knockout channel he
2,think attacker rainbow game defusers invest pic twitter com glemdbkiih
1,one infamous youtube com watch uylw
0,swear grand larceny siege fun wish would keep forever
0,
2,great great another exploit
1,no point entering lad already xoxox
2,rainbow game shit pic twitter com ewkym xot
1,got fun commission kapkan drawing love excuse draw boi
0,thelovelybrad rainbow game callofduty
2,rainbow game crashed game using vulkan api game not launch anymore without crashing
0,absolutely loving rainbow game shadow legacy far def not enough operator balancing liking patch warden finka frost fuze blitz etc need love otherwise patch far
1,next amazing rainbowsixde miss
2,rainbow game please something toxicity console eg tk vote kick option getting annoying not even want play siege solo get tkd kicked every game
2,really rainbow game rainbow uk get upset ddos server get ban lose like no one care console player actually make something ban player something pic twitter com lyjyhx
0,
1,tried teaching mom ranked work
2,brand new pc driver date game still crashing going rainbow game
2,rainbow game option leave game ranked two teammate left lose please fix
3,welcome fam
2,joke
0,rocket league sea thief rainbow six siege love playing three stream best
2,time fix server ubisoft friend playing new event mode everyone got kicked server resulting min abandon sanction renown penalty going something rainbow game pic twitter com hn h xwcc
1,
1,
2,rainbow game ubisoftsupport not load ranked game crashing ever someone join lobby play ranked game instant crash
1,rainbow game happy hacker tracker network profile pc vib
1,rainbow game got first dedos unranked game not mad soo happy privlage get dedosed
1,really happy apart medievalftw
2,rainbow game great game got joke fix pic twitter com nxdb ye
2,full cheater stack na rainbow game ubisoft fix fucking anticheat pic twitter com bql yri
0,well hit follower thank guy
1,live twitch tv pezturbator
2,rainbow game need cav pistil much damage played game day ago yacht blew back wall cav walking pistol got
0,amazing job boy
2,conflicting feeling right
2,rainbow game fix random pick someone joining going match pick character actually use map operator not use terrible map like castle wine cellar chalet bomb
3,rainbow game mute event done home honestly impressed
2,rainbow game getting error code saying play server tried anything think going
1,really made amaru rage quit
2,rainbow game fix server please getting kicked ranked game restarting reconnect getting abandon sanction one kicking game
3,one going hurt bois
2,ubisoft rainbow game okay tried holo sight not care thickness wanted sharpness super pixellated
2,server still lagging costing u ranked game thought would fixed rainbow game
1,probably wondering truly not posted streamable com rwkmp rainbow game ubisoftsupport disappointed great game much potential year problem player cheater
2,rainbow game class number blocked funny play year help quit net pic twitter com rsluzev
2,got hit min abandon sanction got disconnected server rainbow game froze
0,store playstation com
2,rainbow game getting duplicate lately going
2,rainbow game please fix blue screening p like ever since new update not hit champ get blue screened every minute plz guy fix
1,laggy flick shot check channel twitch tv jjulsow
0,pengu reverse sweep iconic please ubi
0,
2,fucking ubisoft destroying
1,bit scary little dink fearrts mighty rts gfxcoach flyrts blazedrts promotegamers rainbow game demented rts http co zwykv qghp
2,say thought server rainbow killing like barley load not bad ever starting make mad thanks rainbow game killing vibe
0,welcome back amazing person
1,lucky last second
2,rainbow game please ubi rempve fucking duplicate fucking alpha pack make no sense get duplicate
2,rainbow game nerf hard breachers like annoying
2,ubisoft ubisoftsupport rainbow game cheater please ban scorpion fa pic twitter com rzwtiyjo
1,know saw tweet awkward scroll past youtube com gamekod
1,siege pizzeria shirt go course ela would delivery girl love
0,fun make
1,not know zofia not see no clue pistol safe say content creator not good player
0,lockdown killing
2,sup rainbow game ubisoftsupport friend problem start ranked match together take like minute wait host stop search start searching leave squad pls fix
1,melusi shocked justhoneybadger simmyster walkerpool mdassassin owahid
3,rainbow game grand larceny event played game got kill not count challenge read challenge kill people playlist
0,streaming amazing rainbow game ranked twitch tv selh
2,ubisoftsupport rainbow game hey playing keyboard mouse controller keep interfering control causing keyboard input mess anyway disable input xbox controller
0,gaming hobby love like follow th
1,hey uhh siege good game buuut not thaat good go top th player world
2,rainbow game level queue ranked get team get fix ranked matchmaking
1,think people committing cybercrime video game team hacker well ddos defender nice job
1,tony crashed dirty greaser diner open pm est menu rainbow six siege twitch tv thegamestooge
2,rainbow game fix headshot registry
0,loving animal crossing crossover somehow surprising animal crossing doom
0,really need get playing rainbow game definitely going useful experience destinythegame wwiii
2,rainbow game training ground p locked frame terrible might well get rid mission
1,enemy player mnk player highlighted montage mnk squared rainbow game pic twitter com zhzfxlhsy
1,scheduled maintenance downtime min pc edt utc p edt utc xb edt utc end maintenance no update
2,rainbow game get connection failure ubisoft whole team opposition disconnected got min abandon penalty not play ranked awful server great patch earlier fix connectivity issue
2,rainbow game hour playing game many time victim big bug like sometimes audio get inverted bug hitbox bad sometimes hit person head make sound hit full health
2,rainbow game make game cross play please thank
2,rainbow game guy going fix hit reg getting fucking annoying shooting someone head not dying game literally becoming shittier operation health
2,please tell guy ban people rainbow game ubisoftsupport ubisoft wickedkilo wickedyoake wickedvortex http co xti
2,love getting game four stack tk whole game fucking fix reporting system rainbow rainbow game
1,alright great stream guy nothing exciting combat wise
2,ubisoft ubisoftsupport rainbow game fix fucking server bum kind damn circus running
0,nice lil fuze play
2,not seem connect ranked matche region sea ubisoft ubisoftsupport rainbow game
0,love rainbow game much
0,taking time morning relax not really sure chill streaming later today excited cheer happy growing twitch playing rainbow game http co aohnvtq
2,help ubisoft ubisoftsupport rainbow game consulate anoying clitch get stuck air not move happened twice tm fix http co wlgmhbyab
3,twitter com wser status enjoyed live stream today wser fun like always
0,not mic drop game gamepass still load love game enjoy coming soon xbox game pas console android tom clancy rainbow six siege xbox wire news xbox com en u
1,banana skin really digging
0,
1,no monday blue twitch tv thanatos gloriousb wser thank
2,rainbow game ubisoftsupport help installation still progress hour uninstalled redownloaded
0,let u make thing interesting everyone watching
1,check video
0,new optic awesome best season yet going
1,perfect shot like perfect rescue framing
2,rainbow game disgusting played match still show placement frustrated highly disappointed not synchronise anything server please look super frustrated
1,woooooo juice ez hit gold rank stop check sometime
2,hey rainbow game please make next gadget name no matter type gadget iceycat think would make seige community happy
3,far one challenging event shot also one fun thankful great friend esports
2,rainbow game not know going chalet reason fps dropping seems wine cellar garage not know happening really hard play ranked fps
0,loving new steel wave charm also love theme music well
1,check video
1,first week perfection mtg ignore tag
0,like see rainbow game
2,yo nasty rainbow game esports
2,rainbow game unequip cosmetic fuck bitch
1,man would shame rainbow game gave black ice valk haha
0,thanks smurfers banned player cheater griefers less goo still addicted though fuc
1,proudly announce officialy signed rainbow game comp player esportsteamrain
2,rainbow six siege much toxic rainbow six siege
2,rainbow game ban mnk cronos player console game die p xbox cheater
2,wrong place wrong time via kiz
2,bad man
1,not come kitchen
2,rainbow game server anyone else got abandon sanction server kicking ubisoftsupport ubisoft
0,rainbow game cool thing ad drone skin
2,rainbow game going list game order happened pinger hacker pinger pinger thrower hacker thrower hacker pinger lost game row season ever season absolute garbage go pinger hacker thrower
0,nice
1,link mixer com makavelincheese twitch tv makavelincheese shoutgamers share stream twitchsharing twitchtvgaming twitchonline twitchrtsbot retweelgend twitchtvonline http co gzwhrtwnmj
1,got ace ranked
1,xp woman league season week live twitch tv xpesportstv tune premier esports competition woman gamers anz thanks partner rainbow anz zqracing compallianceaus
2,rainbow game ubisoft got lagged game got suspended lost mmr though
2,rainbow game siege hit someone straight face not count done hitreg
1,panic attack
0,swear no matter many time lose game rainbow game still fucking love
2,rainbow game frick not hatch break pic twitter com oiuvrlwxrs
2,rainbow game fix dogshit game
0,live hitting rainbow game shout dailybruce spice live animation twitch tv unclemoppy http co fzwv rfiok
2,rainbow game bad imagine worse
1,check video
0,epic stream tune
2,rainbow game new glitch mute protocol someone wall
2,ubisoft rainbow game please fix annoying pic twitter com xzvvx gkra
2,rainbow game want tell went two unranks lost connection got band leaving first one
2,rainbow game sort server xbox shit game end getting lagged not getting kill
2,ubisoftsupport everytime start rainbow game p reset ad
1,eurozoneesports tournament grand final minute crab popcorn bois going good one twitch tv moderator euro
0,rainbow game thank blessing enemy firefight health must start pic twitter com dt vciepz
1,longest rainbow six siege game khabib still youtu vwhphus via youtube
2,rainbow game ubisoftsupport omg th time got kick disconnected game lost elo not get disconnected win game not even get elo give lost elo back
1,ya boi returned produced content health definitely gotten better let u go
2,rainbow game hope not get banned pc disconnecting u not letting u join pic twitter com febkmipb
1,ubisoft rainbow game look hack let u get guy banned username brownmankiller pic twitter com lksmvv
2,rainbow game purchased credit minute ago money purchase gone credit not appeared account never seen take long bit concerned
2,wtf going new playstation update not make open party anymore see anyone else party unless invited askps uk also top siege server connecting definitely not finish battlepass time rainbow game
0,waited long rainbow game big pic twitter com imu fkteux
1,live playing ranked twitch tv reeswillz rt appreciated
0,nice way saying gn kaid also stream feel good man come join stream later tonight
1,day left valkyrie birthday sale great time grab black eye camera buy etsy zxqdbf http co dvrktcq
1,no wothless rainbow game pic twitter com hwp mf
3,love channel funny
1,hard fought indeed
0,rainbow game marley got black ice mp get thank listening
1,stack actually good comms
0,love rainbow game really love shirt want get check merch store shirt many merch streamelements com ifonky rt appreciated http co khvd mo
2,rainbow game qued ranked friend u got individual ranked game stranger team possible
0,guess time amazing stream play
2,ubisoftsupport rainbow game guy please love god shut xresolver tired getting hit
0,okay epic
1,talk perfect timing professor legit gamingrtweeters elusiverts lazy rts mixerretweeter dynorts
2,rainbow game fix fucking server
0,annnnnnnd one beautiful
2,rainbow game trying play friend game keep saying server going
1,completely stunned saddened learn iceycat passing please rainbow game let u get tribute game charm gun skin piece artwork anything let u honor guy much community
3,live twitch tv ntrsgg
2,rainbow game fix ranked elo system close game granted elo lost silver lobby someone gold got fucking kill got
2,ubisoft playstation rainbow game action taken stand commitment make gaming safe space especially woman
2,rainbow game no input working not get past press key screen neither controller mouse keyboard recognized not input device plugged though restarting computer seems work next session problem occur
1,accidental tk apology piece
2,fix fucking shit game ubi rainbow game ubisoft pic twitter com xyftdkvisq
0,sooo good top left way follow artist natschbatsch
0,
2,swear rainbow game die month becoming unplayable completely lost fun interest game incompetency dealing ddosers bug
1,would love see short starting rainbow game operator like overwatch much personality not used
2,rainbow game leaning slow like stop please help
0,disgusting love
1,new video youtu fyvznf support always appreciated
1,friend consoling failed monty let die monty sad blackbeard good friend however want see
2,rainbow game fix crouch spamming
2,rainbow game trying play siege xbox not sign
2,anti cheat software need update ubisoft rainbow game esports rainbowsixnews ubisoftuplay battleyetm esl barstoolsports worldstar tryhardchannel failarmy
1,noobtube ranked day live youtube com thespydershow
2,rainbow game not audio ever good
0,tom clancy rainbow six siege great game play no negative welp guess back grind pic twitter com wn areahg
2,rainbow game got removed game lost connection not join match anymore result getting half hour ban pic twitter com cyevf vem
2,rainbow game guy please fix rubber banding try walk door bad get killed every game
2,rainbow game please explain game sound cut middle fucking ranked game returned right fucking incompetent developer
2,rainbow game game fucking awful
2,rainbow game not connect rainbow six server
2,rainbow game literally used renown booster not server refund
1,
2,rainbow game please fix game playstation server laggy
0,much looking forward tonight game done lot improvments game day
2,rainbow game ubisoftsupport everyone ranked game lagged server second time today lost ranked match minuate ban please get mmr back get back something b please help
1,probably get taken clip year finally edited heard head happened
1,hacker
0,blast
2,
1,rainbow game hey really enjoy menu theme void edge not found created since game credit not updated year detail fix ubi com test server tt care enlighten
2,recommend rating system ingame communication well cooporation player ranked player lower rating play together understand feeling not calling rainbow game
2,rainbow game stuck loading screen ranked match not sure pic twitter com gqihwguhx
1,indestructible live come weekend fun twitch tv sassy alpaca
2,rainbow game fix tour server fucking sake pic twitter com oaevi syos
1,latest clip great song slumberjack called ra
2,il matchmaking gli account smurf fate cagare ubisoftsupport
1,guy missing not seeing squad owning rainbow
1,got good round yesterday also many bad round
1,yo live twitch twitch tv mayhemoce come chill watch great content
2,rainbow game server tired getting disconnected every single game
1,addicted playvalorant live twitch tv ad supstreamers woogieretweets blazedrts smallstreamersc smallstreamersr
2,bad callouts lead bad ending store playstation com
2,rainbow game internet disconnected unranked game restart game restarting game trying reconnect would cause server start problem know friend game wondering server
1,quick mixer com kn blunt instagram com xyqehnnba
0,love new
2,client side debris still thing rainbow game make server sided something equal side come man
1,normally not put time effort people like show exactly kind people participate rainbow game since disallowed play irl friend lower ranked smh pic twitter com aahqxw cz
1,lft ex diamond flex support rt appreciated
2,rainbow game hey guy planning fixing ela recoil console outta control
2,rainbow game minimal sound xbox bug glitch tried everything fix
2,rainbow game ubisoft rainbow game ubisoftsupport lost operator rainbow bought not use tempted uninstall game pic twitter com tkraey tq
2,rainbow game stop b smurfing not gold play diamond smurf account
2,rainbow game fuck though putting obj main room chalet good idea
0,ok turn destroy yings candela shooting mind tried destroyed whilst playing ying always game thecoreross rainbow game
0,honestly super hyped next rainbow game season going miss old house
2,rainbow game battle pas loading fixed constantly restart game load
0,proud man part u
2,rainbow game account whyyc got scammed champion rank started game minute server restart needed game champion ended game minute server restart disappointed finished game win
2,friggin stared straight bug
2,really loved tom clancy rainbow six younger
2,rainbow game hey playing ranked entire lobby ping shot everyone kicked except buddy mine cancelled match ban
2,nice bug rainbow game pic twitter com meophhpa
0,rainbow game love getting shot shield blitz ranked
1,live casual game destroy soul today twitch tv aussieprincess
0,rainbow game loving update
2,game crashed match point not give option rejoin banned great rainbow game pic twitter com tijdhet
2,rainbow game way stop player using keyboard mouse console ruining fun game friend may please fix issue
1,one hour come see u play battlefabc noblegg going make sure fun watch pm est
2,rainbow game server xbox
1,feel bad got keep grinding towards diamond champion
0,shhhhh something loading
2,ubisoftsupport rainbow game p game keep disconnecting last day tried restarting system game no internet issue playstation network issue pic twitter com ey azisb
2,rainbow game wtf ubi xbox not working stuck loading screen
1,good first
2,rainbow game pls fix server rank match got disconnected already copper shitty rank troller mmr going really low pls fix server thanks
1,bad everything panic
2,oh shit clutch
0,like narwhalsulky super surprised sent siege swag including headset shit not think cheeky giveaway might order guy think thanks rainbow game super unexpected pic twitter com pqmvtnmvuh
2,rainbow game not epic one game gold pic twitter com lhfdq
1,looking csgo valorant cod could amazing opportunity help build something scratch maihs
2,fuck
0,esports rainbow game pengu like vigil consistent good operator
1,
2,rainbow game fuck theme park still comp map queue no one want play shit map
1,garage store playstation com
2,rainbow game connection issue please fix
2,ubisoftsupport rainbow game everyone game beside one kicked auto ended game everyone got banned server terrible
0,happy back love
2,rainbow game updated game whatever reason xbox recognize party still put game chat siege forced game chat glitch
1,really like way change look zmin awesome concept map change
0,spawn peeking doc rainbow game life
2,fuck going damn ubisoft server siege come guy ubisoft rainbow game
2,rainbow game ubisoftuplay ubisoft askpaypal bought credit got none nothing please help
2,rainbow game ranked game pic twitter com qu qtaoed
2,rainbow game actually broken af season nothing cheater laggy server done already season
1,latest die bbc badboyscompany zeitung paper li badboysco clan
1,pretty sure
1,welcome program rainbow game playstation ubisoftsupport
2,ubisoftsupport rainbow game pls ban pic twitter com jvpsmmhqmb
1,graphic
1,rainbow game actived ranked
3,true
2,ubisoft give man rainbow game charm please pic twitter com exolox
0,great server playing cl quals pro league guess rainbow game rubberbanding not reload
3,watched corona virus get banned rainbow game battle eye
2,nice player model rainbow game fix pic twitter com srgmhsno
2,rainbow game know piss not play game no one reinforces no one anything hard get good team
2,rainbowsixde rainbow game ubisupportde ubisoftde joke screenshot link imgur com oltn http co eg cuzmgbf
2,rainbow game going rubber band glitch evertime try walk door glitch back
1,type person need banned insanely toxic whole game called everyone racist inappropriate name would not stop harrasing team enemy team please ban person ign spicyjew rainbow game
2,ubisoft thanks suspended min
2,stop advertising not time facebook ad ad twitter
3,wish kind person leave someone alone not replying unfortunately kind person text snapchat insta dm facebook message fucking email instead
1,donald trump jr china lied people died inside china death lab facebook facebook com donaldjtrumpjr
0,michigan restaurant owner say used facebook identify suspect involved property destruction jeff lobdell restaurant owner grand rapid mich posted surveillance video footage facebook sunday rioter damaged property later successf pic twitter com pa mcpofjy
2,would fuck way bottom exactly
2,not go facebook hate say online facebook minute mf want message
3,oh boy fun right
1,advertiser flee facebook boycott grows msn com en u bb
2,know trump gop racist no surprise highlight degree facebook anti democracy
3,actually nice happy guardian angel
1,somebody always getting paperwork posted facebook mf posting not giving fuck lmao
2,fuck
0,miss facebook much unblockkkk wtffff
3,beautiful interaction ever seen life
1,facebook algorithm major threat public health bit ly ay knz
3,conclusion jacobyoungmp little england bigot racist hang head shame
1,terrified facebook moderator forced return office next week buzzfeednews com article ryanma
2,frightening stuff deleted facebook almost year ago never looked back instagram next
3,latest tip trick paper li alainclasse thanks iifa rasputinish themathewlove
3,andree ac bonifacio facebook thank cleaningco good work
2,hi everyone got twitter account really tired facebook
2,facebook call liberal sanctioned chinese propaganda not since april today found alerted day suspension account deleted voiced support not organize fu zuckerpuck oann com facebook remov http co jmopq dwxl
1,check gig fiverr set impressive facebook business page fiverr com share ylzvqz
1,check amazing child product website darlyngandco com parent join private facebook group ift tt oiluig
3,cousin big mad facebook time not like term
0,cry treated not like go facebook go fix car whatever lot acting like victim fuck apology
3,st augustinesch bonkerscookery kerriefitzgibb emily enjoyed making posh sausage roll today live class bonkers cookery school facebook pic twitter com glsad oceu
1,nice not facebook anymore not say hate cuz tell latest drama like jeremy beuss skinny white as try spout correct gender role anti abortion woman health display internalized homophobia toxic masculinity
2,seen large sewer anti jewish hate not corner dark web facebook seen many ignorant people radicalised enough saying oppose meaningless not define call fb
3,nigga gettin slumped shit facebook
1,zoom accused lawsuit improperly sharing user data facebook thehill com policy technol
3,fun continues thank much tuning thursday awesome join tomorrow god willing another fun edition sunday church song facebook live pm special dedication mother well love see soon
2,big tech giant twitter facebook google must broken regulated proven corrupt propagandist control much powerful value liberal not control flow information look head integrity pic twitter com otvpzwevy
2,good thread somewhat analogous find hysteria covid contact tracing apps ironic people happily install social medium apps track manipulate least consistent threat modeling
3,week election pathetic something month leading election
3,todayshow facebook based info segment central time really informative useful practical information staying safe link twitter
3,thank everyone referred sylver lining whether friend family facebook group coworkers neighbour deck fence custom renovation much appreciated
1,offended many people facebook account jail
3,witnessing year old make facebook status full subtext family member friend called racist really sorry pic twitter com uwkb urk
3,watch recording facebook last night excellent senator ed markey survivor coronavirus show symptom cf facebook com edmarkeyforma
3,join stuff thing get get physical get physical make sure follow jpswitchmania hagensalley hawkhellfire awesome content
1,one friend p er nurse two word facebook post morning say everything ban firework
3,blew hour arguing abuse sympathizer facebook hate band dude let u throw entire scene away start
2,man fuck facebook not shit without seeing stuff like pic twitter com tygk jk
2,despise qanon nonsense dislike censorship even not get rid conspiracy theory suppressing grow facebook need counter false info documented fact
3,hey ugly shut
0,love turned sounding like hot new tv show
3,favourite thing one facebook group run wale online people post saying thanks add take right back thanks add know
1,thanks following snapstar twitter check facebook page see
3,let go lying say something afraid antifa keep giving
3,pardon swearing no longer available thing make feel like shit credit picture facebook fan page empaths old soul introvert facebook com
2,many ad
3,followed dm let least share facebook etc reggae magical
2,friend shared thinking lot conservative racist safe space facebook safe space simply necessary guess pic twitter com dypbknexz
2,facebook twitter disclose identity fake account owner trying defame maha govt ncp trendingscroll com facebook twitt
3,mrbeastyt hi dude wanted let know someone facebook using pic imitating also sending link people via private message assume scam love work big fan long time pic twitter com uwwpv xupn
3,vote leave campaign chief man behind brexit bus lie said leaving eu error read metro co uk man twitter twitter com metrouk facebook facebook com metrouk
3,omg goodbye philippine
2,left instagram no body show love left facebook not getting love no twitter still not show love
3,course sane american figured long time ago thank getting truthful fact
3,facebook friend still love smashing unfollow button one surprise share ron paul video
0,wow
3,indeed wake protect election
2,jeezus christ hate facebook
1,corporate boycott force
2,son told googled someone not facebook instagram mug shot thing could find first twitter account post baseball team picture dog rest screwed
2,
2,facebook real like background available not realize crime society
1,every time anyone like facebook page fascist loses wallet facebook com callingallastr
3,conservative value believe small government free market low tax property right constitutional right conservative value not believe calling people snowflake facebook year getting upset syrup company want not racist
0,facebook showed pic year ago one red backpack friend convinced go climb one highest mountain country quite experience never life traumatic exhausting jfc pic twitter com wbunxhldy
2,time year tell facebook kindly fuck pic twitter com lnrf wsz
2,facebook spent second day restricting sharing today account logged suddenly password not working oop well look disabled account
0,really enjoying facebook flashback recently remember time year ago outside
3,friendly facebook premium friendly app studio apk download postdaily net apk apps frien
2,success past came people not know single thing time go back audience done facebook not catering crowd anymore
3,hate facebook people
1,let talk tweet email facebook digging grave every idiotic word trump http co ogdlaz jny
1,facebook meme video done hipped going called felt like outside bro nigha shit weak
3,nice people life goldenbride net bit ly tsa ku instagram bit ly vo dk website bit ly bgof facebook
2,going go bn po stfu stop playing people good money always seeing as stupid as news something worthy way fuck facebook nobody care anymore
2,tired scrolling facebook
2,fucking facebook
3,ift tt fufaa neil patel waste lot money buying facebook fan no intention stopping part episode part waste day facebook fan not going stop neil patel neil patel new york
2,leaked memo excoriates
2,not way zuckerberg cut lincoln project saying trump helped wall street not main street main street got small amount already chosen arbiter truth accountable stop trying wiggle
2,great advice not believe anybody still using facebook zuckerberg bad putin
3,joined facebook group indoor gardening gardener soo precious
2,enjoyglobe get help around facebook twitter support account not responding
2,watching facebook
0,beverlycitizen ronald bellanti resident beverly work ground control organization founded drunk driving prevention campaign took facebook express deplorably racist violent view please help expose pic twitter com ritukem
1,new facebook update look like v weeb as think pic twitter com dahhgobhh
2,facebook exec joel kaplan using position flood platform pro trump disinformation hate speech let u stop sumof u ref
3,parent freak much someone not know add facebook
3,delete nasty android apps log google facebook account right bgr com
3,loser announce firing twitter instead ball say face face
2,many ad
3,got somebody panty facebook smh
0,short reminder competition end soon looking forward see picture irish flag bread please post comment section teagasc facebook post facebook com story php stor gu dh ort teagasc muirsegan cbteagasc benmurray
2,yet another comment facebook say not break standard apparently blatant racism acceptable pic twitter com qg tpifg
3,love without knowing even get free spin everyday game no deposit required register id maindulu com like u facebook instagram facebook bit ly oppaindfb instagram bit ly oppaindig
1,fox biz news facebook sued u federal court alleged anti competitive conduct pic twitter com av xjcnc
2,wife got moderated facebook posting go yankee post wtf
2,shut facebook account got glitch gone not need glitchy bullshit life fuck face
1,wtf generation whatsapp twitter facebook
2,even proud part learn visit stophateforprofit org http co yknz ml
0,thank youuu buzzfeed facebook
1,feel free follow u platform displayed youtube youtu ac gr facebook web facebook com destinylifechr twitter periscope twitter com dlcclagos audio mixlr com dlcclagos audio stream wonderful time god presence shalom
3,bundle new staycation inspired activity keep creative hols join u st natgalleriessco family facebook live take part make along saturday ow ly uyk av pf
1,house democrat say facebook amazon alphabet apple enjoy monopoly power recommend big change cnb cx gfvxq
3,someone flew nazi flag jewish presidential candidate rally friend facebook want keep dissecting bernie shameful campaign video
2,commerce giant along google apple facebook investigated potential violation u antitrust law bit ly hrysxl
1,new post several major io apps crashing launch due facebook sdk issue published winning brain winningbrain com ng several major
3,fat juicy son crackhead bitch go answer always mother
1,panic youtube panic facebook panic twitter really election tech overlord want people die tech overlord afraid not win intellectual debate
2,mark zuckerberg part problem long time along sheryl sandberg encouraged conspiracy theory george soros facebook fb never neutral platform consider zuckerberg stole idea fb initially used ridicule woman
3,kid crazy
2,fuck facebook ya stinkin as memory
3,
1,no exception politician policy announcing today world watching zuck bowing pressure facebook start labeling violating post politician critic say not enough washingtonpost com technology
2,hell facebook man pic twitter com mfab xqdst
2,apparently reason facebook fact checker censored actual statistical fact tuberculosis flu covid differ disease prevalence requiring different health response complete boll cks
2,stop wasting data twitter facebook instagram etc without paid get paid daily simple task social medium information app u
2,doctor simone gold fired hospital attending white coat summi youtu tyntvhygxii via youtube fucking facebook blocking youtube sharing twitter fucking amazing
3,wish trying sell harry style facebook advert fuck take two pic twitter com kt bcyfl
2,mtravanti think facebook not working tried message back
3,whenever feel bit low uncool club facebook group always manages cheer wonderful group human want join feel free everyone welcome facebook com group
3,ft freelance model mua stylist jewelry model cd dvd cover model black barbie coaching ill bring best facebook instagram com rawsahitp
2,facebook hub fake information
1,facebook slump saying ban new political add week presidential election businessinsider com facebook stock
3,creepy geek not intellectual property thief also acting like liberal facist
3,halloween died year facebook mom florida blame
3,
2,facebook crazy reason take account wait page fighting child human trafficking going
1,cmomaharashtra cmotamilnadu ind madrasbench cmo odisha asliambani matrixlabs not fraud buying rapid kid tell pay loan sold share facebook crore government need money tell pay bank debit time
2,guy elementary day pretty tough first ever edgy emo shirt owned mom mad ndjdjdkdkajsj hate facebook sometimes pic twitter com areqobyt
3,god bless truth teller
2,twitter place talking lie like facebook talking truth closed account pic twitter com xgkvpvfqek
3,daughter law posted facebook toxic person know quote dreamcatcher com daughter
3,join u live facebook today noon cst minute trauma informed yoga session led wonderful hanah grab mat comfortable clothes move u
1,almost facebook heard say hungry not make anything power outage every post ad kind food
2,rant furious joe scarborough call mark zuckerberg facebook danger democracy crook liar crooksandliars com furiou simply put joe right not fb tool saw moment launched
0,bad birthday not facebook probably not hear
3,epic understatement
3,white american facebook complaining coronavirus anxiety roof foreigner built different not even care
3,fuck build one quarantine
2,epoch time got tired advertising facebook seems sending printed propaganda directly home newsletter
3,cousin better not as bitch still not understand black people want police officer sucka shit ask also not give fuck dad officer either
0,time pm dose awesome animal voepanthers cincinnatizoo
1,fired facebook employee wrote scathing word memo detailing company failure stop political manipulation around world
1,praise shame facebook mockpaperscissors com pra
3,jonny kirwan performing careless live video facebook part two
1,uppolice sultanpurpolice varanasipolice spcrimeluckow lucknowpolice arun kumar tiwari u spreading hate nd high objectionable post prophet mohammad sir please take neccassry action facebook link facebook com arunkumar tiwa http co yybdqfcgqo
0,mute option turn back facebook messenger fkn funny
2,friend request facebook please stop not know people got one day not stop coming
3,jack assery finest
2,superbly put thank
3,banned day facebook waiting hour nalang para maka post react paita
3,bro abusive internet boyfriend used call stupid bitch whenever nigga used like pic facebook used beg not mad stupid bitch real
2,bravo better company sure
3,fan pro trump conspiracy theory clogging anti trafficking hotlines infiltrating facebook group raising false fear child exploitation nytimes com tec
3,mentioned facebook struggling motivation go run day translated tom great auntie hayley not get bed told grandma think lazy terrible person
1,love ya tune stream pm eastern time facebook com filsgaming hyped rts rexrts sgh rts zooretweets filsgaming retweetsgreasy callofduty playstation facebook
1,hate speech facebook pushing ethiopia dangerously close genocide vice vice com en u article
3,revising jordanli smith next
1,least fourth facebook friend fucking around facebook accidentally adding someone kind know add back reason
1,mama dog make sure puppy safe hiding hole ground facebook post man wanting give away dog nine puppy resulted community stepping save dog pawmygosh co nana nine pupp
1,entertainertoys hi placed order not turned zero customer service no receipt email no response facebook chat not offer customer support not sell stuff
3,favorite thing world seeing man assaulted show facebook tl charity work since
3,joebiden said antifa idea not organization property destruction violence committed meaningless distinction biden not want confront radical dems support antifa not fit lead america vote gop nytimes facebook pic twitter com xbuedopcrk
2,heard new majority stake holder twitter republican billionaire upset bias bought kick jackass similarly mark fb indian graveyard
2,facebook keep playing game page going dark anything new coming across people timeline not
2,twitter snap personal apps everything post snap story not goin facebook instagram story half shit post not goin facebook
1,called lapdhq brother town
1,saw comment facebook desk shield not complain ask protected ridiculous really think boe trying
1,lie cheat rape steal murder everything
1,thank continous support let u keep rockin happy follower u facebook page facebook com brightwinlocal
1,facebook ban political ad election bit ly lrfp
1,dumbass facebook trying say violence law enforcement minority nothing racism link ben sharpio video part argument perish whitey
0,exposure crystal clear everywhere greater move uplift artist label well ugobest music incredibly well aspect entertainment read facebook page facebook com ugobestmusic http co hyer elbb
1,amazon facebook salesforce stock fell today newsfeedback fool com joe tenebruso fool com headline dlvr rg lkw
1,uppolice someone hacked uncle facebook id requesting transfer money given phone number transfer money using google pay pic twitter com dnsrlcxka
0,hey facebook showed feed recently kudos finally putting fact checking people spread propaganda suggestion please make fact check article prominent not think noticing pic twitter com tjkijck
2,want know tell truth told facebook block twitter deletes youtube ban
2,tech issue delayed big tech hearing apple amazon google facebook awaited grilling breakingnewsonline info tech tech issue delayed big tech hearing apple amazon google facebook awaited grilling ironically tech issue momentarily delayed hea bit ly kiwitt http co wmpe pukm
1,momma account definitely something would smh
1,facebook reducing distribution hunter biden story geesh giuliani ron johnson need get lie order johnson said unmasking bigger scandal watergate go scandal century lie getting bigger bigger
3,got facebook group huhu no link op please not person pic twitter com ckgo aac
1,bitch page lurking tryna find hunching sus not facebook
1,way want close facebook not login apps
3,not wait ellenlikesbikes ahem jeremypowers like
1,fruitfulradio net follow u facebook facebook com fruitfulradious instagram com fruitfulradious
2,much hypocritical b facebook
1,bingo regular finding facebook requesting screeching lmaooo
1,facebook twitter google threaten suspend service pakistan gn ae
2,not going post everything activity facebook anymore not working cont tl gd srakom
2,facebook team put unjust wrongful ban account need fix
3,another reason qt superior
3,take shit facebook instagram nobody want hear fucking pussy please
1,facebook no not killing libra carmona mx fac
3,glad realtokyojetz made alota not even peep going viral facebook rapping car year back god good
3,wtf bakeeet
2,comment one group know facebook fundraising platform
2,never witnessed much infringement right others seen twitter facebook censoring discriminating right people violating shameful
3,blocked guy facebook went couple date four year ago constantly leaf annoying comment post productive thing done isolation far recommend
3,going say twice please emphasize along reporting acc not condone bullying guy important since identity acutally going blowing mean people dumb stuff report
3,twitter twittersupport twittersafety employee group demon no conscience
1,messing wrong one pastor mental breakdown facebook live someone called go shr lc awzu via worldstar
0,love
3,oppopakistan best
3,oh tiktok video not facebook not youtube fuck matter say two kid found dead body clickbaiting troll
0,new episode drop today always thank everyone support really appreciate love receive like comment follows social facebook instagram really help pic twitter com mcgptlss
1,showed facebook memory year ago got love life really rare speechless tpd ross pic twitter com vg xia rz
2,amount racist scv people facebook threatening shoot anyone dare fight racism precious predominantly white town disgust protesting not keep letting people like think superior okay
2,twitter facebook hypocritical cowardly trump support shitstains bombshell report facebook known fomenting extremism year refuse stop mediamatters org facebook bomb
3,bunch people facebook sharing hru post year ago steve eliott saying everyone think cheating good like not get caught blatantly cheating year later pic twitter com fgkdbialpc
2,three version wtf
1,independent facebook fact checker exposed partisan smear factory packed cnn alumnus rt usa news rt com usa lea
1,brain bring back embarrassing memory th grade making sign saying not come practicing singing taped door mom took picture put facebook friend kept asking sing hate
1,coworker got vaccine cured like half people coronavirus no not coworker dude friend posted facebook http co ecff hxfwm
3,omg new coffee shop near wanting try posted facebook changed not care political belief never ok say glad someone finally bitten rbg
1,woops made bunch boomer men mad facebook lmfaoooo pic twitter com yijbzv f
1,beautiful facebook ugly real life arrested misleading public pic twitter com f vsbuq
3,going act like see
1,newsjacking proven great way marketer promote reinforce brand message week seen wasymphony go viral youtube com watch yjhe
1,grandparent blocked whole family facebook said insulted trump
2,best thing could done
3,thought generation agreed make fun people share unsubstantiated facebook post fact not start disappointed pic twitter com idesf ehrn
0,made day
2,tell something really trigger thought brain observational positive negative leave comment facebook facebook death
2,fact mark zuckerberg back trump fight twitter seriously making debate deleting facebook
1,microsoft tiktok could bring numerous problem plaguing facebook twitter year technews skmtech website
1,connected ftc eye facebook antitrust lawsuit ift tt mnwk
2,maaaaaannnnnnnnn wtf going facebook pic twitter com qy wnlra
3,ever hook someone phone went stopped answered wild shit man
1,also shared cureleukaemia currently view twitter facebook combined wow thanks everyone
1,mask austria payed advertising facebook u embassy vienna month late seems no medium reported b went facebook pic twitter com uuea xfo
1,thought wish ad bad started getting ad bizarre kickstarters facebook instagram pic twitter com iq
1,get sacked labourpress jeremycorbyn cruel hating borisjohnson prof point twitter twittersupport facebook duty respect pm right recover without death wish piersmorgan say something please stop hate pm
0,know social movement nice vintage rad tech shirt bring people together certain much easier organize day thanks social medium facebook particular people put contact easier cheaper faster
2,saying u social medium stop complaining government app tacking u sorry no many u not aware facebook rest selling detail late liberal go th hell
2,shenanigan fb need regulated people believe everything say publish
1,no youtube no facebook no instagram china china saying india vialoted wto rule chinadaily narendramodi
1,killed police firing bengaluru amid violence facebook post mvpnews killed po
1,facebook jail literally nothin not even tell got reported
1,trying search cheap ttrpg shit facebook marketplace finding nothing ad actual nissan pathfinder
1,dmmuzaffarnagar magistrate city muzafarnagarpol person per facebook profile muzaffarnagar posted really bad thing hindu god please take immediate cognizance take punitive action facebook com uvaish ali http co uo sddstfl
1,sad post friend wollaton park facebook wollypark wordpress com
3,truly love spend time boy friend crazy stuff memory unforgettable
1,people keep asking general public allowed thing nobody know allows know facebook moron share unwanted opinion fucking wait update
0,good
1,not sleep random facebook article not care hour ago kylie jenner dealing troll calling ugly http co cvzgcozdee
2,june facebook coward
3,shocked majority people facebook actually thought pub would opening would go straight back normal
2,still getting poked facebook
3,got added private facebook group people last name looking connect glad know far biggest disappointment family
2,facebook remove viral video exposing bjp nirbhikuttor official page right bjp whatsapp group announces report conspiracy killed journalism please help u breath fight truth naukarshah reallyswara anuragkashyap pic twitter com ur gq qwqm
1,back later know upset sad evan vlad something like craig going block facebook not mine
1,someone shared facebook come find original gem
2,deactivate facebook shit not mean no good fr
2,facebook allowing
1,aww never knew twitter launch balloon across screen birthday cool thank message much appreciated shared picture earlier facebook part celebration cover art new poetry book pic twitter com folcuxsv
1,stained glass facebook account already like thankful
0,hahaha cute
0,interested
3,http www boredpanda com artwork steal aaron carter promote clothing brand jonas jodicke utm source facebook utm medium social utm campaign bpfacebook kathygriffin read kathy aaroncarter pure asshole
0,facebook always remind problem today not even matter month year
2,stupidity
2,facebook really gone full retard whole verify account mobile number not send code said number like need phone use fucking email honestly app trash
2,stop facebook creating hiding place child abuser activist com page pet http co avl tdlo
1,pyd award grand prix not award director papaya young director th edition competing grand finale director best film category awarded cash prize special award founded facebook pic twitter com lffk lh
3,bf also situation like ye end love nasi goreng keripik tempe
3,lucky enough david attenborough lecturer university good see people coming together teach kid not school
1,sad day tab drinker coke stopping production tab december tab go beverage decade make transition coke zero store not care anymore via facebook ift tt gel http co lt ubzhz
1,someone hack mom phone delete whatsapp facebook woman trying feed raw garlic keep corona away
1,lol facebook blocking link negative website
2,facebook annoying thing ever made reason one family know still alive not want calling
1,eye deceive man say feel tension white every day way job facebook profile pic twitter com mdckbnknfl
1,violent racist post found facebook group administered florida county commissioner repuublican candidate newsbreakapp com pfolpsp
3,facebook user really allergic reading date article share lol
3,brb cry simeon luke cute
2,conservative money spend million ad spread hate fear misinformation facebook becomes arm republican party
1,irls really think george floyd something wrong wrote whole post facebook black life matter not want friend racist people swear not know racist feel bad knowing
1,congratulation nominee including leader amy hall award excellence nomination th annual
2,scared open facebook right
0,love facebook marketplace pic twitter com rwozkdxux
3,worst fit seen entire life
1,sad think yo not album upon album picture friend taken point shoot chilling facebook year anymore
3,want dirtibook com
1,still people facebook whining not able go church summer vacation decided virus life one matter pray house set beach chair porch put mask idc
2,deleted sister facebook no one safe racist
0,awwww
2,no regard human life
2,found facebook fucking losing shit pic twitter com bgobvwc w
3,real tear
2,fact racist run amuck facebook let smh
2,made twitter facebook damn
1,lmao literally expose facebook
3,lockdown elusively cry salary even lockdown
2,facebook broken justice point facebook stock going worthless
3,fucking government not censoring people twitter agreed term service literally agreed censorship suppression government literally silenced post read fucking law
1,used play farmville facebook want farmer know misled
3,not mind adding people facebook guess got screen fuck dude calling sex worker lazy selling nude instead getting real job fuck use body earn money degree judgemental dick
3,twice stay winning pic twitter com dr hmrox
1,facebook slap warning label rnc video left wing anarchist unveils new policy foxnews com politics faceb
1,great news newest episode swbpc virtual learning series live facebook page youtube channel
2,facebook avatar feature already annoying thing ever
0,sound like whole heap fun
3,fucking facebook comment pic twitter com pek xqmcqz
2,agree brittany kaiser micro targeting facebook immense problem u election
2,twitter full soulless entity facebook play video game addicted weed
0,still favourite account
1,bjp bengal rimjhim mitra making misleading post facebook wbpolice kolkatapolice please look take appropriate action link facebook com po http co blizxnyoif
1,people get brave behind keyboard real life facebook wall created kenosha protester disturbing post msn com en u bb
2,facebook trying recover since day not recover account phone numbr time tried recover trusted friend submit friend code not got recovery facebook profile link facebook com rupak chhatui
1,today day celebrate moving naturally join u facebook live morning bit ly agny http co oubvqbi zi
3,hope right would awesome daily free press ralleys tv stopped never forget morning expected see madame president instead saw trump utterly ugly face got sick still
3,holy freaking shit beatleslisa
1,guy literally sent friend request facebook bio read racist hitler cool reported blocked
3,feel like good excuse remind wharton kindly put together handful question book group discussing finer thing david wharton com book group
2,glad never joined facebook
1,
1,billionaire demand facebook reveal placed scam bitcoin ad cointelegraph zla biz billionaire de
2,facebook losing boycott battle flip tdfh
0,looking facebook memory saw today andrewmayne good memory right pic twitter com djimt rp
3,would banned
1,always keep reading reading always popping inbox illuminati member facebook twitter warning citizen illuminati illuminati mem via illuminatiam
1,facebook employee reportedly feel guilty company not fix known security risk fast enough prevent biggest data breach ever businessinsider com facebook emplo via businessinsider
1,know facebook comment never look reaction story sotlive facebook page shocking portrayal area paper online audience need fixing martintideswell
2,fact not speak freely big tech site gross violation human right freedom speech
1,excited announce new guest artist saturday concert american soprano rachel elezi saturday th pm london bst king queen song aria classical music royal family youtube youtube com watch sanpib facebook facebook com jezziii video http co tedkwqmpyq
2,face watching facebook mess
1,screenwriter chat woodsholefilmfestival went great hear say work go wood hole film festival facebook page honor part thank
3,omg never thought people could go disgusting level call pig insult pig
2,obvious bias social medium giant florida man sentenced threat christian organization facebook tech giant ignored post foxnews com u facebook de
1,bad mood today hear racist yesterday dog trained word call intense experience read transphobic garbage facebook morning turned tv donald trump
2,twitter facebook place share information thought heard no place platform silence people law not abided violate st amendment crime penalty
2,criminal indeed
1,like parent friend reply political facebook rant telling run office madam post as
3,friend facebook upset governor ruled garden center big box store not open oh sorry not buy impatiens
3,fear prime
3,know love scottymccreery best
2,leave ugly as picture facebook
1,not care facebook factchecking disarray journalist push cut tie theguardian com technology
2,facebook admits failing emotion manipulation study short apologising controversial experiment conducted year june site criticised manipulating news feed nearly user without consent
1,facebook fired employee collected evidence right wing page getting preferential treatment think headed problematic scenario facebook going used aggressively undermine legitimacy u election buzzfeednews com article craigs
1,hi would like apologize people unfriended unfollowed facebook instagram still connected person whenever would see post regard person trauma kick save apology
1,delicious puerto rican food youtube youtube com channel uccq facebook facebook com lacocinabori
1,administrator coach athletic trainer joined afternoon zoom meeting hundred joining facebook live proud part cccaasports family county show much support student athlete
2,thing care less right fucking facebook employee feel company aiding fascism
1,get amazing dropshipping video ad really sell facebook instagram click bit ly lf rt please
1,version show love spent yesterday afternoon recording full video igtv facebook enjoy xx http co tu ytpj
1,cpmumbaipolice bollywood gang abusing woman action taken mumbai police chttps www facebook com isupportrss video extid ruicywrq izbrqh vh
1,update chase emailed anonymous email telling close friend showed facebook post not know asked take another outreach random email not also creepy no not taking
1,today testing face mask sample received origin sell cute little brush use applying cream facebook mask honestly little excited
3,good catch disgusting trump belong racist realdonaldtrump donaldjtrumpjr ivankatrump erictrump
2,say like bad thing
2,disgusting call asshole
1,facebook banning page support crimethinc com digital censorship come nl crimethinc com
1,facebook google backed firm objecting apple new warning user tracking newsclock co uk tech facebook
2,facebook boycott major corporation demand social medium censorship theblaze theblaze com glenn radio fa
3,government say people died despite figure morning death
2,omg hate facebook people literally fucking ignorant insane
2,chaos almost always getting facebook argument leaving mean note
3,one major problem nigeria world today cultism nothing soon child not able walk freely let u share idea cub join group let u teach ahttps www facebook com group ref share
2,trump going shopping class action lawsuit facebook google twitter youtube
1,meet together beautiful hair info see detail link join facebook group learn hair inspiration link check bit ly dubpx http co myhcz ew
3,silv elizabeth got boyfriend stopped tagging sullivan king facebook group post wow wow
2,going facebook first thing morning always risk
1,blood hand whistleblower say facebook ignored global political manipulation buzzfeednews com article craigs via craigsilverman
1,welp fuck news someone saw complain facebook covid procedure university sent assoc vice provost dean student office university said avp emailed regard post say angry would vast understatement
1,facebook ban antifa violence inciting militia organization qanon link theepochtimes com mkt app facebo download app read free ept m downloadapp
1,awesome hope know let u spread love instagram ift tt ke get best design ift tt hvhf reliable online store ift tt xxl like follow facebook page ift tt zien
0,sooo guess came facebook like actually feel good
1,people smoke roll ups sharing fake news article facebook wearing mask shop lead lung problem mad
1,sorry tech difficulty phoenixvillecbc morning obsproject free platform issue replay stream live pm tune facebook youtube channel phoenixvillechurch com click livestream top http co wst xytv
1,saw post facebook acne weird make feel bad try hard take care skin still really bad acne wow not believe going spend valentine day insecure bcs obviously single not sad enough pic twitter com cv rci aua
2,course real solution moving new better alternative social medium platform u conservative soon also going destroy twitter facebook bankrupt owner repeal flood lawsuit payback bitch
2,knew facebook evil website fucking felt shit since bro deleting
2,hey another warning fake account social medium twitter instagram facebook russellcrowe blue verification tick no secret account no google hang block report sad pathetic tweet twat pic twitter com rm icgk
3,struggle ajplascencia gonzalez
1,check facebook see
2,reason not go near facebook twitter com realdonaldtrum
1,mean lot people keep bugging ship lately facebook instagram especially notps need explanation not ship
3,speakerpelosi interesting
1,fraud online site keveshop com also victim came different name choice cart facebook delhipolice jagograhakjago consumerreports please help get money back
3,look good
2,useless innovation manager facebook
2,hateful extremist
3,help win awesome competition maxoak fan instagram maxoakdirect facebook maxoak fan twitter wn nr yv hkb
1,thejuanwilliams foxnews stupid basic fact facebook twitter not private company
2,one got work facebook page banned damn hater mind
1,never understand people sell dirty crusty stained item facebook stop lazy wash shit
2,omg deactivated facebook account stop making big deal lmao
1,suppose cisagov facebook trying bring facebook com cisa
3,holiday season drunk driving death concerning gta police madd tinyurl com udkj http co xrlknzl
2,rockstar really milked gta fucking generation console shit playstation nina started developing gta
2,gta rp trash no one wanted help
2,hahah gta shit
3,covid came gta lockdown measure mandated real estate industry less ground halt find became toronto real estate transaction progress pandemic struck today blog bit ly dbvqcg http co dwatqcndbv
0,used fm radio station lit
2,sudden gta not fun anymore literally real life
2,false not even funny lmao
3,good video learn download gta smartphone youtu hhdnhlrqvuo
2,rockstarsupport issue gta online vehicle request keep saying delivery progress vehicle including like avenger etc fix
0,grand theft auto eu good price com quicksellgta
2,bro not care gta release fuck man gta someshit many time release gta
0,suarez either grand theft auto wasted screen mortal kombat announcer saying fatality excellent add ons end jd clip
0,think awesome would die gta style drive mountain yop car anyone want try sometime
2,open gta san andreas make better animation minute right
0,gta much fun def not cup tea beginning sold stealing car shooting hoe got pretty good crew going therealvondroid roadsidedown noob salad going playing stream sat
1,looking cute gta though pic twitter com oyynrcps
1,really worth getting grand theft auto epic game store free
3,want one good friend gta mission fake
3,leaked fifa gta gameplay open link leaked nude photo lana rhoades riley reid abella danger mia malkova eva elfie brandi love mia khalifa atumn fall nicole aniston lena paul elsa jean harry style john cena bts zsmitty zoe laverne bit ly jxt
0,yeah fun
0,enjoy killing people gta
3,quibi officially shut jared leto grand theft auto joker snyder cut orange ck muppet telling people vote not listen scientist mercury retrograde popping right
0,awe
3,bos abeg commot nigeria joor country not fit abeg leave nigeria problem alone get back uk
3,playing malykaii malykhigh gta shit
1,thinking killed friend funny gta not realize killed would get money accidentally took heist money
3,oh boy oh boy oh boy excited see new red dead online content pic twitter com qvwg vsnjn
3,spotted car confederate flag roof people want think say white supremacy racism nonexistent gta
0,trash fun
0,no lie sound like great idea lmaoo
2,dave fact suffered collapsed lung no reason happens people habs supporter montreal canadiens nhl team absolute fanatic dark crystal worked gta hated experience click every finger hand
3,someone called gta slum ontario else think xenophobic racist white man
2,rockstarsupport hi screen name zen tanka grand theft auto online bought whale cash card th april not received bonus yet day andover hour
1,nigga said fuck silver car
0,hilarious fuck
3,typicalgamer hay bro bin watching vids seance gta miss vids want say best man keep good work
3,thinkin gta stripper right suck dick
0,wow si
2,well forecast busted hard warm air handily hit dry slot effect meant no precipitation change occurred
0,best gta session ever history gta
3,whoever vandalizing speed camera around gta truly lord work thank service
3,first one look like shit see horror film second one look like sim looking gta character as third one look like scream get country fourth one look like demand manager slap coloured person
2,started making shit like stopped playing gta
3,doose loose amazing stream back played gta boy sent love onto mrpipdarty go check remember doose pic twitter com kkdnynlc
0,get freaky gta bmx bike store playstation com
1,got bullied gta today twitch tv merryiell clip
3,step future beautiful lacquer finish bed led lighting
2,gta vr made want throw body not ready
3,want talk gaming culture far right terrorism agree lot brutal stuff like call duty gta leave lasting impression people met best friend gaming no mean far right terrorist
3,liked youtube gta online fan youtube com watch qwx
3,bitch got blow phone like gta online
2,thought game damn near done wtf going
3,dream girlfriend got married rthen drive home fuckin vw bus hippie dude montage bus blocking lane going hill no road fuckin plowin thru shit singin like grand theft auto
3,alan grand theft auto wake never done crime whole life
0,not wait gta british edition come look realistic pic twitter com wxqxhjq jj
0,cultureofgaming com activiti gta fantastic game introduced ton new feature series feature game mode want gta vi
0,know shit hitting start jamming gta opening music
3,guy one best content creator know different unique watch
1,taking small break osu gta vice city san andreas osu fucking suck not played game year
3,coincidence gun crime occur gta surge african immigrant
3,giving homeless people gta sharkcards bless
1,mag dumped straight hell gta lspdfr
1,
3,last one tell u main thing know alleged anti trafficking group next line anti crime group blaming grand theft auto
2,maxwell
3,love nintendo switch portable case gamersboss com nintendo switc
3,captain marvel great warrior bio tell adventure captain marvel responsibility responsibility later go play grand theft auto vice city
2,wow franklin gta really kind get completely screwed not not notice first time played bad feel getting involved michael trevor crazy bullshit
0,thank fuck
0,dang missed
3,lmfaooooooo would flipped dumb as
3,everyday gpsmedia member working hard keep city safe
0,love gta san andreas red death redemption also still old p slim would love get please
3,go fart fart fart fart fart fart inaudible noise fart fart bruhhhhhh fart fart fart gta pickle rick mod
0,watching desperate housewife playing gta beautiful combo
2,still not knowing wtf going gta
0,nice
3,enjoyable part whole concert taeyong gta live yellow jacket red velvet cameo
0,got gta iv target fun
1,grand theft auto iv pic twitter com vibts xpwk
2,rockstargames facking glitch gta night club van not destroy something shit get lobby
1,need know not find online gta online swearing gta
3,toronto art culture capital canada no wonder want start planning sure check gta real estate market report fall info need finally make move blog remax ca toronto housin twitter com kevinyoufool
2,thankyou gta prep work time row still not able complete prep work rockstargames pic twitter com zzvfsrhewg
3,really sat casino gta hour last night therealtb illegalupdog degenerate shit
2,sad got point say anyone say gta look crazy get life stop saying everything happens real life comparing video game not even sad piece shit people lady got hit car lost life show respect could
2,not stand as omg
3,probably best gta mod
2,random shit
3,lagtvmb tribute blue gta incredible chill thanks man missed
2,rockstargames screen minute trying sell lockup gta idea pic twitter com feirjvaezh
1,skxve party bus gta roof song cop siren came pulled minigun said clop fuck smth like
3,interesting insight torstar ceo john boynton acquisition implication short long term great read gta beyond ow ly xpvt ztqbf
3,wtf think living gta something
3,bigwig mall gta need held accountable making thing unbearable like air no air circulation not good especially pandemic going
0,shit guess time play
3,ultimate pruning machine stihlusa gta bar chain super lightweight making perfect landscaper homeowner looking smaller machine v manually trimming instagram com nelb eg
3,mrmarlins live watchmixer playing grand theft auto stream title pushing follower drop join community follower mixer com mrmarlins
3,alfa romeo celebrates year hp giulia gta gtam bit ly piau http co zctutwiz
0,five best gta video game play android io proper
3,xbox not like anymore last one gta came lmaoaoao
1,hollywood fucking hill bruh cj gta san andreas done robbing someone lived definitely set smdh
3,fucking hate fresno driver god mf think driving real life gta literally rather crash trying merge lane wait rd time week almost getting accident like tuesday
2,police always bad guy om grand theft auto ex david
3,give gta liked comment
2,rockstarsupport problem gta pc infinite loading screen no clue like month resulted not able play gta
0,dear microsoft sony would really appreciate could expand crossplay mode fifa gta gr break point siege division sincerely gilyann
3,game industry worse film industry creating new aaa content ip sequel u
3,everything better black
2,cry hard right
0,rockstar north creator biggest video game franchise ever grand theft auto scottish fucking cool
2,making shit
3,thanks everyone voted decide next single player game stream amazing gta classic starting vice city finishing san andreas sort schedule next week
3,na pc come vibe messing around gta twitter twitch tv milzzz ttd
0,fun feel like causing mayhem tryna hop
0,saying funniest shit
3,word gratitude trevorphilipsstanaccount love gta tumblr fandom particular creating talented beautiful artistic material fanfics interesting deep debate complex rich study tmblr co aepwyrtevy
3,look like failed move way moving vehicle clearly right way injury stupidity
0,best gta moment ever pic twitter com yxr rn zr
0,guess became youtuber fun making gta episode expect least view video august youtube com watch rwiti
2,dead as bro
2,miss playing game online gta confusing asf
1,p savewizard cheat gta not work newest version chance could updated
2,sorry not idea going post lately fun playing rdr got say better since gta much
3,greenmangaming stunt xd
3,face christianity lmfao no shade not take serious ass need donating tithe offering free brother sister fighting front lion joke
2,glitch gta pic twitter com iti sczsoj
1,man gta shit lol
3,usps fan love poster add fascism challenge not stop usps news yahoo com usps fan lovi
3,helping bro decided give okamicaln something special cool dude lovely friend hang stay awesome man gta iv playboy penthouse open dlab com project
2,fuck shit game gta spent car get blown insurance didint work
0,gta living best fucking life
3,xbox one played countless hour gta online view stunning playing pc lately tried xbox swear like graphic throttled like shit
3,thing happening rdr except kill everyone see fuck save slot
3,never understand people gta either join start heist start leave
1,check googliman car mod first upload gpm white red version redneck amazing ambulance amazing livery avaialble download gtapolicemods com index php fil
3,omg guess famous friend used dahye gta video go watch igtv instagram com tv cak pepfefq really great vid way love gta http co wctcuqz ik
2,rockstarsupport hello please help gta online error sent ticket number today game frozen loading returning game casino heist setup completely disappeared not started please help restore
3,mood cuz really sick seeing fake gta vids
3,epicgames really trolling put gta free not expand amount ip server handle download
2,man put support ticket rockstar not stay connected gta online closed without even responding
0,cool
0,no wait think gta sound best simply homo burger
3,beep boop joshimuz went live grand theft auto san andreas ift tt mrlbcq
2,gta go away already sick seeing ad
2,fix error new gta update
3,knew could not trust friend cut mfker never returning gta san andreas
2,rockstargames user prompt deleting vehicle full garage replaced relocation currently stored vehicle want car fully upgraded vacca back disappointed taking long break gta five car not returned please
0,started getting back gta online god rockstar incredible taste music going need play game keep radio
3,year ago princess pop blessed u iconic line music britney bitch give mord lead single bible pop fun fact song featured gta radio http co sozwrbase
1,grand theft auto hijacked entertainment industry thepoliticalwarroom com grand thef http co jrgou
0,new gta game looking real
3,neph sooooo mad die gta
3,hacker hacked gta big fucking horse cock pic twitter com el nug
3,could not hear well fancams tys gta verse sick
0,southofthe ix saw flight simulator abc like know going go play gta sudden came across spot like wow hour week however game bball progress future hole ever
3,playstation blessed u two great game coming u free
0,let u get cracking like gta nigga talk shit going rob today
0,dream fill lobby gta iv online last night reached player awesome logging pm uk time want play u add gfwl mrrobert also join discord notification playing pic twitter com lgnjlqb st
3,watch dog copy gta driving lagged poorly optimised character plain boring wrench sitara ok though disproportionate enemy ai response hacking mechanic mission repetitive stealth kill hack shooting not worth
3,happy monday
2,rockstarsupport hi playstation player time money gta online wiped not please rebalance
0,grand theft auto diorama slay brain
1,grand theft auto pr
0,really forgot fun gta
3,amount people asking money drop modders gta online pc hilarious show lazy people
0,gta online player jet crash landing could not perfect screen rant latesttoday news tec
2,damn
2,bro went fucking flying holy shit
0,tried gta bloody expansive nice road detail incl camber bump dip could not stand min flat mode wait vr patch epic game store version huge world demanding
2,heard gta radio fck dirty grimy youtube com watch rivfcw
3,think hurt eont fallow
1,rip gta cop get dead bored pic twitter com kxkgdirufy
2,speaking gta gta randomly freeze rendering something causing freeze
1,maybe
3,tell affect people view sex worker not gang violence murder etc sex worker not even big part murdering people gang activity drug realted crime twitter com dabi hawk sta
1,kill one time
2,game shamble first game gta day know one person lobby diamond also getting awful kid like csensy team
0,thinking gta iv recently banging game one best theme song game
3,never forget found people also wrote cheat code gta san andreas piece paper became huge cult fan thing like og grade could never imagined would part something epic like
3,guy driving round keeling entire game finally crash
3,myl sb ck remembered made tweet said going soon lol took longer expected bad twitter com myl sb ck stat http co tpuaicdems
2,gta nigga trash
2,xbox live account got suspended kid killed gta messaged called scrub messaged back gay lol
0,sound good
2,bro booted gta went store bitch still loading
2,rockstarsupport not join mate lobby gta online pc issue service
3,make fun one brown boy gta come rest pack kumon centre
3,kid bad gta make want aneurysm
2,not enjoy gta game not fun fun
2,cod gon take long hell download bout fuck wit gta
2,swear bro gta made no innovation game almost gon backwards like san andreas country vega area map significantly smaller yet feel way bigger map boring
0,grand theft auto educational
3,sale pontiac firebird trans gta ebay com itm ponti
2,call bullshit grand theft auto video game grand theft auto
0,another luxury car gta
2,playing game seven year sick
3,got called attack helicopter tik tok kid follower post gta
0,bored wit safcom unreliable always point decided restart gta game still really good
1,ridicule
0,no better feeling killing person killed gta
0,best shit since florida boy gta goddamn mrap horse
3,fact motherboard graphic handle gta stroke sandstorm
0,gta online one heck game best game ever
2,mad rockstar not making damn gta mean get p buy gta like fuck
3,really love look today feel
3,check pretty awesome
1,brother playing gta police called apple said oh yea bout kill
3,swear thought gta clip holy crap
3,extremely grateful gta community hitting milestone
0,creativity
0,khanjali best tank gta online pic twitter com pnixqfsbev
1,grand theft auto gta thief came stole billion dollar weather changing van keanu reef guidance george mellody lucas name tony stitched shirt stole van using keanu reef archer towing truck god know pic twitter com jtlp kglow
3,wentz not back nd half turning shit hoppin gta
2,fucking gta arrest worse cop lynched black man camera right
3,matttaylorvii terrible time xbox fan
1,
0,omfg used play shit
2,entire country russia poorly programmed modded gta game not convince otherwise
1,
0,lmao underrated
0,gta come sure buying right away gta online much fun
1,not gta kicked inactivity
2,shut not hard
3,gta thankful hon ble chief minister sikkim shri golayps giving utmost priority issue allowing vehicular movement
0,inspired demolitionranch gold ak decided hold tint ak granted gta online ak still look amazing
2,gta one worst non violent crime experience like not imagine wave pain stress someone take whole shit charger spare napkin sauce everything poof gone
2,rockstargames veteran gta year absolutely lov game really really really need sort game hard
3,eventually student teacher staff member die contracting covid school lecce dangerously close blood hand
2,rockstarsupport installation problem gta finished downloading game open gta say installing game blocked someone help
3,receiving best coverage award significant achievement said roland certeza gta president ceo guampdn com story money
3,might need business lawyer business threatened lawsuit
0,gta vice city story good wish psp experience game
2,wha fuck bloke nut
0,fricking time
3,hey single lady drive unreliable hyundai cw elantra touring diesel share shitty miata na hyundai hp auto comfort got bangin speaker comfy seat plenty space back yep
2,p console getting tired deleted everything playstation keep popping want know everything guy provide still come plz help fix problem want play gta already stop help pic twitter com efwtbtg
2,already worked way year ago gta boring stale
0,funnyaksksjwj
1,straight gta shit right
0,bought gta lit
1,ever learn code model want make horror platformer look like made p era gta san andreas game time always made feel like hiding within actually scary
0,love gta way
3,literally gta real life
1,busted
3,brother not play gta blew car pic twitter com psjmgzo pb
3,thanks mention dragonesacecho
2,azumanga daioh gta vice city ruined entire generation men
0,not wait hear word femboy gta
2,not playing gta no shit done
1,grand theft auto vice city loose end p youtu tvdwipwlzxm youtube
3,cop ran crowd peaceful protester blind not see shit
0,manipulating overly emotional genius lol
3,not notice pay close attention actually hear music headphone also itsayane never
0,want shit
2,welp gta iv still kind run like trash pic twitter com etnwly jyq
3,hey twitter know gta online use curse word text messaging app not allow send not want people using word stop people not want u curse put algorithm
0,gacha luck gta car roulette thing week playing
2,hate shit
2,worst thing ever come gta history
0,hella good option loved game got go gta pic twitter com dcutj qa
0,good fucking day today happy back gta rp tomorrow
2,fact nothing opening back gta scam mad
3,yooooooooooooooooo fucking ops think gta real da steam roll hundred people no sympathy cop anymore fucking ridiculous
2,bitch fuck
0,rockstargames heard gta pc going xbox server best way combine game fun crossplay
1,big bertha not impressed
0,want see fav videogame saga grow gta
2,gta shit
2,holy shit
2,real chicken got gta shit
3,great update discussion earlier today townofnewmarket economic development business breakfast job growth innovation transit investment vertical growth housing option leveraging one
3,good morning
0,nice game bro
0,not played gta longgggg miss
1,switch franklin gta not got like hood gone love
1,hop beat as every time
0,
0,love playing gta cod always fun
2,rockstargames trying get gta working say not make social club account not access support without logging social club account happening
0,want gta mechanic bad
1,omo way dey abuse car gta no hear see destroy lambo
3,hears gta free epic game store okay guess load egs also ffs forgot shit client client spanish despite saying english client always slow everything pic twitter com swvnoh fv
0,got perfect body
1,vehicle comet sport car grand theft auto
3,please love god stop spreading virus not following guideline
3,gta online people crazy
0,american dream trophy grand theft auto truetrophy pt truetrophies com gamer vicasir
0,no would like write essay think ending gta lowkey not right ending good ending love make happy get along end ooh love found family love
2,trevor driving skill mad
3,powerful console lol
3,day ya boy not sure much gta could play controller getting worn like patience send help pls no never mind stay back
0,star mental introspection gta online character gta stuff really proud piece actually easter egg artwork want discover end find small video instagram com fi lhlspf
2,no money gta fuckin waste time
0,enjoy running red light killing people no reason kill
0,epic store hahahah gta killed
0,beaten gta online saved enough buy room casino log day collect free prize sometimes give mil logging take minute slowly buying every property game pool side
3,breaking bad giving red dead redemption gta vibe
0,like gta master formel formula one
2,rockstar making much money shark card not fixing stop shit never getting gta
0,finally p vita gta game play really well completely forgot water basically acid gta lmao thanks rinnegatamante theflow amazing port
0,excited start playing trevor gta although really enjoy playing franklin already
3,fabulous self portrait rysykartist site grade student
0,looked pretty cool
1,dumbass outfit made gta lol tan jogger black duffel bag pic twitter com pf orzcur
2,rockstargames hell gta online still fucking broken
1,people killed michael trevor end gta probably hooligan shenanigan right
2,roll play yo tired fuck gta vi
2,lmfaoooooo gta shit
3,lean door glancing screen gta huh absolutely shit game wondering could come catch
0,like real life
1,nigga driving dumb fast trynna show go giddy as passenger seat like not die
0,gta finest
3,got love perennial herb good news come back even local growing zone
2,oh shit got day finish fuk
0,gta casino car called terrible lol
2,guy tell rumour grand thief auto vi released incompletely totally want release incomplete version beta
0,woah
0,gta live telugu much fun krishnajo live
3,com site trash search gta no pc game google find site not cdkeys go
1,man pain
2,no remastered version xbox one disgusting
2,aswr bastard not shoot target even drive five
1,youtube com watch rbrx new gta content like discovering new business tactic strategy click link like video much love thank guy
1,yo live hour gta stream stealing car heisting later whole gang twitch tv tv twitch tv tv twitch tv tv http co nhn nhiual
3,momon
0,shit mad fun
2,fucked true
1,not mind waiting gta mean no crunch developer way talking gon release bullshit dlc u death not want
3,best gaming pc build pubg fps gta fps youtu dek fjls via youtube
1,not mean shit gta online unless tdm player say freemode blow player kill jet vehicle farming kill tdm count towards thus lowering
3,toronto homicide year recently male female toronto city population million homicide suburb population million homicide gta population million homicide total ytd homicidecanada com toronto
1,mori
2,real hated stupid cop
1,gta online update june july timeframe cop robber book
0,holy shit not even play cod shit literally game play gta time become gta pro player
3,ok actually good thread not like tweet went got upset something character punch hole wall fiction affecting reality
1,thought dis nigga meant as
3,wake theestallion playing gta happy sunday funday
2,wtf going onnnnn
2,liked gta ok til went pet cute cat character stomped death instead not mean kill mr fluffykins
2,come literally nothing cute gta online no cute car no cute clothing no cute anything not even matte pink car color gross pink
0,wow sold crate last night
2,rockstargames done game gta stolen another car first progen pr komoda sultan classic day done either return car uninstalling game
2,rockstarsupport keep connection problem gta online p not internet
3,across gta single family home turning multi suite property benefit would think learn could benefit issuu com homespublishin http co ixiowdkbip
3,saw brilliant production negro coming directed pieceofminearts beyondwallstpm unapologetic artistic expression blackness canadian gta context pointed critique whiteness diversity work check passemuraille ca season
3,please bro lost account password not open gmail please give gta detail new account please eggegeerww gmail com bro really plase help
0,got love gta vm tiktok com jyjkmsb
0,finally downloaded gta new xbox one forgot fun lol
2,gtfo
1,stealing flying motorcycle gta new player yea need money motorbike not know spend fancy outfit lot tatoos
2,type gta bullshit pic twitter com uos hkyp
3,dirty gaming gta rp jj tour hat eine villa twitch tv werflyyy
0,love playing basically play gta football game
3,drive bitch gta style cuz not right license pic twitter com qanftkqsog
3,outrageous unnecessary white people request
0,daniel made car gta purple lit
0,omg love whoever
0,game love call duty modern warfare ufc mortal kombat gta minecraft
3,destroy cargo gta big fat dirty bitch
1,stranglin not easy youtu xjg tyj u via youtube catch world premiere first video greasy anyone solve greatest mystery time gta greasy strangler
1,gta gang war got pick side beating yo as
2,wonder gta made lil yr old want killer grew
2,gta would not work smash multiple reason location real world city character theme adult oriented series lacking original music beyond main theme red dead redemption would work though original music less crass
3,sick repeating everyone irl retweeting anyways
1,yalllll
0,easy gta liberty city story vice city story rockstargames win regardless
2,damnnnn
0,rockstargames gta comin take virtual copy well thank
1,lmaoooo video got cryin
3,love brother know leave alone dance radio gta
3,good wednesday morning not chilly today brighter
3,alright look like get hair locally till notice ya recommend good hair company gta
1,gta online best vehicle discount th september gta weekly youtu fxz xzbri
0,gta online prawnpodcast headphone totally relaxed
2,no escape cursed land keep living shithole everywhere go jet flying motorcycle stalk eternity reposted typo really need edit button
2,going mad hell next gta chicago bro
1,best character gta campaign ranked game rant bit ly
2,constant crash red dead modders error gta find wondering rockstargames even business not spending another dime software pure trash
1,youtube channel suspension update gta story mode mission legal trouble progress casino heist big con casino podium vehicle still well
0,alllll
2,gta anywhere near quality scale rdr not expect yet
2,bro fuck madden game mode never work eamaddennfl ea raidernation xbox get refund please around long still dealing b bug get together every year ridiculous not load
2,eamaddennfl easports mut muthead still no jadeveon clowney ultimate team no power no base card not even promo card clowney got updated titan upon signing yet receive card game
1,boy got cannon accuracy shaky hell
1,wow game difference titan actually looked dominating first time year
2,easports mut eamaddennfl supposed win game stuff like happens pic twitter com eocts mkyl
2,ea eamaddennfl apparently last name moore profane
0,played first game eamaddennfl last night want see
0,well deserved
2,qbs dumb wrs even dumber game
2,lol man eamaddennfl screwed ryantannehill
2,eamaddennfl probably garbage game ever played absolutely zero skill gap bum beat rolling right cross body yard left throw pay every fucking year play garbage fucking game every year
2,look fucking trash lmao
0,love strength power hope get way accurate long ball
2,eamaddennfl guy damn joke
2,eamaddennfl lmao think something wrong award pic twitter com pr obxwqx
0,huge shout tfg football taking time show people easy install mod pc eamaddennfl youtube com watch
2,
2,eamaddennfl reason offline franchise lag much every play skip good luck kicking extra point not offline mode input lag please patch
2,no way madden eamaddennfl see fix game
2,got stop reporting shit mean anything lmao
2,eamaddennfl fix stupid gameplay tired receiver getting stuck defender not call
1,shutdownsafety clint oldenburg highlight film jersey roughrider day know yoooooomoma must sure everything pulling video showing kiv pro player embarrassed day
0,eamaddennfl love graphic
2,fuck eamaddennfl support team horribleeeeeeeee service better talking sigh language
2,cowboy eagle done saint done chief superbowl champ nevermind gameplay ea not even get crap right eamaddennfl
0,get support good
0,zelda eamaddennfl golden eye final fantasy iii little game called uncharted water loved seem one
2,eamaddennfl wow not play game due bug pic twitter com xn grq
2,eamaddennfl giive money back game broken fucking thief
0,nice eamaddennfl easports mut ea pic twitter com etohc jjgl
2,give ability make sim football game eff contract eamaddennfl swindled u enough nfl tell give not deserve exclusivity license anymore
2,eamaddennfl really think last name profane not use last name yard profane crossett
2,eamaddennfl guy even watch actual game rating trash af get tjwatt club release smh minkfitz steven nelson well
2,disrespectful plain simple
1,madden curse broken give cover lj era eamaddennfl easports mut
2,eamaddennfl give u yellow chief endzone featured year superbowl pretty pretty please
2,eamaddennfl easports mut ignore regular complaint game year come twitter say proud total user base madden like jackass make no sense ea staff not demanding rage like game engine
2,eamaddennfl desync error like not even play game bought money like come ea
2,eamaddennfl game as
2,lamar jackson op hell solo
2,eamaddennfl fix game server much bug unplayable
0,equipment guru eamaddennfl espn thank
2,eamaddennfl please next update tune eagle line not like season make game not fun put chew clock run behind star
2,no fucking way dhop rating
2,eamaddennfl whoever made madden make unlucky instead difficult fired
2,eamaddennfl gutfoxx itsdomyoutube zirksee gmiasworld ea kraelo someone please help think account hacked would post franco less worth price going top tf would pay card pic twitter com hntiatr
2,neither bosa list garbage
2,eamaddennfl still fucking glitch shitty as company
2,know going wild shit end not respect u eagle
2,no one watch anymore
2,easports eamaddennfl thanks letting everyone know company mission statement like entitled female ratchet chaotic towards gamers two mom money make mann instead man making money smug society weak men zertz pic twitter com pu spcoas
2,eamaddennfl rating suck
2,eamaddennfl trash
2,eamaddennfl suck
2,eamaddennfl easportsnhl take page easportsfifa book actually free agent meeting always loved fifa
1,eamaddennfl happened need ban guy douglife denied super bowl appearance someone cheating kind connection switch http co nynpnd lw
2,eamaddennfl glitch got go
3,online
2,eamaddennfl guy audacity ask connection got lagged
2,eamaddennfl nfl
2,eamaddennfl problem getting solo battle come game keep seeing uploading circle black screen go back page help
2,explain daniel jones better stats baker murray last year horrible passing overall eamaddennfl horrible equipment guru losing many game like http co lorctdgotk
2,talk got fix slow menu eamaddennfl
0,still stuck madden forgot streaming working mobesoslim missfoxxybrown yeynotgaming bink ggab refuse holdback good ataylor tryna play yard though
3,big fact
2,smh acceptable behavior easports mut easports eamaddennfl not care long ago racism not something go away
0,yo eamaddennfl wth pic twitter com fwdpqxfdrb
2,best pas play madden not get come eamaddennfl game straight recycled hell even shoe make trash better game better
2,eamaddennfl messed rating julio lower mt jesus christ get worse
2,mark andrew smh kill year mandrews
2,eamaddennfl easports getting chomp busted another trending hashtag rd shared far worldwide
2,defense eamaddennfl fuckin suck
2,eamaddennfl not going talk wrong decision made
2,awful
1,da curse
2,eamaddennfl game blow donkey ball
0,used best madden player md madden stopped playing got reason get back
2,easports eamaddennfl liberal regressive agenda includes hating christian promoting phobasexuality aka inclusion literally suffer politics no place madden
2,eamaddennfl anyone else speed even matter not know tyreek hill receiver speed defender run hella slow
2,whenever play franchise game madden game crash right start still problem eamaddennfl
2,eamaddennfl worst game ever created period
2,got love equipment guru getting grilled diehard eamaddennfl fan issue rating get paid big buck
3,deserve goat year game vip cover madden next list super bowl ring
2,disrespect daniel jones ridiculous rookie backup qbs higher guy threw td pick game stupid eamaddennfl
0,one favorite rapper time narrating one favorite video game time favorite louisville player cover please not pinch
2,money grabbing ea bastard
2,lol download eamaddennfl pc trash game year madden interception football madden cpu call route every play football rinse repeat
2,eamaddennfl game suck
2,bruh eamaddennfl game stuck screen minute smh pic twitter com ryslnyflfj
2,eamaddennfl not know guy still make madden game every year still come unplayable ton glitch stop making sport game not get right give back game madden good
2,really make sick eamaddennfl
2,eamaddennfl fuck fuck fuck fuck fuck fuck guy fucking lie u go fuck no life self
2,graphic get worse
2,eamaddennfl player rating think algorithm wrong
1,not bought madden year buying one fam congratulation hard work pay
0,eamaddennfl love mvp edition
2,eamaddennfl legend bundle put single cruel
2,
2,yo eamaddennfl not play solo together
3,already following retweet xbox one guy best analyst
2,not sure eamaddennfl hire people decide rating seems like get worse every year whoever wernt worth money use money
0,shoutout dez king rounder as
0,ready eamaddennfl
2,know ea praying sort historical event go could excuse delay exact game made fuckin year
0,eamaddennfl like see guy far accessibility display pure gold text speech amazing year
2,
2,one worst madden year shit hilarious
2,eamaddennfl going fix glitch madden current roster
2,eamaddennfl whts problem ea always something
2,dear ea easports eamaddennfl please stop making nfl football game give right someone actually better job sincerely fan
0,amazing far gotten movement
0,eamaddennfl thank much madden nfl affording opportunity spend mvp carbon copy last year game awesome
2,easports no sound eamaddennfl game glitch point restart
2,lame
2,mean insane easports mut eamaddennfl cookieboy pic twitter com llzt egr
1,easports mut eamaddennfl ea kraelo maddenbible jstein theme team best thing mut nerfed chemistry year god squad not realistic ruin game
0,dylan cole listed ovr madden nfl launch rating tied second strongest mlb game strength rating acceleration jumping among best position hope play full year spd agi tak
2,disrespect itzliveee
2,question packer garbage eamaddennfl davonte not catch damn ball getting sarong rodgers not throw accurate pas smh
2,eamaddennfl literally going break something sec left ot coach suggestion run yrd line planet coach suggestion uranus something stupid would come outta someone butt fact people think show udk
3,seahawks fan always making easy make fun
2,scared bro sweeping money rug lol
2,eamaddennfl eamaddennfl fix trash madden people watch nfl football defense suck as no unstoppable run play dummy pay attention titan v raven game
2,eamaddennfl realism glad see player break not missile like however sean taylor not take like rocket game failure
2,yo eamaddennfl know bit treat like know mad many mistake run right perfect defense blow gasket
2,eamaddennfl madden nfl still charging stuff ad mut throat want take
2,preordered eamaddennfl walmart got mvp edition playing right not supposed delivered thursday absolutely no point preordering unreal easports mut maddennfldirect
1,
0,right well deserved
2,eamaddennfl ronnie nba madden sucked as year shit animated no skill needed animation yo side good shit suck fixed yaw game
2,eamaddennfl nerf man coverage getting old boring
2,gronk madden suck
2,eamaddennfl franchise face franchise terrible nfl
2,not fix franchise enough revenue give
2,eamaddennfl watching twitch stream last night pm received twitfh drop not received crown please help easports mut eahelp
2,let know fix trash copy paste gameplay
0,fucking great
3,world burning
2,eamaddennfl one bad game last year easportsnhl not good game year
2,eamaddennfl hi trying golden ticket challenge not working friend post pointing
1,shoutout uniswag best damn brand land let u run eamaddennfl lj era pic twitter com flxdcuzp
2,damn madden least act like care sad
2,larry fitzgerald tackle drop career not tell madden putting shit
3,love katienolan think patmcafeeshow mf home
2,easports mut eamaddennfl server hour friday ya not adjust reward mon
0,larry fitzgerald targeted time zero drop come fuck
2,eamaddennfl everyone big hitter suddenly smh game trash actually not wait madden fuck game hopefully nfl not give exclusive license please nfl not give exclusive license
2,eamaddennfl happened guess play boosted chance making play guess run guying nothing run suddenly yard td run game as
2,fix game eamaddennfl hit power qb not fumble shit costed game
2,eamaddennfl man coverage sometimes one player decides blitz leave man uncovered please fix issue
2,eamaddennfl please add buffalo bill away jersey please thank suck home not aways
0,without renting eamaddennfl blockbuster kid lion cb jeffokudah might never introduced football week get play game first time pretty amazing
3,xbox one
2,lmao sad
2,
2,eamaddennfl wouldent hurt give offensive line men factor could almost like momentum shift get zone not letting quarterback get sacked consecutive played without taking loss yard throwing opinion
2,hate need get madden
2,stop playing
2,give aaronrodgers overall eamaddennfl get shit together
2,fantastic easports eamaddennfl
1,
2,eamaddennfl ever going fix community file problem week nothing maybe put effort towards franchise fan base not mut psh
3,hell day proud dad moment
2,cooper even pre order shit
1,welp even eamaddennfl rejected deandrehopkins trade pic twitter com acckf cpzs
2,jj sooooooooooo much lower lmfao tj myles chandler von mack smh list fucking as
2,eamaddennfl make online pro bowl play many friend sorta like allstar team nba would make game much better cookieboy
2,eamaddennfl dm want talk game b sometimes
0,lit
2,fact bro disrespecting real
2,eamaddennfl spent game currency pack received nothing
0,love duo
3,controller getting destroyed
2,hey therock since easports nfl seem not give damn eamaddennfl fan paid hard earned money another crappy game year think approaching sport xfl video game
2,hey eamaddennfl update coming lot glitch game far
2,mut pc server eahelp eamaddennfl easports mut trying star day justin jackson keep getting error madden pc stream pic twitter com kk oxxhb
2,swear
2,mahomes easy lol
2,hell decipher no shot dude not
2,eamaddennfl game trash pic twitter com scuc dtheb
2,hey eamaddennfl instead saying build ultimate team say give u hundred dollar never fun playing online head head
2,eamaddennfl server
2,eamaddennfl fix server golden ticket challenge not even appearing first loaded game gone
2,eamaddennfl get pack not find anywhere
2,fact chris godwin not even highest rated wr penn state absolute travesty
2,somebody told fifa gameplay clip would believed much next gen hyped died already
2,unlike sendejo not make heath cowboy chem stupid maddennfldirect easports mut eamaddennfl jstein
2,bought back madden mut not showing unopened back easports mut eamaddennfl ea eahelp
2,dear easports mut eamaddennfl fix broken play know speak behalf many player especially swamplife robdaboss say run stretch dive every play team not good rewarding player trying new thing
2,eamaddennfl disrespect baltimore unreal pro bowler team ever mvp not even best kicker ever not even highest rated player team season acquisition laughable
2,ok eamaddennfl lamar jackson aware aaron rodgers tom brady sum right come rating system nothing popularity true productivity logic equipment guru swami ea baystunna shutdownsafety
2,eamaddennfl giving austinekeler strength rating mad disrespectful bro deserves least strength overall
2,legit not play anymore many bug gameplay issue yt series oh
2,
2,ea not worst game eamaddennfl also worst server
2,eamaddennfl wtf garbage as sound track smh lazy ass copy paste song last year include garbage as song nobody listens
2,eamaddennfl
2,disrespect keenan real
1,mvp achievement madden nfl trueachievement pt trueachievements com gamer darkninj
0,would love one easports mut
2,madden nfl p metacritic com game playstati xone metacritic com game xbox one pc metacritic com game pc madden gamespot far technical issue normal large chunk recycled content madden nfl feel like update brand new game http co vrrgu aspc
2,fire creator editor eamaddennfl effort improving last year platform roster update absolutely pathetic
2,cmon wit b wait gambling mess server eamaddennfl fix server ridiculous
2,list trash without minkah
2,gordon saquon disrespect
0,preordered eamaddennfl playstation not wait
0,eamaddennfl using spirit robotics machine remove dad cheating system
2,eamaddennfl easports ea worst customer advisor customer service
2,eahelp eamaddennfl easports mut maddennfldirect watch taping last night token second week row given many problem u getting drop watching
2,eamaddennfl not player got beef wit need talk whoever madden rating cuz year screw u last year totally screwed keenan allen derwinjames year screwed austinekeler better
0,salute
2,eamaddennfl explain player not catch made catching noise time like juggling serve mut point not mut game
2,bull michaelvick problem eamaddennfl easports sportscenter
2,first time decade not buy eamaddennfl played hour ea play underwhelmed take note nfl fan not happy demand change
2,eamaddennfl really really need fix madden fuckery really bogus
2,want know know madden not homework due diligence pay buck trash
2,ericrayweather problemwright eamaddennfl wtf man pic twitter com fxvx ofyku
2,weak af
2,easports mut eahelp maddennfldirect eamaddennfl not play like acceptable pic twitter com invzwqgrxw
2,madden pissing day new video tonight
2,eamaddennfl code dropping huh people love free product even flawed
2,eamaddennfl finally upgrade franchise mode stuff trash
2,major
3,cry
2,oops went
2,easports mut eamaddennfl hour ended middle game sad hour not enough
2,inserting katie nolan mean probably stink
2,without doubt worst position rating far no minkah no simmons no eddie jackson
2,one many reason madden sorry as game
0,miss league live
2,damn rip larryfitzgerald not even realize passed away offseason
2,eamaddennfl clintoldenburg not able load game update stuck loading screen
2,eamaddennfl going server day row not access madden
1,eamaddennfl not care
0,bro fire
1,peyton manning qb vision could see whole field time vick nasty
2,eamaddennfl game fucking trash delete sell license jesus christ not hard make fucking decent football game
1,owned every single eamaddennfl game since
1,jaire
0,interesting choice top list big ten qb
2,gee not realize madden nfl needed qbs practice squad game would still suck
0,boy kupp finally got respect
2,larry fitzgerald not top list absolute travesty
3,loki great avenger bio tell adventure loki defeat others attains thunder power later go play madden nfl
2,stopped playing madden shit use get skin
2,eamaddennfl defense trash
2,eamaddennfl dis shit not work want refund
1,crazy disrespectful qbs could see field locker room
0,gosh wish could play
2,madden nfl music year actually kind smack
2,god son obj playing eamaddennfl yard td filthy
0,love list
2,eamaddennfl let wanted
2,really not give fuck huh easports exact game past year
2,mathieu era not xfactor ability eamaddennfl throw whole game away stop disrespect
2,easports mut eamaddennfl easports soooooooo like week would love switch ability defense since much b got guard game pic twitter com xemh iguyx
0,not wait eamaddennfl come next week
0,sweetest sweet thread
2,fuck shit eamaddennfl pic twitter com hrhwq qtux
0,best tweet time period
1,
2,not mine
2,sad truth madden youtu mxr ybjx c via youtube
0,eamaddennfl movement incredible
1,madden nfl playstation p great offer ebay mum
2,eamaddennfl manage make game bad
1,madden nfl august best selling digital p game anothernews net mad
2,easports eamaddennfl let clarify thing tweet referring entitled crazy lording worker not get male female husband wife one no kid motherfukkers noone crazy enough breed
2,not believe til see
2,disrespectful asl not even putting larry top madden dumb hell
2,menu speed year atrocious eamaddennfl
2,easports eamaddennfl product fucking joke animation cheese galore like none fucking retard actually played football literally not wait till put fucking idiot business something usual change bring back ncaa fucking dumb
2,eamaddennfl question ovr team supposed compete ovr not even get decent match guy much good game would rather u get frustrated quit not everyone afford buy pack paying
0,fixing go watch bum
2,eamaddennfl got stuck loading screen premium draft gave coin depending far could gotten
2,dog wtf vick
1,either cpu madden trash madden difficulty good hopefully eamaddennfl would give challenge
2,eamaddennfl equipment guru clintoldenburg yooo thought fixed b camdasilva ramsnfl charger shutdownsafety
3,love starting day twitter getting blessed demon
2,year still not make dread look realistic
2,eamaddennfl biggest bullshit ever seen game physic not make sense game absolute fucking dog shit fix
0,eamaddennfl look good
3,rug
2,funding franchise going lesser nfl street never nfl street still not buying shitty as game
2,eamaddennfl tonight multiple dy syncs connection error fix server
0,damn beast not matter
0,eamaddennfl sooo long dread not exist anymore game
1,eamaddennfl gon give ab least cmon know deserves
2,clintoldenburg eamaddennfl hey noticed formation sub not want work time go back multiple time pull thing select button almost completely broken boot selection
2,eamaddennfl please fix server awful getting booted every second really old
2,eamaddennfl not believe make another account get clown
2,madden trash lol
2,eamaddennfl lied disappointed
2,always hilarious end year come everyone team equal see money spender disappear lol really show trash game lmao eamaddennfl easports mut
1,clintoldenburg eamaddennfl got message ea account bout madden login certain day
2,hate madden like always got miss hitstick eamaddennfl
2,eamaddennfl hate franchise player much
1,touch team victory incredible player plenty team choose madden nfl ogreatgames com product madde
0,shout eamaddennfl making top rated free agent well
2,eamaddennfl fix damn server
2,man hate eamaddennfl not going fool pic twitter com da rbw pgm
2,not know buy eamaddennfl need give
2,know eamaddennfl dead saw top rushing yard ever tournament game happen madden smh
0,every single time score love hearing viking song
2,madden not promote youtu gzh nrjsq via youtube simulation football eamaddennfl
0,eamaddennfl ultimate team awesome love put squad anyone way ovr every player earned not bought
0,tough lmaoo
2,odell one disgusting spin display nfl ever seen rethink particular statement
2,eamaddennfl make worst game nba
2,eamaddennfl game shit
2,lot bug madden not play squad friend lot screen like eamaddennfl easports pic twitter com oz raj
0,congrats joke finally solidifying year skillful running defense belt wrapped season thought game gunna closer honest hey least not lmao
2,vick easy
2,madden ruining game dude not even sack leader telling shaq barrett not guy want better espn
2,easports mut eamaddennfl win house rule game still win wtf
2,according easports
2,eamaddennfl fix server please goodness
2,maddenleagueops maddennfldirect sad
2,deshaun watson disrespectful as nigga man eamaddennfl
2,hate eamaddennfl
2,richie incogniot still bullying bullied eamaddennfl giving
2,proud
0,word not describe grateful thank bcproductions raid today people thanks everyone hanging positive vibe mean lot back tomorrow eamaddennfl v easportsnhl v tournament action http co odty wtmgg
0,throw sack mechanic look perfectly fine store playstation com
0,thank eamaddennfl new te austin hooper orange brown pic twitter com grg xzfkon
0,hollywood going beat brake man many over bucs get
1,eamaddennfl ea glad getting patch game especially franchise need even bringing back previously available function stadium creator madden game past hope guy make enough improvement make game feel worth
1,look great unfortunately never see game publisher appear getting away tv network presentation understand reason still sad though
2,ea eamaddennfl recent announcement ea locked another long term contract nfl remarkably disrespectful fan madden year allow competition madden no longer quality
2,eamaddennfl sgraddyea swami ea ea white clintoldenburg failed u
2,wtfff strength schedule thee highest weekend league ovr team ea wtffff eamaddennfl easports mut
2,still not understand eamaddennfl play called dead player recovers fumble drive nut
2,disgrace eamaddennfl
2,eamaddennfl server since morning
2,eamaddennfl update game b still happens sitting minute win streak never buying trash game pic twitter com inkgzy uyn
2,eamaddennfl stealing money spent madden not give anything
2,eamaddennfl plz fix fucking game happens never opponent pic twitter com oage onf
2,got bought pint got error code not know pint even going ea please fix shit want point eamaddennfl easports mut eahelp
2,easports eamaddennfl fuckk lgbt faction ea one benefit without ever walking pride parade respect not homo christ bashing disgusting abuser fuckk ove od less rump realdonaldtrump
2,eamaddennfl madden career mode suck please bring back madden one better graphic pleeaasseee
2,eamaddennfl made dsuave quit ko championship would not load pic twitter com yjfplrirwh
2,lmao flat embarrassing
2,bro controller fixing go thru tv eamaddennfl wtf
2,bye eamaddennfl done
1,good start eamaddennfl need hear
2,madden not fuckin play around wit
0,nice game eamaddennfl pic twitter com csvm lov
0,yassss team raven
2,quiique give nightmare lmaooo
2,eamaddennfl first pre ordered said standard would get play day early version thanks lot smh
1,incredible work eamaddennfl
2,eamaddennfl fix game guy ragequits freeze screen force close app give win
0,really got top wr nfl bless
2,tuff not get wrong not best receiver nfl
2,eamaddennfl adjust rating clown disrespected going
3,nigga got whining cry
0,amazing showing personality brand cover huge lj era raven
2,getting tired competing mut hoping true franchise dynasty eamaddennfl year year saving going upcoming star maxfootballgame play creator clintoldenburg eamaddennfl ashamed ripping people
2,yo easports eamaddennfl easports mut server issue unable connect ea
2,disappointing not play hour ea play trial eamaddennfl every time start game say ea server not available time buying madden every year long remember might forced pas year unfortunate
2,eamaddennfl fix server dog shit
2,not wait eamaddennfl describe new feature franchise mode
2,eamaddennfl fix fucking game
0,happy eamaddennfl day
2,want hear another epic
2,messed everybody rating game cuh
2,easports eamaddennfl shutdownsafety espn nfl nflcommish ea sport fails faithfully represent nfl pic twitter com qbzoh ncjf
2,route completely broken year eamaddennfl
0,derrick henry top list
0,best uniform
2,not buying eamaddennfl fix game playing year eahelp worst not get reward last year game refuse buy one fixed
2,lol exactly wrong
2,baffled cmc close minimum not even lead top rb catagories last season
2,eamaddennfl guy need serious update madden many glitch game no line not tell hell field pic twitter com atogwzbfsh
2,need figure wtf dumbass go dude timeout whole as hour cuz loosing eamaddennfl
0,kyler interesting
2,eamaddennfl easports hey could explain hell pic twitter com zsyinknllh
2,eamaddennfl swami ea equipment guru drop rojo speed explain please showed no sign slower baystunna shutdownsafety softdrinktv madden biased player rating
2,eamaddennfl really got dude salary cap june no wrs oline wr triple nasty streak speed salyers running heavy run set
2,eamaddennfl trash
1,saquon peep ball carrier vision violated
1,eamaddennfl owned every madden game since year suck defender reaction time handicapped runningbacks upfield cut whack lamar case chief not rated high enough everyone pissed not buy madden suck
2,eamaddennfl game keep crashing solo
2,gave tyrodtaylor overall herbert sick eamaddennfl
2,not go soft austinekeler charger player dirty every year slayer getting robbed yr not even keenan allen top route running
1,real jackboys travis scott stole slogan sell shitty merch oooooooooops
2,least let people grind game get gear want not pay buck ea million dollar already charging fake clothes never wear real life eamaddennfl easports mut
2,not getting eamaddennfl look like barely even touching franchise mode disappointing not surprising disappointing
1,madden curse continues
0,easports mut maddennfldirect eamaddennfl next year think would dope added co op franchise mode friend play team would dope
2,ohhh mf saying better julio garbage
2,eamaddennfl not create inactivity feature online concedes game two delay game guy playing beating senseless nobody wait min get xp point win loser taking penalty back goal line
0,derwin james best safety list not
0,wow missing blitz time christmas happy enough
2,ready crappy game removed content still locked behind paywall
2,eamaddennfl gone let u know rating joke
1,eamaddennfl thank fixing server
0,respect white much
0,jeff fl cool
2,best football game ever gon outsell madden easy
1,not johnson johnson ad ig helping covid baybee cancer lawsuit talcum powder
1,johnson johnson stop selling baby powder u healthcare giant johnson johnson stop selling talc based johnson baby powder u canada firm face many thousand lawsuit instagram com cazjyuhf bh
2,coulda making money
1,uk
1,volunteer suffer serious reaction johnson johnson thevaccinereaction org vol
1,johnson johnson stopped
0,buying stock johnson johnson lube sale going skyrocket
2,fuck support black business twitter com hobodia status
3,watch different color one expensive
1,johnson johnson discontinue talc based baby powder canada johnson johnson decided permanently discontinue talc based baby powder canada blaming misinformation product decision ctvnews ca health johnson
1,million award talc lawsuit johnson johnson seek new punitive damage trial ift tt wbwdl
0,thelioncom johnson johnson make perfect sense chembio dual covid test need testing patient verify efficacy vaccine gap monday price target news pic twitter com dmfchsv
1,breaking johnson johnson discontinues talc based baby powder canada amid lawsuit alleging cause cancer nbcnews com news u news
2,see knew not like damn soap
0,twitter com ap status might still give great buzz though
2,going vigorously defend product court continue selling everywhere else woman country allowed put risk cancer johnson johnson end talc based baby powder sale north america nytimes com bus
1,johnson johnson halt talc baby powder sale tinyurl com yb http co bdxy
2,suing johnson johnson grandma died ovarian cancer always put baby powder u
1,johnson johnson company used super poppy make narcotic america abused opioid pill wapo st tasmania poppy
2,oh man see fuck
3,dear ugandan mom soon mom product discontinued rich country not hard headed say stupid thing like nga grew look turned alright abandon mf like yesterday problem ugandan businessmen
1,johnson johnson halt talc baby powder sale wb md ylv sv
1,china close foxconn johnson johnson samsung factory amid virus outbreak truepundit com china close
0,global kaposi sarcoma treatment market growing rapidly leading player bristol myers squibb company johnson johnson service inc merck co inc hoffmann la roche ltd pfizer inc zpr io htbzu
1,johnson johnson stop selling talc based baby powder canada standaside u johnson johnso
1,johnson johnson stop selling whitening cream concern racism weaselzippers u johnson
1,china close foxconn johnson johnson samsung factory amid virus outbreak activistpost com china via activistpost
2,infecting everyone baby powder
1,johnson johnson stop selling baby powder u dlvr rwzttl http co imscmdh kl
1,healthcare giant johnson johnson stop selling talc based johnson baby powder u canada firm face many thousand lawsuit consumer claim talc product caused instagram com cay dqydxhg
0,imagine johnson johnson sudafed would happy either imagine messi ronaldo playing team
3,use tcbandages instead shit
1,johnson johnson company used super poppy make narcotic popular opioid pill washington post washingtonpost com graphic
2,johnson johnson pause covid vaccine trial patient exhibiting unexplained illness twitter com event
1,johnson johnson stop selling talc based baby powder u canada bit ly bitk
2,sa avoid mean please not buy
1,washington u pharmaceutical company johnson johnson said monday paused covid vaccine trial one participant become sick tamilnaduchronicle com johnson johnso http co reei sdpsc
2,whelp rip
2,not johnson johnson poison every baby united state decade not u gov allow continue several year til could adjust formula letting make vaccine not prison
1,johnson johnson stop selling talc based baby powder canada dlvr rx http co lg uaekqec
2,bi vaccine bitutwala meaning scaremongering deadly virus must kept people invested money
2,johnson johnson told pay billion cancer causing talc powder bilyonaryo com ph joh jnjnews afp http co yxvebnnm
1,day food history sept earle dickson died invented band aid wife frequent kitchen accident cutting burning worked johnson johnson soon began manufacturing band aid
3,actual fuck going dead apocalypse type shit
2,literally could not give fuck less shit like large corporation want curry favor wit black american pay u put money redlined community use lobbyist change law policy nothing u except make lightskin people argue
1,johnson johnson covid vaccine study paused due unexplained illness participant cnb cx yvhvh
0,early incredible speed
1,san diego superior court judge ordered johnson johnson pay million hiding danger risk surgical mesh product woman nbc com zll biq
1,skunkworks johnson johnson rushing develop coronavirus vaccine inquirer com business drug via phillyinquirer
1,realdonaldtrump work well rt oan johnson johnson create coronavirus vaccine well control little problem country moment people recuperating successfully
1,adrian thomas vice president scandal ridden medical pharmaceutical giant johnson johnson rounded group thomas responsible pandemic care including development vaccine ebola dengue hiv also martin
1,coronavirus vaccine race get desperate johnson johnson post loss case spike websfavourites com science te
2,anti vaxxers something refuse
1,johnson johnson post temporary tylenol shortage amid heightened demand pharmaciststeve com
1,johnson johnson jnj stock today coronavirus vaccine not ready year end coinspeaker com johnson johnso http co akblmrhrxr
2,joebiden no scientific background certainly not certify medicine think pfizer johnson johnson others making kind placebo dangerous drug trump get reelected scaring people dangerous
0,johnson johnson leave conditioner work good asf really defined baby hair
1,johnson johnson stop selling talc based baby powder phillyfinest com johnson johnso
2,not fda supposed provide transparency cornersrone org not surprised johnson johnson not want
2,johnson johnson company stay getting lawsuit
0,johnson johnson report positive preclinical result covid vaccine jnjnews buff ly abtft
1,http co ejczatmbbd
3,vaccine
2,thank goodness still buying stuff
1,johnson johnson stop selling talc based baby powder u canada demand fell light mounting lawsuit said caused cancer pic twitter com xo gvv muj
3,oh vaccine election day sure pissing donald kfc bucket today
2,johnson johnson history baby powder scandal maybe led path spend money go broke would good payback dirty dealing hev truthsee share par pw post dbea
0,johnson johnson said monday government invest billion create enough manufacturing capacity make billion dos vaccine testing stop new coronavirus killed people around world
1,johnson johnson pic one year armenian killed ottoman civils baby land pic two armenia say genocide devil reaction pic twitter com qbqhilg
2,company took year finally take stance diversity not sit well
3,not bill gate vaccine not mandatory
3,none none work none disclose vile toxic substance none transparent none history working none approved none mandated none fit anything anyone living
1,johnson johnson stop selling talc based johnson baby powder canada updatednews com joh
2,johnson johnson baby powder still available market want alert damage talc based product may cause learn lawsuit bit ly gnsdna http co phzqyi cqz
1,johnson johnson halt covid vaccine trial mystery illness
1,johnson johnson stop selling talc based baby powder canada reut r ljziw
2,johnson johnson not well stopped someone sick
1,johnson johnson stop selling talc based baby powder north america cbc news cbc ca news business
1,johnson johnson stop selling talc based baby powder u canada gd ailk http co iz qpaaw
1,provident wealth management lower stock position johnson johnson jnj newsfilter io article provi
0,thank ginarush tireless support patient injured
2,ignorance cause lost life entitled mouth cause loss innocent life johnson johnson stop show nut save fucking life educate right soultypechild
2,johnson johnson sorry vaccine really
2,flying fuck vaccine ready within week not even trust johnson johnson
2,not find asbestos lab baby powder linked cancer wtf shit
1,johnson johnson pause covid vaccine trial patient exhibiting unexplained illness twitter com event
2,lawsuit opiate baby powder scandal would trust
2,fuck
0,dividend king dividend king company increased dividend consecutive year list includes procter gamble pg year johnson johnson jnj year coca cola ko year target tgt year
0,successful rest easy knowing covid vaccine not irritate eye
2,extraordinary podcast deanna berg fight bilateral ovarian witnesspodcasts com show verified
1,johnson johnson pause covid vaccine trial patient exhibiting unexplained illness twitter com event
0,johnson johnson regains footing analysis johnson johnson stock returned higher profit support day dlvr rtqqdp
2,corona virus thing killing old people
0,actually like see responsible company admitting flaw trial version may end lucrative vaccine history gladly wait adequate
2,johnson johnson want inject vaccine people taking money lab rat doomed youtu io rpsid
1,global multiple myeloma drug market trend drive success amgen johnson johnson celgene pharmiweb com press release
1,apple johnson johnson heart study big deal digital health cnbc com app
1,johnson johnson stop selling talc baby powder facebook chase commerce wednesday wake call good morning johnson johnson take talc based baby powder shelf youtube go tv viewer wake call marcusmylesmedia com medium buying http co e kuoc ii
2,bandaid leg three day not choice johnson johnson decided use gorilla glue make sure never came skin
1,johnson johnson stop selling talc baby powder canada dlvr rx bxy http co esycb
2,yesterday joined ewg roundtable discussion impact johnson johnson recent discontinuation asbestos containing talc based baby powder major victory american consumer glad johnson johnson finally made right choice http co zwcxhvqz
2,nigger people johnson johnson
0,johnson johnson beat estimate raise dividend johnson johnson jnj stock rose pm et today investor optimistic company strong first quarter result dividend hike marketrealist com johnso http co bk gdrh
1,johnson johnson pause covid vaccine trial unexplained illness cnn cnn com hea
1,behind million verdict johnson johnson knew talcum powder cancer risk since huffingtonpost com larry bodine
1,johnson johnson stop selling talcum baby powder wsj com article john
0,awesome
1,breaking johnson johnson pause coronavirus vaccine trial unexplained sickness participant nydailynews com coronavirus ny
2,baby not
1,johnson johnson hit bn fine cancer causing powder concoursemediagroup com johnson johnso via concoursenews http co oyt xtzune
3,based tanned asian better
2,johnson johnson settle pelvic mesh lawsuit virginia nydailynews com news national
2,big nyoos numewous gweat company awe seeing fantastic wesuwts fda must myove quickwy rawr twitter com nytimes status
1,stock making biggest move premarket johnson johnson blackrock jpmorgan chase zcu io
1,johnson johnson stop selling baby powder u firm face many thousand lawsuit consumer claim talc product caused cancer bbc com news business
2,johnson johnson go hell
3,going wait vaccine take u forever recover stupid fcking govt
1,citigroup boost johnson johnson jnj price target thestockobserver com
1,breaking news eli lilly antibody treatment clinical trial covid paused johnson johnson paused vaccine trial volunteer fell ill everything realdonaldtrump touch fails attending super spreader rally floridian rip
2,not sued baby powder yet trust vaccine please
2,parent purchased infant tylenol past six year could get money back million lawsuit settlement manufacturer johnson johnson bit ly tqszox http co deo mk
1,johnson johnson beat third quarter earnings expectation raise guidance pic twitter com weqsg nzto
2,jnjnews advertises support tucker carlson tucker fox host told u coming get know support racist johnson johnson not say black life matter shame
2,
1,johnson johnson stop selling talc based johnson baby powder canada mp ljhrcm reuters http co skifwc tst
0,trump never name source without adding others many liberal love like one norte dame others many good company like moderna johnson johnson others
1,johnson johnson discontinues talc based baby powder canada amid lawsuit nbc news dlvr rwzjhq http co tjnqjzq fj
2,unexplained illness adverse effect neurotoxin poisoning
2,talc cancerous not figuratively literally cause cancer not buy product contains talc
1,not wait hear eric transition molbiophysutsw industry johnson johnson
2,guess johnson johnson think people philippine expendable
2,not wait
2,thehoaxhotel got scam call johnson johnson claiming testing coronavirus vaccine
2,heard johnson johnson family company pictured dad waking son weekend help make surface cleaner shit
1,johnson johnson u pharma company eli lilly halt covid antibody treatment safety concern indiataazakhabar com johnson
1,tylenol cold head congestion severe tylenol com product tylen copyright mcneil consumer healthcare mcneil ppc inc johnson johnson consumer inc right reserved tylenol http co urrxm lpm
0,wow
2,oh wow finally realize black people exist
1,johnson johnson stop selling baby powder u reporterchoice com joh
1,read u news missouri appeal court tuesday ordered johnson johnson subsidiary pay billion damage woman blamed ovarian cancer company talcum product including iconic baby powder decision dlvr rzckyz http co jzpdh jj
3,got glow dark spongebob bandaids not multiple flesh tone year fucked
2,vaccine hell fucking no
2,hmmmm not know trust screwed million woman first time around
3,realdonaldtrump plan rush vaccine fucked buddy
1,johnson johnson facing lawsuit asbestos contaminated baby powder call u free consultation dolmanlaw com johnson johnso
2,johnson johnson pause covid vaccine trial patient exhibiting unexplained illness twitter com event vaccine done safe not everyone follow damn rule social distance not wear damn mask stay home much
2,not lawsuit cancer
2,sale decline canada due cancer claim company decides victimize people third world
1,drug maker johnson johnson say temporarily pausing clinical trial covid vaccine due unexplained illness study participant fox ny com news johnson
2,johnson johnson anybody smart would not trust shit anyways
2,johnson johnson become fourth
0,great nugget insight without outcome overhead lnkd et x
2,lie like
1,johnson johnson announced would stop selling talc smarthealthcarenews com johnson johnso
1,johnson johnson stop selling talc baby powder canada mp ytdv reuters http co dsautgb
1,transvaginal mesh johnson johnson fined deceptive marketing woman theguardian com business
1,good already got browndages happens black owned rt darrenrovell year creating band aid johnson johnson announces offering flesh color not match white skin took long enough never late pic twitter com ssuzaghz
1,coronavirus vaccine trial run johnson johnson temporarily halted one participant become sick telegraph co uk news
2,u want trust company vaccine johnson johnson knew decade asbestos lurked baby powder nbcnews com health health
2,wtf
2,guess want give back since cancer trust fund almost run feminine powder tragedy killed many woman
2,mean company lost countless million billion dollar law suit last year regard baby powder sold decade counter company
1,johnson johnson stop selling skin whitening lotion nytimes com bus
2,criminal keeping going money power influence fuck everyone else
2,major shutdown
0,astrazeneca johnson johnson restarted late stage trial finding serious illness volunteer appeared not related vaccine nyti m meuahm
1,johnson johnson charged new york civil insurance fraud opioid claim ift tt ky zw http co hpfx tkoh
0,thank god
0,good news good news
1,johnson johnson covid vaccine study paused due illness jnj statnews com joh
1,well fargo co boost johnson johnson jnj price target tickerreport com
1,johnson johnson end baby powder sale u canada lawsuit posit link cancer keep selling elsewhere rt world news rt com news jo
0,recent report oxfam found america top corporation including apple comcast facebook johnson johnson microsoft pfizer oracle verizon visa making extraordinary profit pandemic
2,first astrazeneca screwed
0,interesting
2,correct wrong not people suing johnson johnshon carcinogen product
3,going bang
2,another small example black people not even considered life
1,johnson johnson stop selling baby powder u canada bit ly zkljye http co jtovx nhyy
1,johnson johnson end baby powder sale u canada lawsuit posit link cancer keep selling elsewhere cnmnewz com joh
1,johnson johnson sued auris health payouts dlvr rjt hn
2,johnson johnson temporarily paused dosing covid vaccine candidate clinical trial due unexplained illness study participant participant illness reviewed evaluated internal clinical safety physician pic twitter com pucjj yh
2,currently litigation talc baby powder well disgusting
1,eli lilly johnson johnson halt covid vaccine trial adverse reaction washingtonpost com health
3,realdonaldtrump another failure
3,perfect correction
0,combining product learn buff ly fcqupt http co pgadlck
3,god damn found zombie knew pandemic would zombie apocalypse
1,johnson johnson start trial covid vaccine producing immune response primate marketwatch com story johnson
1,johnson johnson told pay bn cancer causing talc powder ecr co za news news john ecr
2,thehill johnson johnson announced monday become second company halt trial covid vaccine due unexplained illness affecting trial participant
2,awful
0,johnson johnson receives positive chmp opinion janssen investigational preventive ebola
1,china close foxconn johnson johnson samsung factory amid virus outbreak libertarianhub com chi http co cltmh bc
1,johnson johnson stop selling whitening cream concern racism weaselzippers u johnson via weaselzippers
1,vaccine not rushed obviously president not give rat as people safety johnson johnson pause covid vaccine trial patient exhibiting unexplained illness twitter com event
1,pickupblocks com video bszd jbb woman awarded johnson johnson suit
1,covid vaccine big shock corona vaccine johnson johnson stop trial thekhabarbharat com india english
1,johnson johnson covid vaccine study paused due unexplained illness participant
2,legit though worrying thing vaccine johnson johnson make probably not going get since gave thousand people cancer going like no give german vaccine please
0,lillypad right thing stop using pointless cruel forced swim test criticized banned dozen major pharmaceutical company including johnson johnson bayer roche glaxosmithkline
1,pain relief therapy market projected witness vigorous expansion johnson johnson service inc eli lilly company merck co inc pfizer inc abbott hoffmann la roche ltd djo llc breg inc beiersdorf ag globenewswire dlvr rddrmv
2,no baby wayyyyyyyy tooooo late
1,johnson johnson covid vaccine study paused due illness report fxn w lghp
0,employee understand reason behind rule regulation chance excellent respect johnson johnson co
1,johnson johnson medical device company honored recognize dedication perioperative registered nurse join u discus resilience stress management register bit ly cgpab
2,good hope yet
1,johnson johnson ad vaccine protects vaccine induced robust nabs provided complete near complete protection bronchoalveolar lavage nasal swab following sars cov challenge nature com article
2,oh look people make baby powder also make unsafe still want life saving vaccine virus probably not ever get chance surviving thought not
3,great see classmate mcgillmed great thing congrats avi
2,really want kno tf study start half year possibly available next year damn fixing infected corona whole year
2,going die
2,lmao country fvcked jfc saw johnson johnson commercial know folk toxic talc causing cancer talking working round clock line folk roll sleeve
1,conversation racial injustice led reckoning around colorism criticism product promote lighter whiter skin put pressure unilever procter gamble johnson johnson oreal nyti m wggl
1,new york charge johnson johnson insurance fraud opioid claim pageone ng new jnj
3,ya rabbit as mind think going get shit drop foh
1,johnson johnson stop selling baby powder u firm face thousand lawsuit talc product caused cancer said oct testing found no asbestos baby powder test conducted usfda discovered trace amount bbc co uk news business
2,johnson johnson knowingly sold baby powder containing asbestos decade tasked producing
1,johnson johnson stop selling talc based baby powder canada jnj newsfilter io article john
1,johnson johnson temporarily halted covid vaccine trial sick participant pause patient phase trial allows see illness related drug said illness expected part clinical study cbsnews com news covid vac
2,imagine markup vaccine probably range not effective
1,johnson johnson covid vaccine trial temporarily paused due unexplained illness msn com en u health
2,johnson johnson not even make baby powder without killing people
2,no surprise trump keep making mistake man not admit wrong seldom capable introspection thus change
1,week vaccine trial paused johnson johnson fda not reveal critical detail edition cnn com world live new
1,johnson johnson say
1,johnson johnson covid vaccine performs well early test medihelpweb com johnson johnso
3,part colsonwhitehead novel apex hide hurt
2,would best would stop spreading hate funding end advertising news station sow division hate racism truly unacceptable company would stopped funding hate posting tweet
0,creative team launched
0,loonngg overdue good work
2,not sorry
1,johnson johnson working vaccine deadly coronavirus uk reuters com article u chi http co hvyzc pcq
1,transvaginal mesh johnson johnson fined deceptive marketing woman theguardian com business
1,johnson johnson loses bid overturn baby powder verdict
1,consumeraffairs johnson johnson stop selling talc powder product north america buff ly http co avokqy
2,johnson johnson discontinues talc based powder canada allegedly cancerous metal therein
3,fuck sake month one month shit not get worse
1,johnson johnson end sale talc based baby powder major win consumer healthimpactnews com johnson
1,johnson johnson stop selling talc based baby powder cllickr com johnson johnso
2,already johnson johnson magical cure guess result lawsuit took
2,mean johnson johnson suppressed report asbestos contamination talc product decade wonder many died birx say randomized controlled study show no evidence improved outcome hcq liar youtu tmszubru
2,oh shut not want performative activism keep product
0,yesssss yeyyyyy huge boom
1,daily news briefing johnson johnson said temporarily paused covid loom ly qou http co mzbifdjv
2,not feel like good sign
2,took lawsuit lol
1,johnson johnson stopped covid vaccine trial due unexplained disease patient nasive johnson johnso
1,johnson johnson stop selling talc based baby powder canada newsmonger com ng world news
2,fund tucker carlson ad buy making entire donation hollow pointless get mess moral company nonexistent
1,vaccine paused johnson johnson paused covid vaccine clinical trial unexpected illness kbjr com joh
2,rt sigh one corrupted company charge vaccine testing wonder happens next
2,yeah cancer suck
2,united state succumbing epidemic addiction johnson johnson family company became leading maker narcotic popular opioid pill wapo st tasmania poppy
1,johnson johnson temporarily pause covid vaccine trial due unexplained illness study participant reut r sm jnj http co pta ejrqke
0,fda approves johnson johnson janssen spravato horse tranquilizer depression johnsonandtoxin com jnj special
3,zombie calling not fucking u
1,wcuofpa hi johnson johnson amazing opening position summer optometry internship check information biginternships com johnson johnso
2,johnson johnson baby powder qoo ly rkq
2,crazy brand sold canada u since disappear shelf overnight consistent rumour bad press blamed decision say johnson johnson lnkd gnhm qr
1,johnson johnson paused trial related covid vaccine one volunteer developed unexplained illness foh
0,jim cramer johnson johnson vaccine candidate make stock compelling
2,not good news battle
0,damn smell though still use sometimes pic twitter com atrkk ld
1,johnson johnson stop selling talc based johnson baby powder canada bonbonlifestylewebazine com joh
0,last number week fab support neighbour johnson johnson helped u get ready open door last friday declutter day jnj team arrived help move furniture storage thank team
0,johnson johnson taking shot finding
2,no listen folk could not trust johnson johnson baby powder going let give vaccine mind not wait check weirdo circus world
1,johnson johnson announces stop selling talc based baby powder dailykos com story
1,stunning victory
1,thing help insomnia melatonin ocean rain sound reading book someone reading book listening lullaby love beatles lullaby exercise tire body warm bath johnson johnson baby nightime lavender lotion bubble bath
0,cemi johnson johnson make perfect sense chembio dual purpose covid test need testing patient verify efficacy vaccine price target company hiring handle increase production sale buy share pic twitter com apd zzbk
1,johnson johnson covid vaccine study paused due unexplained illness participant statnews com joh http co dpuofaa
2,johnson johnson extra strength tylenol recalled seven people died taking
1,got internship rejection email today thank johnson johnson letting know second last day july really worried
2,stupid political correctness really sin black skin treasure not start selling skin darkening cream worldwide could make company trillion
1,covid live update johnson johnson halt vaccine trial thenewssignal com covid live
0,johnson johnson jnj excellent
2,please share tweet like want see business responding changing stop racism
2,earlier johnson johnson announced exit mybs yoexfk
1,johnson johnson discontinue use talc baby powder product year legal battle allegation product may caused cancer company announces nbcnews dtezls
0,thank johnson johnson protect save human life
1,johnson johnson jnj stock position boosted newman dignan sheerar inc modernreaders com
0,johnson johnson clean clear cleanser scrub result day help clear prevent bkack head
1,gn ae
1,johnson johnson covid vaccine study paused due unexplained illness participant statnews com joh
2,try recreate shit got one thing say please not buy baby johnson johnson product
3,loiter squad gave u negro strip keep shit
1,johnson johnson stop selling talc based baby powder u canada wbaltv com article johnso
1,global artificial disc market huge growth top key player like johnson johnson globus medical inc spinal kinetics inc inc daily dailynews com global artific
1,totally legal johnson johnson company used super poppy make narcotic popular opioid pill washingtonpost com graphic
1,big news numerous great company seeing fantastic result fda must move quickly twitter com nytimes status
1,oklahoma judge ordered company johnson johnson pay million opioids crisis tava isreali segment gigantic pharmosedical one born hospital get hiv aid still see ad npr org
1,johnson johnson halting sale talcum baby powder feedshiphop com johnson johnso
1,johnson johnson pay million settle baby powder cancer suit collective evolution go shr lc pfxt via shareaholic
2,right damned pissed not see straight time burn phone line congressman senator johnson johnson starbucks nfl nascar anybody everybody send video hussein obama muslim traitor friend louis farrakhan jeremiah wright
2,johnson johnson pummeled million combined punitive damage new jersey state trial claim pharmaceutical giant knowingly sold baby powder containing asbestos hid contamination public reckless indifference consequence
3,well excited end world not know
3,miss bullshit kill alyuh self first pic twitter com zr
2,johnson johnson enter phase trial covid vaccine work one dose claim remember found guilty cancer causing baby powder ask honestly trust pharma company not
2,johnson johnson recall million bottle tylenol back one several unforgettable expensive recall year ow ly ovyy zf lh
0,nurse caring hiv tb patient year say johnson johnson honor nursing best making bedaquiline accessible jnjnews drop price lifesaving tb drug bedaquiline day bit ly yfpv
2,johnson johnson vaginal mesh lawsuit destruction evidence regarding tvt sling may brought jury judge say feb magistrate judge cheryl eifert va ruled ethicon unit acted negligently destroying losing thousand document file
2,shit still market never used baby powder kid never used dangerous reason one
1,johnson johnson halt talc baby powder saleshttps tinyurl com shfckr
2,line sold powder johnson johnson never sound
1,awesomecapital johnson johnson raise earnings guidance awesomecapital blogspot com johnso
2,company spreading cancer
2,saw missouri court slap johnson johnson damage asbestos baby powder click see also elginmattjohnandassociates com mi
1,join johnson johnson healthy essential reward today start earning point claiming great reward reward healthyessentials com ruid baf
2,shit bad frequently ate small child
2,never take test vaccine not care anyone say even like tonight trump mentioned vaccine johnson johnson not getting one not trust anyone health right especially drs nurse know terrible say oh well
0,despite warning schmerelson still failed properly report johnson johnson stock new complaint alleges kystokes howardblume ariplatchta tswaak michaelburke katecagle kklein sonali kohli
0,good news
1,conversation past week highlighted product name claim dark spot reducer product represent fairness white better unique skin tone never intention healthy skin beautiful skin
1,thanks great day look next cardiothoracic surgery skill day supported jandj skillscats sctsuk sctsstudents asitofficial rcsnews jnjnews
2,yeah probably not good
2,scammer always stick together
1,statnews com joh
1,baker avenue asset management lp grows position johnson johnson jnj modernreaders com
1,johnson johnson halting sale talcum baby powder trib al zut nte
0,fucking hate headline normal part vaccine trial phase shit happens study pause not clinical hold part process
2,jnjcares good luck hope life go profit available everyone
2,parent bought infant tylenol past six year could get money back million lawsuit settlement johnson johnson buff ly grac http co ykoqagelos
2,johnson johnson solve covid still not fix
3,incredibly discriminatory towards trump supporter not also testing pond scum lizard
2,johnson johnson suspending clinical trial unexplained illness mean online enrollment system closed patient clinical trial could seen coming eyedolls
2,fuck
1,biosurgery market prognosticated stunning growth baxter bard johnson johnson covidien dlvr rnrvnh http co cyok pjcqh
1,volunteer suffer serious reaction johnson johnson covid vaccine thevaccinereaction org vol
1,johnson johnson no longer carry skin lightening product trendskey com johnson johnso
2,told plot johnson johnson get good
2,johnson johnson got recalled product causing cancer pic twitter com rld
3,god stop snow fall sign racism cow not give white milk
1,johnson johnson told pay billion cancer causing talc powder economictimes indiatimes com news internati
3,prospect looking great monkey sure eating banana swinging tree celebrate
1,bit ly stock alert johnson johnson pull talc based baby powder u canada cancer claim kill demand dlvr rx dpg via alerttrade http co ebpri byy
1,jnj new article johnson johnson sued failing deliver promised post merger return auris investor stck pro news jnj get latest jnj related news stck pro news jnj http co wsgglhlqr
2,might scariest headline ever read
2,johnson johnson give people cancer not think would want making vaccine
2,create problem already solution said solution make billion brutal
0,post bullshit make johnson johnson knew risk sort sold product prosecution hindsight outlawed
1,johnson johnson stop selling talc based baby powder canada reuters twosheeep com archive
2,johnson johnson investor bio lab outside wuhan like soros wake herded like cattle vaccine not need harm good
1,johnson johnson stop selling baby powder u bbc co uk news business
1,study johnson johnson covid vaccine paused due unexplained illness study participant statnews com joh
2,many boy men used medication developed gynecomastia abnormal enlargement breast thousand lawsuit filed manufacturer janssen pharmaceutical parent company johnson johnson regarding severe side effect
1,johnson johnson stopped selling baby powder product america due zero demand lawsuit beware harmful product widely used india consumer pic twitter com qbudl zc
1,johnson johnson pause covid vaccine trial patient exhibiting unexplained illness twitter com event
1,johnson johnson blame fda baby powder asbestos scare rouut com joh http co dqzvnvlzq
2,might cure covid not give tear life kek
1,johnson johnson stop selling talc based baby powder canada twosheeep com archive
3,love god people please
1,johnson johnson stop selling talcum based baby powder canada axios com johnson jo
1,johnson johnson stop making talc baby powder chicago sun time
1,lol nice going use compare see shade foundation pick
1,everyone thought gdp china fake best weak virus show gdp atrocious not death toll take away workforce specific area american company pull romanwenzl sh irredeemable lars
1,internship spotlight
1,hector balderas attorney general new mexico accused johnson johnson thursday misleading consumer especially child black hispanic woman safety talc product nytimes com bus
2,not going well
1,massive lawsuit johnson johnson able go ahead judge ruled certain testimony could heard company face accusation baby powder talc product contaminated asbestos causing ovarian cancer news sky com story thousand
2,destroying small business long dream corporate america aaa rated solvent corp today johnson johnson microsoft bailed corporation cost small business people
2,not trust johnson johnson though lied baby powder causing cancer nah good love
3,ya kan excellent morality
1,comment minister like not move entire cabinet broken not even understand basic system operate instead blindly loyal johnson johnson loyal cummings
2,fuck
1,transvaginal mesh johnson johnson fined deceptive marketing woman flip fbc
1,thousand plaintiff given go ahead talc lawsuit johnson johnson bharattimes org thousand
3,dope puff great kid
1,biggest company microsoft apple amazon google facebook berkshire hathaway johnson johnson visa jp morgan united health
1,michelle obama johnson johnson ceo gorsky billion risperdal omnicare medicaid scandal uh michelle hospital administrator chicago original case broke johnsonandtoxin com michelle obama
3,seems blind spot trump vaccine medical industrial complex nwo inconsistent potus anti globalist agenda
2,johnson johnson thee johnson johnson knowingly gave woman cervical vagical cancer baby powder no not fucking trust
3,remember tweet last year company band aid never made priority expand product fuck way late countless brand less resource money twitter com apollontweets
2,not care not taking no vaccine end year especially trump johnson johnson kidding
2,company make powder baby give coochie cancer really tryna kill u ion like det
3,knew making vaccine lab manipulated virus would difficult
2,smh time
1,love
1,join johnson johnson healthy essential reward today start earning point claiming great reward reward healthyessentials com ruid fbcb
2,interesting people researcher scientist doctor warning get silenced johnson johnson pause covid vaccine trial patient exhibiting unexplained illness twitter com event
1,join johnson johnson healthy essential reward today start earning point claiming great reward reward healthyessentials com ruid
1,breast cancer liquid biopsy market witness great growth qiagen guardant health inc johnson johnson service inc hoffmann la roche ltd menarini silicon biosystems thermo fisher scientific keep reading published globe theglobe co com bre
2,noooooooooo fuck fuck fuck fuck fuck
2,maybe johnson johnson put money cancer causing baby powder
1,johnson johnson stop selling skin whitening cream radio com article john via radiodotcom
2,supposed trust johnson johnson pfizer vaccine people aided majorly opioid epidemic
1,oh lanta
3,miki no one else brother would happy
0,cyberpunk look fucking good man not wait man
1,fuck well ok
0,not wait game release super hyped
0,watching cyberpunk impression excited omfff already feel mental illness cured pic twitter com yzltgnu
0,used p less less last month stadium offered wonderfully solid gaming experience looking forward keep good work googlestadia looking forward announcement
2,optifine beat cyberpunk
0,sk komianos cdpr trust
1,sad hear cancel annual leave lol glad making sure ready day
1,massive cyberpunk collector edition best game deal newsychronicles com utm sou
0,real like really real holy shit hoooooooooooly shiiiiiiiiiiiiiiiit
3,rongheng took breath away feeding as rtxon
2,oh shit son
2,honestly phew
0,good ad not super ultra hyped game like internet one got excited
0,playing witcher novigrad quest atmosphere make even excited cyberpunkgame not wait get night city
3,ironkzxy grinding first pc year two would look incredible first ever pc build
2,really bummed cyberpunkgame first person think rd person always move successful story game camera angle playing seems awkward constantly struggling enjoy surrounding detail going hurt success
1,seriously indifferent cyberpunk honest knowledge not system let alone play lot even not look like kind game would immediately status development kind strange put lightly
2,upsetting
0,oh hey aged quite well
1,cyberpunk night city wire event delayed radio gr cyberpunk http co uikejq mt
0,really want one
1,cyberpunkgame banned australia drug use
2,well since cyberpunk november either valhalla month new sims ep good meanwhile still broken heart game let guy
1,cyberpunkgame want print poster gog com bundle room chance getting waiver printed business not look like crap place buy poster
2,fucking hurt read not wait september bro
0,cyberpunkgame november th release date pushed back curious loved witcher bought time pc one p plan cyberpunk
3,would not nice patrickcryer
2,cdprojektred not deserve
1,cyberpunk got kicked september gamereactor eu cyberpunk
0,delayed game eventually good rushed game forever bad shigeru miyamoto video game design legend devs
2,not see tweet muted variation cyberpunk talking user full name not see please
0,hurt heart know best
0,masonkri helped quite time believe since ipad air
0,streaming bad boy release cdprojektred creator
1,pas time not grab exciting dark gritty sexy full action amazon com gp aw g
3,please check amazing person getting amazing opportunity deserves
0,hollieb admire gpu
2,people upset cyberpunkgame delay due lot already day work either go work try change new date hard right upset
3,alifishh new franchisee would love try power ti plus look amazing
0,chance game come not wait play march
0,good morning hot gross last night ended pulling nighter go plus made good progress vindicator
0,stoked
3,yes love world
1,cyberpunk not delayed cd projekt red assures xboxachievements com news news http co ygju lu
3,ff saved lol
0,love new cyberpunk trailer implies billie eilish bad guy still popular bop year safe prediction future one could ever make
0,game going freaking lit
3,not take people opinion game seriously even look game objectively clearly see look extremely unfinished early development vids cyberpunk look like potential good game horrible early state blinded desire
1,cyberpunkgame uhm nvidiageforce basically said fuck second hand gtx going square street
1,cyberpunk delayed september th stadiasource com article cy
0,cyberpunkgame plus hell eah
0,awesome good luck everyone
0,
0,cyberpunk looking amazing not sure getting first seeing stuff shown today really convinced bad probably not able buy day one school
1,cyberpunkgame going heated hacker death grip not soundtrack slap perfect
2,world people still dying covid yeah scheduled time work play
0,cyberpunk look soooooooo good
0,excited cdprojektred upcoming cyberpunk release september th not come soon enough
3,honestly not bothered cyberpunkgame delayed always people complain pushed back release date people nitpick smallest thing
2,cyberpunk begging pleading enjoy game continually shoot foot dumbassery
0,wait hurt wait wait remember seeing teaser trailer game originally came absolutely blown away kept thinking night city thing make game special
3,never wanted xbox much life
0,amazing source reddit com cyberpunkgam http co hxxw pj ar
2,cyberpunk delayed till september make console launch title get shit done right appreciate
2,cyberpunkgame maybe announce release date stop overhyping people set release date december not safe not done done release date game really gold day patch done
0,going right great reporting nightcitylifede
3,everyone know story true life long friendship not everyone know big chunk life missing end reason big thanks marykhln filling void great vibe conversation
2,much thought decided not buying cyberpunkgame
0,one day debut one daaaaaaaaay present p def streaming release
3,
3,quality tweet
1,cyberpunk delayed december amid multiple platform testing dbltap com post cyberpun
1,cyberpunk dev talk microtransactions not aggressive ow ly exeq ltyl
0,halfway hzd bought rdr last week not know matatapos ko siya release ng cyberpunk november mh rise march looking forward future haha
0,cool
2,surely not person think cyberpunk look like absolute shit pic twitter com jni jvgn
1,cyberpunk xbox much championofgames com cyberpunk http co ud lyb tmg
3,someone tell look interesting cyberpunk deserves fair chance success
0,not wait get next gen console
0,amazing
1,stop sending death threat developer ya childish dork nuff said
0,pretty neat
3,naughty dog biggest exclusive studio world bar nintendo probably rd party studio nobody care fact people chooses sony xbox neil druckmann make crazy
3,hatfilmsgaming know smiff would love fat rtx card like
0,michalpg tostspender
1,cd projekt give free copy cyberpunk guy shouted breathtaking keanu reef newsychronicles com utm sou
2,please sex johnny game not still buy not happy
2,suck not truly date cyberpunk console playing current gen seems like not even option
0,fucking perfect finally fair deal
1,new stuff lifehacker thursday best deal blue light rx glass pubg funko pop world cyberpunk deluxe craftsman cordless drill ring pop sunday scaries cbd ift tt xetxw check
3,pleased able announce anyone else salivating beautiful console
0,pre ordered yesterday still worth
1,would rather delayed game broken game
3,love seeing naughty dog fanboys squirm every time cyberpunk get brought desperate fail pathetic http co wrii jds
2,hp lovecraft cyberpunk scary caf tv divideaconquer
0,game not wait
0,closer birthday cool
1,okay cyberpunk got delayed
0,also everything seen prologue game journalist played loved wait get hand
0,cool fucking sticker come cyberpunk would make laptop quite chad machine pic twitter com hwgqk kuzl
0,excited see everyone play cyberpunk completely miss obvious anticapitalism created cyberpunk genre favor haha cool tech go brrrr
0,look pretty dope xbox cyberpunkgame
0,
3,wow ozziedrongo
0,not play box actually awesome
3,poll result look like twistyshape safe love hero
2,fuck
2,disappointment immeasurable day ruined
2,well disappointing not playing
0,yo russian voice actor johnny silverhand judy alvarez beautiful people
1,cd projekt red selling expensive cyberpunk backpack buff ly lxp http co ga tep
1,breaking cyberpunk delayed november bit ly alrvvc http co ujvqkseqaf
0,let u fucking goooooooooo
0,not wait come
0,nice
1,cyberpunk outrage blow cd projekt red devs dispute call crunch story misinformation buff ly nw
0,
3,thanks choombaott proper edit voodoo boy gang song night city wire make sure go show love enjoy definitely go beat drop thank later youtu oq ifftu xe http co gauvzsqpie
3,interesting read agree woman career cybersecurity woman better cybersecurity men study showed password security bit ly fdk
3,drowning work guy not stop talking cyberpunk bitch worried wrong future
3,gamingwithtrev top excited
0,mr christoph sandrock best pubg teammate savior hot spot like enthusiast come aaa tietel deep story beautiful game world sophisticated concept nvidiageforcede
3,due upgrade gtx windforce would great needed enjoy cyber punk calebdorward
0,happy birthday johnny silverhand not wait tear night city nov th
3,twitter com pcgamer status hour workweek pretty bad
1,simultaneously incredibly hyped
1,nigga impressed lame as p game
0,every time see new content cyberpunkgame get hyped literally not wait
1,worried cyberpunkgame gb download size game release november internet look like playing november even later
0,freaking excited pic twitter com nm okdiw
0,cdprojektred please move cyberpunkgame release november th love
1,yeah fucking gameplay
2,shit
2,wtf
1,cyberpunk replacement geralt witcher vision cool hell dlvr rzmdbx
2,not wait til ridiculous
0,perfection
2,fear set cyberpunk could delayed bullshit year damn well hope not happen hey one massive kick bollock http co kihui amyp
0,hearing rumor microtransactions nightcityreport com cyb
1,latest daily kibbon news dailykibbon com edition id df thanks jackhunter
0,wow excited not sure smart move chris elia game looking good
3,mattjmcm would winner
0,perfection take time
1,time cyberpunk demake set bit ly ugil http co jsemzn gki
1,cyberpunk not support vr not really viable yet bitprime co cyberpunk
1,anticipating slightly disappointed schedule wholeheartedly approves decision
1,cyberpunk backward compatible p xbox series seacok com cyberpunk
1,tesla cybertruck not cyberpunkgame going disappointed elonmusk missed opportunity
2,fuckin noice
0,nice little irl look detail new cyberpunk xbox controller curious
0,swear god cdprojektred team making cyberpunkgame awesome developer always consumer friendly especially free content witcher devs need supporting absolutely love excited cyberpunk not wait
0,great wallpaper cyberpunkgame
1,thank odin concern since st gameplay reveal
1,heart
3,
2,not sure unpopular opinion not like new thing using model real people video game character not going able look cyberpunk protag not say oh keanu
2,cyberpunk not beat last u game year
1,shit went sideways twitch tv sa azar
1,free cyberpunk stick bug youtu rsht rtahgg
1,cyberpunkgame johnny silverhand not say woah disappointed
2,damn bro first ff get month delay avenger get month delay cyberpunk get month delay dying light got delay scared isabelle http co awkkpapj
1,adam smasher new ride say good gas
0,breathtaking
0,shame knowing cd projeckt red delayed witcher worth wait
0,cyberpunk coming next month not wait
3,think brother arm andredespite need one limited edition rtx ti able play cyberpunk rtx turned glory come insanely stoked release not wait
1,cyberpunk delayed ift tt fymgr
0,wow best luck everyone enters
3,seriously bunch low life
1,steal preorder cyberpunk p amzn ldwhys xbox amzn ldwhys not get charged ship http co wtjdhxlgd
1,cyberpunk delayed november reportzone net cyberpunk
0,chair incredible want
1,hi shoot tire driver headlight cyberpunkgame thank
0,mumaooo awesome
3,hell computer acting suspiciously hellcomputers com
2,cyberpunk first person crazy customization still make no sense lmao whatever not dev
0,might fuck around buy
3,valkoslunari look sweet
3,colteastwood xbox series losing big time already p getting game xbox nothing garbage twitter com maxshoto statu
0,done
0,upgrade gpu mobo pc look like going take maybe month till worth good cyberpunkgame experience rtx looking upgrade power supply well maybe pangoly com en build share
0,fuck yeah picking p
0,wow cyberpunk look wild pic twitter com aktopd
2,bait dawg say screw game minute
0,not wait thisssssss
1,cyberpunk updated female protagonist incredible figurine dlvr rsygh bit ly fxtrade
2,absolutely gourmet shit
0,know lot people longingly waiting cyberpunk finally appear looking forward not hyped game season darkside detective finally want able play know going great d detective
3,thegodfathertgd
3,guy not see demo no shit going run horribly console pushing year old get pc peasant
2,noooooo pic twitter com jetvnkc oc
2,
3,congrats team idsoftware winning game year
0,not wait play hopefully corona not stop
1,cyberpunk not happy melee working say cd projekt red vg vg com cyb
0,preordered
0,glad see happening something done often especially really proud work
0,chair perfect score move may get second chair frickin good
3,nice try geoff not fallin time pic twitter com xyzag gqh
0,game look insane wtf
0,great piece headset want hear johhy silverhand think give rat di look
2,not take anymore
0,soooooo excited
1,youtube cyberpunk new gameplay no commentary youtube com watch lptxqh
0,keanuuuu cyberpunk best union asked
1,biggest game got delayed third time cyberpunk launch december dlvr rks wc
2,would pissed
0,new cyberpunk gameplay demo insane every single music genre could asked radio not wait lose life
1,tf november madness age calamity cyberpunk new ac october get watch dog fuck wallet
1,thought sec delayed twice day lololololol
3,sorry
1,cyberpunk tool destruction youtu rnbe
1,massive cyberpunk collector edition best game deal newsychronicles com utm sou http co oaqvuzs qx
3,no lost interest release wd legion plus game getting poorly timed cyberpunk ubisoft please stop point different ip maybe sold new ip would attract people
3,really love type card star war version chain hoping halo infinite card
2,omggggg guy bad new
1,would rather satisfied work keep employee happy safe push game not satisfied
1,cyberpunk slightly shorter witcher player complained witcher long read gestyy com qml
3,well quick thank could never done without love much find get prize cyberpunk next stream sure enter time almost run pic twitter com eq pzk
0,joepool nvidiageforce seeing cool card considering building new pc really looking forward cyberpunk especially make pc play marketing worked super tech sci fi genre whole
3,not saw comment cyberpunk pornographic someone told kind disappointed really hope not like really
2,booo
0,congrats team look forward playing
1,
2,cyberpunkgame get refund wait release purchase since lost mind
0,ecstatic variety vehicle game
0,dang go birthday present maybe better
1,cyberpunk delayed wired com story cyberpun
1,cyberpunk open world action adventure story set night city megalopolis obsessed power glamour body modification
2,let make clear lts not wait annoying cdpr saying everything going great not reallybeing entirely honest current state game unprofessional annoying
3,wife last night bombed building business meeting wife stayed night missing take clothes want much right wife take urh pornhub code google ibmlinuxone
0,night city wire absolutely breath taking hype case missed hyped as solo empathy youtu ecevhhwtpxk
1,fuck want penis option vagina option nip stick penis size leg size peniseses robot penis leg going bear grizzly know mean
2,holy fucking shit
3,working something since morning glitch slow draft sound thing finish
2,calling cyberpunk going absolute piece shit garbage trash videogame
3,trevorhanfland
3,larpdev always help pc building part advice
0,ever amazing wait till see art november th pal
1,cyberpunkgame free song bet not reply soundcloud com player url ht
2,man would not would not cdpr delayed game less hour saying not delayed would not gamers oh well see ya soon cyberpunk yellow info screen pic twitter com lhyf yp
2,oh good get couple extra week lab come obnoxious cyberpunk opinion possible
0,saw keanu reef motorcycle company going cyberpunk going really night runner
2,much disappointment article wrote back june going stay relevant extra month
3,zlodziey
3,win sorry square know going get delayed anyway
0,need ai programmed response work really well hellcomputers com
3,random pic not get enough like yt game fan gamer content might favorite stuff plenty stuck night playing game
0,not going lie game look good definitely going cop one
0,best game
0,enjoy dystopian corporatocratic future refreshing taste rockstar energy
2,cyberpunk getting delayed fit name kind extra ngl
2,cdprojektred cyberpunkgame xbox preorder getting cancelled every time preorder
2,suck saying cd projekt red take long want
0,wow
0,cyberpunk lore voodoo boy like gang cdpr evolved ritual magic counterpart maman brigitte interesting character
0,game fucking wild
0,going one best video game ever exist
0,going mad cyberpunk make cut game award fuck tlou give award cyberpunk
1,lauren stratton supremely sweet pre ordered
0,month cyberpunk still no money buy shit
0,haa rugi gila mission story crafted care detailed
0,support
0,shared via microsoft edge cyberpunk final stage development game rant no longer wait google com amp gamerant
2,fuck
2,wasted vacation day unable change praise pic twitter com cjxtohd
0,pawesasko cyberpunkgame friend not wait amazing game great day stay safe
1,limited edition geforce rtx ti cyberpunk card commanding crazy price ebay hothardware com news geforce nvidia nvidiageforce
3,nooooooo oh well prefer polished game rushed one still make sad wait extra month also released day cyberpunk square enix game com en gb news me
0,know saying always silver lining well starting see way lot bad thing happened happening right lot look forward promising giving real happy feeling cyberpunkgame coming last
2,god damn make look bad literally hour publish game preview year
1,always glad please user new game unfortunately cyberpunk delayed cheer look amazing shop art remember legendary game requires time completed
3,tweet nita wonderful hilarious
3,welp people making massive prediction seeing elden ring cyberpunk mafia next batman game starfield got cgi trailer smaller game lol nothing wrong smaller game expectation got way hand http co dq ksbnyfn
0,open world game definitely getting perfect replace og p assassinscreed valhalla watchdogsgame legion cyberpunkgame farcrygame
3,
0,not wait see game
0,jealous blender skill
2,fucking september might well released
3,log playstation see playstation cancel pre order cyberpunk no reason unacceptable fix cuz not pay much money askplaystation
2,tf saying moved
0,cyberpunk xbox one sure impressive impressive
1,cyberpunk chippin samurai refused youtu igq xa
0,word game look beautiful
0,yaaaas want see keanu animated anime
0,birthday late april first week may close release date anticipated game cyberpunk would love see breenix win playing year nvidiageforce nvidiaanz
3,people claim purchasing game support devs despite toxicity studio one threatening said devs gamers continue mistake
0,nice
1,tfsq lbvai good luck
1,wake fuck guy city burn cyberpunkgame pic twitter com gqt hfj
0,
0,not wait
0,love sign neon
3,sivhdtweets good gamer love
0,fourth july treat pre ordered cyberpunk mercenary anarchist get wrecked punk
3,ahh man zero friend twitter tag secondyellowcrd great guy great fm player
0,excited cyberpunk come grime soundtrack
0,poggers moment
0,good morning look like cyberpunk got delayed lol time upgrade
3,started replay witcher iii p still fucking love game away awhile new run due cyberpunk coming month
2,every game getting delayed god damn
1,god let customize massive cock smh
0,game tostspender pawpanasiuk pawesasko pawel kapow pic twitter com mvnpuv zwe
0,
3,jackfrags always enjoy content jack
0,cyberpunk projected release around birthday following delay love even lol
0,yeah boi
0,keen cyberpunkgame desktop wallpaper not make easier waiting game
3,huge thinking playing pc got new shiny rig idea playing couch xbox series sweet
3,really not get jason schreier getting backlash clearly speaking behalf employee not voice obviously not speak attack crunch know talking
0,fire
3,best
0,look kind clean
0,looking forward
2,two outcome cyberpunk either get delayed past everyone sad world burn get released bad everyone sad world burn
2,yes retard
2,ha make feel bad running ti
2,year still not getting cyberpunk
3,
0,good friend co host marsreviews good gamer recently tweeted behalf earlier month looking forward cyberpunk pic twitter com rwumwaga
0,cyberpunk preorder damn want much
0,seriously insane already looking incredible
3,best bud better win get fps
1,cyberpunk reportedly delayed not run well game news
1,really wondering cdprojektred going call voice small character cyberpunkgame think god awful southern midwestern accent offer poor ear
3,imagine sad piece shit send death threat someone videogame
0,glad got
1,cyberpunk delayed december th
0,really hoping get month cyberpunkgame armageddon hit u
3,congrats ubisoft played
0,let u fucking gooooooooooooooooooooooooooooooooooooooooooooooooooooooooooo
3,latarkaw beatifull like pic twitter com xa noovhyz
2,yeaaah not surprised heard cdpr hoped delay dev quality life industry delay need financially viable not humanitarian reason
1,exactly thinking witcher setting made sense stupid sentiment behind meme espoused critic game cyberpunk everything different need able play race body type either gender
2,cyberpunk delayed truly worst timeline
3,super misleading headline course always people jumping conclusion result
0,hope feel game refined witcher masterpiece spite mechanic hope not cynical look witcher humanistic loved
0,beautiful smooth ride
1,probably hell program open world confined city would cool legit netrunner though
0,not wait game bra
3,
0,wow
0,noice looking forward
3,dunk cdprojektred cyberpunkgame want criticize management poor planning
0,good hear
0,want play cyberpunk right bad aaaaaaaaaaaaa
2,cyberpunk yet delayed november really not happy
0,cool november rest world coinciding launch cyberpunk nice pic twitter com nybyfxcwhd
3,sick tired people whining bitching game delayed youse childishly impatient seriously would rather game buggy messed fuck lead youse whining complaining
1,think ok result soon big picture good challenge great weekend peep
0,cyberpunk might end looking like p game system worth
0,cd project new rockstar
0,not wait cyberpunkgame also totally wait long need good thing always okay game company pushing back release ensure quality nothing worse launching facing issue stress player employee
3,see studio trigger get excited
3,hacker review tech lineag
0,nice always wanted customize genitals
0,not wait
0,pumped play cyberpunk emrezengin
3,theneonarcadena always posting great content
2,exhausted cyberpunk not even
2,nearly felt soul leave body
0,look like poster action movie love every damn bit
0,xbox one
3,oh sweet apple emberstreaming would look amazing rig sayin planning stream launch not wait
1,check amazing breakdown everything
0,cool mr silverhand
1,
0,really not wait
0,love theme much cyberpunkgame
3,claw perfect bbq experience discount short time detail buy amzn vobxli amzn wmamxa
1,make sense actually seems better launch around new console
1,youtu fxuaf xcg
2,bad news
0,thank service cyberpunkgame
0,know buy console specific game dead as bought card get absolute best experience cyberpunkgame want absolutely immerse game nvidiageforce ray tracing want pic twitter com nea ihuvo
3,pyrosmagus dude stoked
3,rwusk helped become better person
0,not bought death stranding hideo kojima en waiting cyberpunk pic twitter com bq nzl
3,tj nice
0,literally gushing stoked play april okay patient sure worth wait
0,cyber punk not dead yet told magda want neon lot neon got enjoy view pic edit mesarthim photo retouch
1,welcome hell
2,information not fully screen ghostrecon ubisoftsupport ghostrecon uk
0,realized character look like charlie cox ghostrecon main villain jon bernthal think awesome keep playing see cutscenes lol
1,fox tica dutch warned u right
1,year since big old man exhausted battle enemy created battle metalgear ghostrecon pic twitter com brwcmtf
0,great thing ghostrecon update finally add character want graphic novel pic twitter com vgdk ybgiy
0,no no cool got time
1,happy birthday asqdgaming hope great day ghost
1,wanting get ghostrecon breakpoint explore world auroa ubisoft great deal right
2,ghostrecon uk fix game behemoth way overpowered hard kill lens glare scope drone way done along stupid difficult see dark going building not able see shit
2,ghost wade sea bad mistake ultimate regret rain drop fall upon face tear forgotten soldier ubisoft
0,stunning shot
1,love youtube comment people hate game much yet still search video game
2,ubisoftuplay something wrong ghostrecon pc click play not start
2,ghostrecon game not launching screen close pc
0,smooth af
2,ghostrecon keep getting booted mountain error breakpoint sigh
3,professional capital no pissing name not gazuntite enjoy
0,want kill cole walker cqc good old knife check start youtu djj vzkvdmw
1,ghostrecon uk hey get hatchet machete pretty please could animation would pretty cool use not cool game great anyways lol
0,new video first stealth pistol breakpoint away awhile focused game happy back youtube com watch ubsfaj ghostrecon
0,love many way play game stealth no hud gameplay no hud creates whole new kind game honestly love anyways video youtube later today
0,couple shot took yesterday playing tacstreamde semirijha agtmorgancreed super fun always
2,hi googlestadia ubisoft ghostrecon ghost recon breakpoint laggy stadium specially cut scene drone flight advice fix play hdr chromecast ultra mbps m ping connection
0,keep telling sub reddit sky not falling lol still rise excited immersive mode
1,born ruin old world fighting wage endless ghost war
0,ghost recon wildlands still epic new video right talking great game still check youtu dy ubisoft
2,ghostrecon ubisoftsupport game still broke frustrating continue launch update many problem sort already
1,game time later today today revenge
2,something went wrong
2,ghostrecon unbearable lag menu npc cutscenes googlestadia yikes
2,ghostrecon ubisoft reason service crashing screen freezing
2,ghostrecon fucking fuck hawkins grant pic twitter com ccgf fnw
2,ghostrecon time trying access store erewhon game crashed xbox one
2,ubisoft ghostrecon fix fucking game
1,overheard ghost recon breakpoint ghostrecon special place hell people use much glue
2,ghostrecon struggling find someone help first raid please help retweet find people
2,sometimes loot not worth ghostrecon
1,another manic monday
2,sooo true still not believe made shit last update wildlands
2,ghostrecon ubisoftsupport please fix ghost recon breakpoint keep kicking team game come error happening last hr
2,literally no
0,not forget weekend kick charity stream wwf featuring
2,ghostrecon sound issue since latest update playing friend hear weapon firing clicking sound no sound please fix
0,hey ubisoft ubisoftlatam ghostrecon people love local offline mission online game release another excellent game like wildlands
1,feel like hardly gotten draw pvp lately super satisfying get overtime
1,
1,ghostrecon awesome job terminator event really enjoying
1,wtf happened sjdkdks store playstation com
1,everytime want mind business someone interrupting
0,massive thanks everyone dropped tonight
2,xboxsupport hey guy tom clancy ghost recon wild land disc recently lost quite disappointed not sure possible could get back digitally likely not know even could get help would greatly appreciated
0,playing streamer gamers friend thank guy much stream much fun
1,enjoying last bit terminator live event
2,ghostrecon uk since new update today keep getting mountain error every couple minute please help
1,
0,best stream month big appreciation people came hit follow also big appreciation ghostrecon
1,hour
2,got new nomad look mean badass
1,man first part
2,could dodgy
0,got start spring sale confirm amazing game especially new immersive ghost experience mode give shot maybe weekend run together auroa
2,ubisoft hell thinking finished ghostrecon uk breakpoint need slap realising game
1,happy face
1,ghostrecon glad changing game make release spotted typo uplay though pic twitter com qw dwvbegz
2,saw first time confused actually sick transition
0,ubisoft epic ending ghostrecon terminator event hope side mission yes kyle reese got revenge pic twitter com tlqfr bmu
1,raining men store playstation com
1,first episode terminator event episode start tomorrow expecting love every one
2,not run
2,ghostrecon itk pumastealthy remind play game havin hard time pic twitter com cddl
2,not drive
1,addition ai teammate auroa feel alot less lonely time wreak havoc
0,ok ghost going streaming
0,beautiful ghostrecon
1,always go fight
1,far misty mountain cold sky filled fire smoke misty eye mountain keep careful watch people soul
2,crashed patch incoming
0,bernthal great walker breakpoint
1,lol miscommunication kill
2,ghostrecon no longer see team mate tacmap setting not registering
1,filter selfies whilst getting constantly murdered predator also met dog others could not see photo evidence existence borked haha
2,mad not play breakpoint right
2,ghostrecon need either ban player leave matchis starting hour log back game fix server maint wilands losing player two every start match p
2,ghostrecon ubisoft favor please fix helicopter spawn thank otherwise bad as game pic twitter com lr hezz nc
2,ghostrecon uk issue open breakpoint start game nothing come stop loading not play game wondering server something really want play soon possible parko
2,ghostrecon trying play keep saying connecting ubisoft server please wait keep kicking main page xbox one pic twitter com ldmcymqntg
2,go underground get double kill
2,welp
0,yesterday stream much fun playing ghost recon breakpoint hardest difficulty no hud no guidance hardest immersive mode difficulty possible challenging felt great ghostrecon
2,sometimes melee not want go reason swear many time like circling guy not get cqc melee initiate
2,ghostrecon not play mission breakpoint killed walker blacked
2,future please add character skin game like wildlands would love see breakpoint
1,welcome jungle
1,rough day
2,anybody tip improve gr breakpoint game performance xbox one kind bad gamerdvr com gamer dreynreh gamerdvr com gamer dreynreh gamerdvr com gamer dreynreh ubisoftsupport ghostrecon xboxsupport
2,ubisoftsupport askplaystation playstation game getting crashed select character ghost recon breakpoint kindly requesting look matter
0,almost wildlands shot favourite ubisoftparis
2,ghostrecon ubisoft ubisoftsupport nice bug youtu kajs npau
1,get yer butt hunting wolf shit twitch tv paladincaddy
2,ghostrecon got error whaler resetted character get character back
2,ghostrecon uk playing angel guardian elite difficulty first part one helicopter hell
2,ghostrecon swear happens one time never playing pic twitter com rv hu dg
2,ghostrecon ubisoft game broken much frame stuttering console also like point item material open world either float inaccessible also not understand blue either example printer last side mission pic twitter com poh vhxmwe
1,
0,chopper shot stunning
2,bruhhh
1,fantastic live event could longer loved every bit ghostrecon
2,enough dlc bullshit give u new splinter cell video game
0,sound much better might get
2,ghostrecon uk day game started kicking network showing error mountain not carry mission etc someone help
1,cole walker get fed inept army counter intelligence officer son senator kill
2,ghostrecon update whaler today sun may lasted approximately minute expected fix following p ghost recon server connection issue mountain clearly failed problem day pic twitter com iqhrw gcrb
0,appreciate sniper stay roof
1,back holy goosebump batman
2,ubisoftcanada ghostrecon way remove discovered already looted poi map starting clog map even though already looted area eye symbol
0,photomode always best mode every game ubisoftde ghostrecon pic twitter com qsqoqknkra
1,oh boy going guess proud owner barrett ready shoot wolf ghostrecon
2,ghostrecon need get teammate stuff worked crazy give middle barely listen command
1,ghostrecon game issue definitely enjoyed time keep good work pic twitter com rutlerbg
1,vg com gho http co bhpjahh wi
2,make new
2,ghostrecon uk ragequit killing wolf looking submarine trying get submarine character stuck falling air kill glitch place horrible
2,ghostrecon ubisoft please love god fix slide action tired trying shoot guy sliding side peak no reason
2,ghostrecon kicked game every ten minute friend annoying
1,failed quest terminator truck modern gaming nutshell kotaku com failed ques
0,took guy awesome game one morning ubisoft ghostrecon pic twitter com spqht qffe
1,sykoskull destroy container sentinel base youtu qukqbm tafu
1,ghost not exist
2,ubisoftsupport ubisoft leave u dark not update since th no way treat u pc crashing going big company least give u light let u know going solve ghostrecon
2,ghostrecon wondering anyone listening guy no longer updating currently working breakpoint serious question due recent event youtuber made u aware guy difficulty financially update gone
2,ghostrecon
0,cqc takedown favourite breakpoint
0,ubisoft ok guy great update ghostrecon uk ghostrecon trying loving list change update
1,death distant shadow adaptordietryin teamdukestars ghostrecon
1,died showing good
0,ai team mate back ghostrecon breakpoint would super awesome replay game new game plus allows keep stuff current save game time play mission please ubisoftsupport
0,compare game year ago ghostrecon breakpoint came not long ago sad many game regressed would happily opt play splinter cell ubisoft newer ghost recon also ubisoft
0,many cute people ghostrecon u
0,scene hit everytime
2,ubisupportde
1,finished resistance event mission hostage rescue need included maybe variant not require stealth could tested mission cool strike designator fun
0,not wait
2,ghostrecon uk pvp fucking gay
0,happy alpha wolf
0,awesome stream tonight trekonlinegame ghostrecon breakpoint huge thanks crypticstudios raid apology timing sorry back tomorrow pm cdt sto night promise passed stream love jonnyboycreates
2,ghostrecon ghost recon wildlands extreme difficulty gameplay youtu ordzokcb oa http co lrjx eff
0,good fun watching wolf get torn apart terminator
1,walker dead operation greenstone complete next ghostrecon uk ubisoft nillefix loneghostwolf
2,askps uk ubisoftsupport ghostrecon uk keep getting kicked server issue
1,terminator event
1,threat neutralized
0,love photo mode create story like great job ghostrecon uk not wait see
2,ghostrecon guy really fix numerous bug game also npc not reloading bullshit decision add stagger simply stupid even add injury npc not get staggered player stop shooting aiming advancing loose weapon wtf
2,ghostrecon ubisoft ubisoft uk ubisoftsupport need help achievement top drone best not working upgrade drone max pic twitter com gpb ndwo pic twitter com ipurq
0,not wait ghostrecon ghostrecon uk ubisoft pic twitter com de ad pyoo
2,server
1,foster parent dead huh said ghostrecon ubisoftclub td photomode societyofvp
1,premier brand new amazing action packed video click link share friend family youtu ef sgcvsjjg
2,ghostrecon wrong game not connect ever fix game silence deafening
0,ghostrecon uk live event fun hopefully episode teaser soon pic twitter com jwic dfeso
0,wow new upcoming update lot splinter cell themed item coming including nvg excited ai teammate also coming update excited check patch note ghost recon ubisoft com game en gb new
1,one year ago made one still one favorite fan edits made far remember well long took back get done
2,banning process ubisoftsupport clearly assault dmr glitch sent video screen shot message admission
1,really thankful ghostrecon uk bringing update please get bulk sell option would much easier
1,godrays
0,finished final fantasy remake dope excited start playing
0,ogling immersive high quality hope ubisoft artist proud really urban environment absolutely nailed spectacular job wilderness
1,world not epic loving assassinscreed odyssey wait fix content drop
1,never liked tattletale
2,ubisoft say fixed parachute gr breakpoint assume meant basically done nothing patch shit giggle slow clap
1,bought ghostrecon uk good sale game still broken driving flat not rendered environment no texture
2,graphic want refund
1,add callofduty roguecompany team anyone play play pso ghostrecon also one best grovers paladinsgame best junkrat mccree overwatchleague not forget best vulcan smitegame play destinythegame fortnitegame
1,ghostrecon ever going fix mercenary mode woodland many people pvp talk worked like month would love see going really fun
0,sync shot great eliminating multiple guy good kill enemy second challenge
1,stupidest smart guy island fox
2,ghostrecon not play game every time connect take right back main menu connect al sync shot kick back biovac
1,trying process freaking information objective overloaded menu
1,absolute cheddar tac lately
0,watched time already damn clean
1,first picture year evil nomad knievel
0,ghostrecon hey guy want thank much great update work put game despite everything going keep not wait see next
2,simple read comment customer complaining shady information tacky disgusting see especially nothing fully good came wait not mind waiting let u know get hope
0,time ticking operation blackout go ghostrecon
2,ghostrecon plan address crashing new model rigging problem hotfix wait major content update
1,ghostrecon good start fixing trash long way go still thought going get back game update almost no rate might playable update continue change entire thing time
0,smashing ghost recon breakpoint loving
1,ghost recon breakpoint collection ghostrecon ghostrecon uk ubisoft twitter com moment
0,wonder everyone else nomad good wtf face found terminator factory
1,blowing top store playstation com
2,hey ghostrecon hell fix shall return regular schedule driving fucking nut
1,ghostrecon loving wildlands daily challenge stopped working fix
2,hate playing pc player not play like shit also not stand chance mouse whatever stick
0,ghostrecon update amazing
1,happy birthday greatest ghostrecon ever made ghost recon future soldier not believe year already would awesome got proper remaster game
1,nothing worse dying battle revived suddenly die
1,ubisoftsupport ubisoft uk ghostrecon ghostrecon uk ubisoft playing past month daily least hour done game not not love game game no content play anyone not mention no raid ubisoft good job
1,original youtu mtnlxijuc
1,event look awesome anything like predator event gr wildlands going hinny handed silver platter tom clancy ghost recon breakpoint terminator event trailer ubis youtu dgfaafdtips via youtube
2,tried ghostrecon uk first time month still bug riddled mess seriously guy abandon move dead
2,ghostrecon uk please change menu not able dismantle weapon preset frustrating
2,ghostrecon almost backpack handle floaty even lightweight vest hopefully think fixing near future also really like see type vest allows backpack attached back vest
1,ghostrecon far playing new update stamen pointless even extreme upgraded ration never run losing bullet reload pointless like round sam fisher mission buggy hell good thing no gear level
2,ghostrecon sliding mechanic break point far dumbest shit ever not stop nothing
2,ghostrecon fuck
0,ghostrecon love ghost recon much want cool character figure midas cole walker without mask weaver holt pic twitter com ttvkx dpj
2,ghostrecon love paid money game not able get past loading screen hour straight shuts boot xbox home sweet update guy
0,part one fun looking forward pt
1,ghostrecon ubisoft lot bug progress need made
2,ghostrecon fix cursor issue nobody play new update issue
1,love open world
2,ubisoftsupport ghostrecon uk apparently read breakpoint tu delayed conflicting survey result must admit suggestion agree others plain stupid pic twitter com kjqzi bfqn
2,anyone else problem helicopter spawning mid air exiting bivouac ghostrecon
1,ghostrecon ai team mate good work though nice see game finally launch pic twitter com nsphc qjkw
2,ghostrecon guy look constantly getting stuck everywhere mean everywhere pic twitter com vwf chlc
1,shoutout ghostsxempire starting ghost war league
0,much enjoy
0,ghostrecon thank update know sound silly short barrel really add realism playing scratch loving pic twitter com olxwtqjew
0,pretty cool concept art although glad not fight cole walker terminator end
0,min newest video ghostrecon pvp not perfect couple issue good bone excited see next addition engineer class shake meta
0,thank
1,shocked could get
2,loved ghostrecon bloody hyped pre ordered ultimate edition platinum game soon could get ubisoft http co ujewnrypx
2,fuck behemoth
1,trippy store playstation com
2,ghostrecon ubisoftsupport hi trying download ghost recon wildlands version week around th tine tried downloading always either freeze return error help please thank
0,really mean ghost tsushima walk around take picture not virtual photographer lot fun not tsushima also game photo mode thank every single game
0,ghostrecon first one free next terminator took wrecked face th th turned table amazing mounted canon twitch tv video
2,twice tried switch diversion lure crashed game strategist mission ghostrecon
1,true
1,ubisoft ghostrecon think ok disapointed not explode dying mean shooting powercell explodes size pound
1,thanks another awesome stream last night fam thanks rd wheeling ghostrecon date night gabz say lot mean every single time truly humbled support see tonight legolicious chill twitch http co ttatdd hzz
0,made thing no artist wolf awesome could not prevent painting
2,decided direction ghostrecon studio make amazing game ridiculed amounting pressure fix broken mess
2,ghost recon breakpoint become excellent no stake distraction game way anyone could not help game not past title screen latest update please help ubisoftsupport ghostrecon ghostrecon uk
2,hey ghostrecon really want play new update game keep throwing every minute
2,newest ghostrecon breakpoint patch broke game even cutscenes audio sync game crash often one break game much guess game called breakpoint
2,ghostrecon breakpoint keep booting mountain rd time minute
0,day appreciate others lol youtu sd gmpp te http co gbp xhsog
0,
0,terminated ghostrecon
2,ghostrecon wrong pic twitter com demjcsfi
2,one experiencing many bug ghostrecon
0,moment like best
1,make dream come true well well well oh yeah make dream come true hall oates
2,ubisoftsupport ghostrecon not change select class unlock think got glitch
0,nice little popular spot skell port pvp map
2,ghostrecon wildlands seems issue ubisoft service error message uyuni
0,say every moment fun breakpoint serf least eight moment frustration really know get nerve
2,
2,ghostrecon problem class selection season pas not select
2,maintain no brainer
1,call one oblivious tank way watch see gfirestrm ghostsxempire saw thought teammate oops http co scryyp qji
0,liking new update
2,ghostrecon hi fix ft flying helicopter crash fly ft game crash
1,nothing see folk
0,ok shot complete accident love
1,ghostrecon oi game keep crashing starting get infuriating love game server kick min
2,planning streaming today breakpoint crash every time load someone ghostrecon ubisoftsupport look please http co whzrepvjk
1,live event awesome absolutely loved rescue mission ghostrecon
0,great weekend stream lot follower chatter lot win pvp lot fun lately ill back friday video tomorrow friday youtube
0,wow good looking nomad say
1,time interrupting burp murdering bad guy twitch tv llicoselive twitch twitchsie xbox ghostrecon uk streamlabs johnson kingkale lindner
1,lost nowhere go maybe crazed hockey masked killer got lost
0,hell yeah store playstation com
1,side mission cutscene no major storyline spoiler awesome really hope next assassin creed title feature full campaign coop mode like ghostrecon game game would much fun player online co op assassinscreed
2,ghostrecon call update laugh not stay connected min without seeing mountain whatever error code tree thing terminator event best ready screwed people already not patience
2,live near hospital helipad starting think getting ghost recon breakpoint bad idea
2,ghostrecon ubisoft ubisoftsupport ubisoftparis estimated time ghost war always straight lie get accurate estimate something almost year
0,not see problem breakpoint loving
1,beware
2,ubisoftsupport hello please get info breakpoint working xbox one tried suggested workarounds not open ticket ubisoft account not let
2,ghostrecon must bug please fix not next big update quick patch using controller not except setting putting game pad glitch keyboard controller make unplayable
1,partner jesus xd
0,wow ghostrecon sucking hard right
2,ghostrecon update not lag low graphic update lot lag low graphycs put consume lot vram update vram good pic twitter com vsxpir sq
1,random nice guy still going strong
0,loved sniper section mission cool telling hey guy episode not watched yet click link promptly youtu ozt ax
1,altchar com game news ghos
2,ghostrecon ghostrecon uk pvp server not work nobody connect pls delete scope drone useless und block syrinx
1,ghost recon breakpoint store playstation com
2,battle reward never available ghostrecon uk pic twitter com ckq zzp
2,ghostrecon uk unable play not select character start screen curser removed
1,wondered heck fuss bivouac world look no youtu qd qhjmdynk
0,lot great streamer live right lot good saturday night content put mastersk live night grinding twitch tv fathergazpacho
0,love way shooting ladder look like ghostrecon ghostrecon uk
0,found old record mine tom clancy ghostrecon wildlands really cool game think play look aerobatics
1,no hero never never
2,ghostrecon backpack not fitting properly character torso update fixed
3,good evening deborah wishing wonderful wednesday shalom pic twitter com uyerksgkx
2,ghostrecon oh hard restart xbox one everytime want play breakpoint not get stuck signed ubisoft server joy title card
0,guy named beatboxx reddit posted
1,ohh want blast slug chest fuck
1,live breakpoint homies malkyor brother mike stop show love
0,ghost recon breakpoint download update ai teammate many addition game ready basically make whole new game huge gb free update patch glad scored new week ago lol steal ghostrecon
1,trying finally finish miss old ai teammate much pic twitter com unppghp
0,go watch dope
2,hey ubisoft ghostrecon ghostrecon uk going able play five minute point today every single time start playing get kicked give pic twitter com yadhnw inx
2,kind ignoring support game devs make not want buy video game anymore
0,see mess talking smh tryna play head work ugh got wait
2,like almost time ubisoft problem receive reward later ubisoft
1,not fault kept coming
1,stewart voice nooooooo stop iiiiiiiit
2,ghostrecon issue game crashing xbox working fine past day went join friend not get past menu screen something fix
2,seriously ubisoft ghostrecon putting item collectible inside enviroment bit dick move oh way perk system fecking suck
0,thanks ubisoft grbreakpoint ghostrecon best polished game pic twitter com vmqcsbnbo
2,ghostrecon decided delete lone nomad campaign start new one ai teammate meant played not access unique plunder location buried wall pic twitter com kuqpyohenl
1,wife phone mom thought would play
2,ghostrecon uk friend pas not available uk playstation store someone need fix
2,ghostrecon server trying connect last hour error mountain
0,ghostrecon beautiful environment pic twitter com xheo
0,sweet setting
0,ghost recon breakpoint story finished say really enjoyed glad not listen review
2,ghostrecon come game long still getting whaler error anytime try play somebody
0,good
2,ai teammate not even put night nightvision great job ubisoft sick shit
1,jumping foot first hell not job making sure crowded get
3,ran problem not able go ar due obligation middle week
2,ubisoftsupport not log ghostrecon breakpoint internet test internet working say connects ubisoft server say error occurred error code whaler
1,
2,update breakpoint still crashing ce breakpoint error
0,good day
2,ubisoft plan fix slide mechanic gr breakpoint dude go full slide going driveway quite annoying understand steep incline mechnic seems trigger incline player standing not crouching
2,ghostrecon updated gr breakpoint xbox one everytime launch game crash not display kind error error code go back home screen tried power cycling xbox everything
1,ghost bad mood
1,cqcs pvp actually looked good
1,tried get ca real id could not not physical mail paperless age live look like not flying
0,let not forget ghostrecon going fix anytime soon actually banning people
2,alright ubisoftsupport ghostrecon hell breakpoint friggin crashing later day working bit crashing ubisoft support hour friggin work not contact
1,keep reading lot newest update
1,close almost got ran lol still not sure not see
0,people actually want game get update year lmao stop livin past move tf glad ubisoft not even consider
1,really never trust random lol
1,ghost recon breakpoint p
1,satisfaction azrael drone kill indescribable itshnk twig gaming gxe canuck madventure itk zeroshift svvxt ghoststrats le mustardman ghostsxempire http co jexvoik lj
2,ghostrecon need help unable switch engineer echelon class pls assist ubisoft ubisoftsupport
1,gamologyus gamology born boingboing net yak jakeadelstein beschizza jlw frauenfelder play
2,hey ubisoft
2,ghostrecon since latest update visuals xbox one noticeably downgraded disappointing going
2,ghostrecon uk paid shit game know
2,ghostrecon please fix mountain error hour already
0,beautiful view
0,another gaming throwback enjoyed tom clancy ghost recon lactose intollerant
0,really like humor game th episode guy link youtu vybqiuvtvpg
2,ghostrecon telling light bulletproof game fix shit yo
1,ghost recon breakpoint store playstation com
1,getting resident evil vibe character original look
0,sooooo keeeeeeeeen
0,died man great shot totally worth
0,ubisoft ghostrecon loving new terminator event
1,finished playing saintsrow third remaster loved much decided bring whole gang next game ghostrecon wildlands pic twitter com fzlpcbm vn
1,visit get bit ly zaysye
1,look wonderland got better man walker
1,still miss good old day patriot
2,ghostrecon uk server keep getting kicked thrown main menu better get soon possible
2,ghostrecon guy please add camera zooming function great game get nauseous close camera
1,crap sharing work recently guide wrote final bos
1,honestly not even explain hit dome nothing happened
1,not drive thing think sorry cool looking vehicle
2,ghostrecon idea keep getting mountain error trying connect player raid
3,shit get real splodey
2,ghostrecon crashing issue found erewhon nearly everytime crashed fast traveled objective tried leaving etc none less feel like problem lie within least experience
2,ghostrecon fyi not get error code mountain friend not get either different city
0,faced th first terminator let tell scary hell lol
1,gm fam hope great today jus wanted take second thank follower support guy truly awesome
1,good morning good night auroa ubisoft ubisoftde ubisoftparis ghostrecon pic twitter com mwa co
2,ghostrecon another delayed update no communication except say delayed rather delay broke communication key ai teammate nothing not understand not make wildlands tactical shooter real environment wanted
1,tom clancy ghost recon choke point ift tt cxzze
1,haha
0,ac amazing
1,punk thought sneaky trapped
1,random mix
2,ghostrecon uk hell goin trying day live event still not work look like done breakpoint
1,arrives march th customisable setting no gear level realistic looting primary weapon quantity ammo loss reload stamen level bandage quantity risk injury health regen new hud setting option turn unknown player erewhon pic twitter com gvyfo cn
2,not nothing white hot thermal vision class tired blurry green night vision
0,beautiful
1,not see eye demon come callin king willie
0,good back auroa tu awesome improvement game well done team
1,cartel not stand chance u
1,
2,ghostrecon fixing battle reward also please tell keeping gear score rank xp level rank love seeing show maybe increase level cap u max
2,ubisoft ghostrecon update supposed help people bad internet completely locked game everytime try log say connection lost ok connection need offline
0,shoutout duellll turbo gifted sub today insane love see tomorrow
0,like echelon class
2,ghostrecon still unable play due absence cursor menu would love play new mode content not able due error installed game twice deleted character console still no change please help
0,going live twitch tv orbitalshark http co spsxtik
2,ghostrecon ubisoftsupport ubisoft current co op sync issue player experience need fixed youtu cg nu
2,
1,episode seems investigating island solely used garbage disposal found recycling plant youtube com watch dtx
1,tom clancy ghost recon choke point ift tt qwteh
1,interesting nvidia arm nvidianews nvidia com news nvidia
0,new comp amd xt red dragon anyone exp amd card seems like driver buggy know new driver supposed better comp still gpu related crash return nvidia super
0,awesome congratulation entire foldingathome team putting together
1,nvidia geforce rtx debut derailed website glitch bot lack supply anith com nvidia geforce
1,installed nvidia driver using guide not true false com fedora nv no firefox still laggy figma
0,awesome nvidia rtx noise destroying ai put test ift tt yjoete via bbc
2,bro nvidia someone plea fucking tell vrchat desktoplow setting running frame like cache clear pc not bad pissing
0,wow
1,latest gst daily paper li gkconsultants thanks liquormarts
2,hate fact nvidia filter make stream flashy trying play warzone
0,beloved
0,nvidia kill amd sadly
1,wow win nvidia shield pro new video youtu waq ztn tip entry video nvidiashield docsquiffy
0,well least fx hooked thanks joint work fujitsu nvidia know future hold
1,hey nvidia watch vid see value youtube com watch qta
2,igorslab de en real upgrading nvidia probably want wait bit capacitor issue could contributing factory overclocked rtx card crashing instability
3,five niceltd incontact
3,amazon bottom chilling ruling world
2,see people need wait shit twitter com gloriouskev st
1,rumor jensen spatula not real actually rendered real time
1,amazing deal lenovo legion th gen intel core inch fhd gaming laptop gb gb ssd nvidia gtx gb graphic window black kg sy ckin r amazon shop ekaro enkr http co wg qt f
0,great job guy peter shirley withyounotsmwhr
0,nvidia nvda excellent
0,yeah good news
2,reason not run geforce experience good success tinynvidiaupdatechecker alternative github com elpumpo tinynv
2,oh god never turn new nvidia fps limiter massive tearing hz fps
1,nvidia make shield tv impressive upscaling even useful new update verge dlvr rfqglj http co dn dhpzv
0,break finally done first pc build yayyyy proud
0,gulrose view cyberpunk uhd hz fps wow nvidia
2,spent one hour morning keeping refreshing nvidia official website not even chance buy one
0,better performance anything else
2,nvidia asus rog aorusofficial msiusa teamevga zotac usa not sleep know top bottom four mlcc cap slightly rotated instead aligned rtx series gpus not pick place machine error
1,crazy solidface giving nvidia rtx one youtube subscriber youtube com channel uchgpl
1,new gminer improved performance qitmeer pmeer latest gminer nvidia amd gpu miner continues improving recently added qitmeer pmeer support proved quite big demand cpu power initially previous vers ift tt xrepus
1,leak first spec think mynippes com lea
0,excited watch tomorrow stream never miss nvidia event even handful person remember person
1,doom eternal absolutely rip tear nvidia rtx gpu criticalhit net gaming doom et
2,latest nvidia gpu driver suck cod mw fo sho
2,hell nvidia sudden new line cheap
0,got back putting money bank buy nvidia never hyped release graphic card
0,thing would nvidia unspeakable
0,oh cool first nvidia video dropped people playing game native no big deal coolcoolcool need one
0,autonomous trucking next frontier
0,nvidia day like oh broken pic twitter com uklawquxd
1,new video go check go terrifying visage youtu blsmoeiga via youtube
2,new nvidia drop usb vr virtuallink not good quest pic twitter com quzxeyjhvw
1,nvidia mx core go low reddit com hardware com
1,activision geforce issue due misunderstanding say nvidia newsorder com activision gef http co zc nqko
1,report nvidia approached arm acquisition tomshardware com news report nv
1,nvidia data centre biz top gaming lead revenue source enjoy king last anith com nvidias data
2,company ability design produce top line graphic card also ability forecast demand nvidia selling instantly planned generate feeling scarcity thus artificially increase demand deceitful
0,exciting news finally upgrading gaming pc intel core kf asus prime gig skill tridentz ddr way take month get everything really hyped eyeballing series nvidia card vr new monitor http co ofti ky
2,update new nvidia driver make switch yet still shit
0,price nvidia geforce gtx series going pic twitter com qlojg ur
0,many exciting announcement nvidia today not wait performance improvement coming next driver nvidia broadcast course
0,watching nvidia position not leading hardware manufacturer also providing meaningful software consumer remarkable thing beauty incredibly lead company clear focus goal well done nvidia
2,freakout moment nvidia new driver fucking suck would not let go fullscreen turn whole hour searching found changed aspect ratio not set fullscreen fix shit nvidiageforce
0,fuck everything except nvidia geforce rtx ti
2,nvidia make something insane youtu zlhwzpyiify
0,activision new gb patch cod mw crash game return destop without error report paid even cleaning nvidia cv folder helping nothing fix every game issue unplayable wtf http co yfyi mmuia
0,cool nvidia thing not use not rtx card
1,great article hboelman running gpu enabled azure custom vision docker container nvidia jetson nano create custom stay tuned something like deepstream could coming soon medium com microsoftazure
2,torch cuda available false fresh installation driver cuda askubuntu com question
0,shiny new hpc software dev kit interesting gaussian gromacs vasp already jumped
1,journalist one coolest corporate message seen new meaning meme ai youtu hsjpti nvidia
2,nvidia launch fucking shamble
0,great video harrisheller newest feature nvidiageforce brought u definitely testing utilizing stream nvidia broadcast finally youtu myjuw via youtube
1,lol linus tech tip video nvidia hahaha got console fanboys pissed
0,omg finally managed get nvidia intel optimus setup working ubuntu external screen work no screen tearing amazeballs no idea year year linux desktop
2,hi first time user problem getting hardware acceleration working firefox nvidia proprietary driver xx series gpu ift tt ivub
2,year put shit pre order way early short stock nvidia xbock playstation ya fucking rate people getting worked console gaming like fuck
1,using nvidia vcompute server software
0,reply beautiful truth
3,hp hpsupport hplabs bought hp pavilion core gen nvidia geforce everything not tell much time wasted waiting load word file ppt higher order program like chrome absolute nightmare always loading
2,gbit seriously threatening nvidia super review
1,pretty excited collaboration kovaak experiment mode research scientist test bust myth competitive gaming space adding nvidia reflex
0,wow
2,not nvidia cancel order make change bot not
2,not get nvidia release card retailer take pre order not give date like spending much money possibly waiting month two ridiculous never mind also pricing differs shop shop
1,nvidia geforce rtx leak show threat gpu amd ift tt njqk
0,nvidia new background removal insane no green screen used
0,nvidia shield tv pro love fast stable app driven enjoyable use easy set highly recommended built plex server also really handy hometheaterreview com nvidia shield
2,never life wanted give company bad not dang thing never stock nvidia plz
1,
3,pretty great news twitch streamer itmejp cohhcarnage ezekiel iii droppedframes
0,nvidia nvidiageforce haz fe good boy year
1,alienware add nvidia rtx super radeon rx graphic area gaming laptop newsatw com alienware add alienware say new area world powerful gaming laptop newsatw http co iessk psag
2,like even single game nvidia dsr not make ui janky af
3,congratulation geethamhp niramaianalytix way go best
0,multiple nvidia gtx ti closing day ebay definitely best buy graphic card market
2,hello nvidianl week looking nvidia shield tv pro replace nvidia shield not get anywhere wrong introduce product not buy
0,looking good note book work project animation video editing chance get nvidia maxq design awesome not cheap optimised designer heavy gpu screen confortable working week full time
1,watch part
0,used nvidiagfn service beta key awesome good internet connection happy month not bad
2,nvidia nvidiageforce nvidiashield nvidiagamedev nvidiagfn reported issue forum everywhere yet still not get fix
2,
1,ubuntu freeze resume susopend hibernate sec askubuntu com question
0,cool might use shit like
1,attacked nvidia amd release rx series graphic card lower price tnewspro com att
1,skype released apple facetime add eye contact correction nvidia publish paper using ai send second video work rest gpt added video call start call leave finish notification made call good
1,stayed night order new graphic card nvidiageforce nvidia guess went notify stock b even launch addicted not get opportunity order
0,dell xps graphic card missing flickering screen via dellxps ift tt p pbw week ago playing game computer suddenly blue screened fatal error indicating crashed gpu upon rebooting nvidia gtx missing device
2,nvidia nvidia com en u geforce shop button rtx series dead link
0,hz monitor sound juicy
1,nvidia deal threatens arm status switzerland chip bloomberg dlvr rgd
2,nvidia nvidiageforce
0,tried
0,take great see nvidia rtx real time ray tracing technology reach even mainstream game addition fortnitegame big one
3,thanks thenextplatform tdaytonpm nicolehemsoth fun conversation
1,amazing deal acer nitro inch gaming laptop th gen intel core processor gb tb gb ssd window home bit nvidia geforce gtx gb black r amazon shop ekaro enkr
1,shit every night let u fuckin get twitch tv one nip wonder closing follower well new emote unlock
2,ruthless culture nvidia huge backstab often not fault not known widespread ruthless towards force nvidiageforce
1,buy amazing mi notebook intel core th gen thin light laptop gb gb ssd window nvidia mx gb graphic silver kg xma dg webcam see amzn icwbq http co
1,shipped first gpu enabled production code github com bravetools bra http co myiaxx
0,well impressive
1,rust binding wrapper nvidia physx github com embarkstudios
1,unable login ubuntu askubuntu com question
2,nvidia keeping site cambridge expanding nonsense
1,verge nvidia rtx card selling thousand ebay people pissed theverge com via googlenews
0,long term stock holding really working well also dabble option often tesla wow appian wow fastly wow sea limited wow nvidia wow farfetch ok redfin ok work recovering chewy ok well health tech
3,people not eat stock
2,crypto dumping super bullish ponzi nvidia
1,nvidia geforce become controversial game developer verge
0,thanks partnership vmware nvidia aka project monterey organization run compute intensive application
2,need advice suggestion pleeeeease noodle canister game capture smooth choppy capture not good fine capturing ob nvidia driver update rtx card nerdiod help needed
1,two unknown nvidia gpus spotted insane core count tomshardware com news unknown
1,cisco nvidia partner deliver superior user experience device anywhere oal lu fqneh http co eeqa fzeps
1,nice gaming pc like hope win custom gaming desktop giveaway enter chance win custom crysis remastered inspired origin pc millennium gaming desktop intel core processor nvidia geforce rtx
1,ubuntu clean install not login rtx super askubuntu com question
1,real problem rtx crash nvidia paranoia leak resetera com thread
1,nvidia not want give crypto craze doc ift tt zokjrw
2,dr lisasu slapping hard nvidia morning intel evening glorious day
0,even minecraftrtx screenshots time neon city absolutely stunning
1,nvidia stock fall invst ly
2,geforce rtx pic leaked people not happy
0,bandainamcous nobody appreciates removing game nvidia geforce adding back removing
0,super exciting nvidia research presented yesterday
1,check high performance gaming laptop powerful discrete nvidia graphic laptopunderbudget com best gaming la
1,fix computer nvidia delay geforce rtx avoid preorder shortage mp gqxguu via howtogeek http co knn vfxbo
1,half political account not interacted month three nvidia account two even replied person know irl second row happen pic twitter com nvquiuykoj
2,nvidia nvidia constantly reminds poor
0,
0,daily top popular stock nvidia nvda popularity splunk splk popularity expedia expe popularity broadcom avgo popularity take two ttwo popularity
1,
2,nvidia stopped working like give trying get content shit keep happening
1,monitor asus great gaming monitor deliver hz m responds time great compatitve gaming gaming general contains also sync nvidia graphic card freesync instagram com ca pnmnsf
1,nothing ruin gaming session like poor graphic lgsouthafrica oled tv feature nvidia sync technology solve gaming frustration
2,kind crazy long every nvidia update temporarily disables window start menu
1,starting ai journey solid partnership hpe apollo wekafs nvidia gd dy si dj http co hj budmtd
2,assuming amd launch enough card satisfy demand right promise fucking promise within week nvidia pull ungodly amount gpus directly as shit gpus light speed
0,not get dicussion around ti owner needing pissed nvidia year top line performance whilst previous gen struggled like saying people got iphone pissed iphone se launched clueless
1,nvidia geforce google stadium rival suffers another blow news net nvidia geforce http co ijnjv
0,know something wrong even nvidia support not help solve microstutter problem love pc
2,msigaming caught
1,dlss make monster rtx death stranding every rtx series gpu capable fps nvidia claim pcgamer com au death stran
2,better no bot came screw stock series nvidia
1,feeling newegg loses nvidia teamevga rtx card give bullshit response missing gpu worst part sold
0,wow people saw coming nvidia big player accelerated computing colorful spatula originally gaming orientated company solid commitment research hpcs data center exciting time
1,nvidia new driver give major boost game free thanks vrss
1,news best cheap dell laptop deal price march fooo ooo post
0,love amd still recommend nvidia content creator nvenc
2,nvidia nvidiaai nvidia ai supposed great grand not use manage unveiling rtx series public could done better job human supposedly handled amd day gamers waiting
1,making shit load money month boutta cop new nvidia card daddy building god tier rig
0,weird situation nvidua competitor rely upon arm core
1,nvidia research warp drive gaming eliminate latency performance penalty ift tt exwy
1,nvidia geforce losing activision blizzard game bad sign cloud gaming theverge com
2,super feel really inadequate
0,run
1,atviassist odd performance issue not get fps higher fps game menu tabbed game jump fps no problem little update downloaded idea suggestion window intel nvidia gtx titan black
2,sony dropping pre order fearing
0,fucking glad bought little stock new graphic card announcement
1,sync weird behavior causing overheating askubuntu com question
2,thinking going amd never looking back
1,nvidia com en u gtc keyn interesting interaction social activity braindates dinner stranger free attendance university reg rainfocus com flow nvidia gt
1,new nvidia rtx upgrade leaked could crush amd big navi supremaa com new nvidia rtx
1,rumored nvidia arm acquisition could massively shake chip industry dlvr rc fx slideme http co nt ki chxr
2,latest nvidia driver rendered photoshop unusable hz display photoshop not worked multiple driver point figure one two kink clip making permanent jump tired dealing adobe
0,andrew gostine md mba tell story startup whiteboard coordinator aim make hospital efficient
0,one craziest feature nvidia broadcast good point id not need fancy camera anymore budget affort low price camera still get high qualoty tracking good background feature amazing job nvidiageforce
1,best nvidia graphic card finding best gpu googlenewspost com be googlenewspost com be
1,early adopter get arsed promised low price tag come price gigabyte confirms question need gb vram want use year make sense wsv guy
1,vikramkalabi reasonable trajectory pam nvidia lineup
2,hot take nvidia could made resale item illegal day launch thus killing market scalper jayztwocents thought
0,msvixen nvidia rtx voice amazing noise reduction capability artificial intelligence nothing configure us ai learn awesome youtu metijciv
1,leaked specification upcoming rtx nvidia vistabuzz com leaked specifi
2,nvidia going react name plastered chip slow underpowered
1,increased performance requires right data jimsinur blogspot com increa tibco genpact softwareag ibm bpm pega sap ibmsystems appian bonitasoft pnmsoft kofax nintex sap bpm cisco google nvidia axway intel auraportal microsoft redhat redhatopen oracle bizagi http co wyio yedfv
0,really excited see impact partnership gator really great see uf pushing drive innovation transform ai influence life nvidia exactly right partner make happen cc ghideas
2,like retarded bro missed god clip fncs cc nvidia broken anybody know fix
1,
0,aw man awesome make want build pc bad really push limit
0,beautiful
2,nvidiageforce name god website try taking european site tf purchase button not even exist already stock pic twitter com nezc yuqkf
3,really interesting indie rpgs character portrait npc game like age decadence dozen custom portrait cost least dollar likely twice big price pay small team
3,really regret buying motherboard msi shady shit pulled recently
1,nvidia exposed negative pressure analysis nvidia stock fell last session breaching main downward medium term trendline dlvr rkb hm
1,shit sexy
0,not wait favourite company buy another company endanger bunch duplicate job
0,woah
1,good friend mrbadbit pair super limited
2,shit boutta make build pc
1,play c go stutter beta patch released seems fixed issue nvidia stuttering highly suggest opting beta right click csgo property beta nvidia stutter fix fun pic twitter com wqfka lmxy
0,holy shit nvidia killing
1,nvidia gtx rtx leaked twice hashrate rtx price crypto crypto news cryptocryptonews com nvidia gtx rtx
1,nvidia massive gpu not dlvr rwffbm http co gjq tnjv
1,installs new nvidia driver window machine want get mad many step take remembers much worse get virtual linux environment cheerfully window get life
2,terribly sry not able go live right hope understand night trying fix sc reinstall window nvidia plus whole game scratch
1,nvidia geforce formally launch cloud gaming pc service look good dlvr rqzkkn
0,nvidia really got part smh
3,no russian airport empleeys ingame voice
2,nvidia officially apologizes underestimated demand rtx fe card nvidia officially openly apologized rtx fe graphic card shortage demand recently released graphic card higher previously estimated ift tt mb xly
1,nvidia ampere get triple slot triple fan love colorful dlvr rfnrdm http co zdlrazyz
0,ingenious
1,nvidia unveils world fastest gaming monitor breakingnewspak com nvidia unveils
0,oooh confirmation email nvidia go sale pacific setting alarm make sure not oversleep pay ehhh see done prep work not work not work no biggie gpu
0,nvidia make insanely high end gpus still got make game run switch fps like owning car driving school zone
2,improving valorant hehe sorry poop quality nvidia not clip pic twitter com oy smnxfuo
1,uninstalling minecraft rtx beta permanently destroy world
2,holy shit
1,shoutout everybody whose rtx gpus lost half value not mention titan woof
3,whew zoom future
0,nvidia shield pro pretty fantastic not not given price fricken thing however twitch stream look amazing ai upscaler actually make look substantially better running not tested game streaming yet though
2,anyone notice ratio conferred buy v review card getting every card bought review going live sad people prerecorded review people confirmed order
1,nvidia warns window gamers serious graphic driver bug dlvr rzpqxs http co ulwgqt mmi
1,asus rog swift pg curved sync gaming monitor hz ip eye care aura sync dp hdmi nvidia sync technology feature nvidia sync processor ensure smooth game play eliminating screen tearing stuttering amzn tbbfq
0,really glad part team welcome
1,kind kicking not jumping evga gigabyte saw available though heart set asus strix oc getting pretty ridiculous point nvidia asususa
1,nvidia global foundry confirmed tsmc incapable make enough big die nvidia pic twitter com kxtiptnyl
1,watch part
2,
0,amd gpu suck not wait switch nvidia
3,apple no not innovate anymore
0,nvidia stream kind nut not wait sell kidney buy card
0,exciting time ahead nvidia acquire arm billion creating world premier computing company age ai nvda w rk rry bit ly ukqyq
1,gpu deep learning market witness huge growth nvidia amd intel neuron ai blog news stor
0,using right zoom insane
1,amd allegedly testing big navi could monster gpu seriously worry nvidia dlvr rnbclk
0,nvidia time get series worth
1,latest falk hedemann daily paper li wissenssucher thanks lenadoppel
0,finally received installed rtx gaming trio reserved september beautiful nvidia nvidiagamedev nvidiageforce msigaming pic twitter com lt fpma
2,fuck microsoft fuck nvidia losing mind right
0,nvidia gpudirect geforce would nice
0,nvidia shield update new feature awesome docsquiffy com nvi
0,jojobinxyates really cool stuff
0,nvidia
0,incredible
1,new nvidia series gpus also looking appealing better performance half price crazy struggling saving saving p pm sep
2,nvidia ridiculous soon get alert stock website give error switch stock every single time
1,no almost certainly would possibly not need rip maximum pc make use nvidia rtx googlenewspost com no
0,love
1,hp envy screen gb ddr ssd corei th gen nvidia gtx backlit keyboard sd card fhd usb max re condition mint u used price firm whatsapp nwame one team may god thank jesus pic twitter com panvlvt wr
0,another success nvidia folding home distributed computing network received cuda support watchbha xyz another succes
1,nvidiacc hi trouble logging geforce nvidia shield portable reset trying login google since founder account use not luck hope hear back loving far pic twitter com hxdke
0,man spriggsian genius artist tool digital love new tech allows new genius discovered
0,wow
0,amd really got scared nvidia ampere quit making gpus switched bike
1,nvidia say store overrun malicious bot resellers rtx launch promise card coming buff ly vaxye http co szmgqzz bt
2,excited see msrp become aud nvidia aussie electronic tax merely existing pic twitter com hfztrcqamo
1,nvidia acquisition arm throw company tech spat china reut r bwqnrc http co tmsycwjhzz
0,nvidia acquires arm want see big little graphic card desktop apps handled low power arm gpu board rtx gpu program way idle gpu us low power generates virtually no heat fan
2,look like switching amd gpu fall nvidia not produce north america
1,nvidia massive stock gain may following quarterly result minutenews com article
1,scottwapnercnbc heard fan truth reformedbroker
3,know asset referring not og social image tweet one site attached worked social asset track around animation sad part not remember know useless pic twitter com axo lo
0,
0,great news elite partner exxactcorp helping enterprise scale
0,samsung guilty copying nvidia
0,nvidia caucus fuckin crazy
3,oh yeah used work guy second company portfolio acquired past three month congrats swiftstack team acquisition
2,top company list interesting gained tell common story remote whether work entertainment retail except perhaps nvidia hanging middle machine learning
0,completely flipped see xsx nvidia p hardware less game see running console sure xbox trick sleeve probably wrong
0,amd not save pc gaming no one buy amd card main stream gtx ti sold rx gtx sold rx gtx ti sold gtx sold rx xt jensen fuck wallet
0,insane make want upgrade gpu
1,news keep coming tesla worth toyota salesforce worth oracle netflix worth verizon nvidia overtook intel become valuable semi company check thought changing guard smaniyar blogspot com changi
2,even want know window update installed sound gone somehow browser cleared cooky nvidia control panel not exist
3,good based earnings last quarter let u see well next hiccup supply chain coming
0,nvidia com en u geforce holy smoke nvidiageforce nvidia innovation every new generation blow away massive fan
1,acer nitro intel corei th gen gtx nvidia gb price givin d beauty away wit gaming headset gaming mouse amazing value price d laptop pack punch never used heavy duty good shape dm griezmann pic twitter com kc keovwsc
1,nvidia celebrates year pac man ai recreation bit ly frlx http co ovsp cvchv
0,mother god
1,network pleased bring test drive program nvidia virtual gpu technology vgpu technology enables user work efficiently productively nvidia nvidiaai request test drive program bit ly znf mx http co akw rgpvs
0,twitter com minteractapp http co ubdtre iud
1,nvidia patch code execution flaw geforce experience
0,ok sold rtx amazing
0,yo nvidia showing crazy
0,nvidia bought arm wtf insane
0,think best time upgrade gpu new nvidia gpus
1,nvidia rtx card selling thousand ebay people pissed verge news google com rss rd art nvidia rtx card selling thousand ebay people pissed vergecustom rtx card jayztwocentshow
2,new nvidia card launch tomorrow currently not price released many card confusion even going available maybe worst expensive tech launch since sega saturn experienced embarrassing
0,damn nvidia xx gpus sexy
2,nvidia fuck
2,fuck everyone got rtx not even got good enough pc put one nvidiageforce nvidia
2,nvidia hey gtx experiencing low fps gaming streaming using nvenc encode stream
0,super nice get one jetson nano gb
0,interesting get something smartphones nvidia
0,yooooo lit testing stream tonight
1,omg found cool design company giving nvidia rtx one youtube subscriber link wn nr axzdw
0,awesome
2,joke went stock within second release buy not buy come nvidia pic twitter com ybw pqey
1,beast trading pc insane yes like led clearly
1,read cnweekly com news state sat
2,nvidia nvidiageforce bought new card odyssey not go hz card going http co tfeldm
1,nvidia buy card convinced sli nvidia top no good no new game support sli wow disappointment doom eternal no sorry call duty modern warfare no sorry good job
1,microsofthelpt treyarchpc atviassist issue play cod bo launching steam crashing minute game see screenshot event viewer tried running compatibility mode win not fix intel nvidia ti pic twitter com bxuwyy tkv
1,nice follow pcgeekinfo twitter pcgeekinfo youtube youtube com pcgeekinfo
1,android longest support life not phone nvidia shield tv androidcentral com android longes
0,let u say nvidia user blessed little hint
1,many congratulation ktrtrs jayesh ranjan let u make telangana ai ready nidhiya raj tworkshyd iithyderabad wehubhyderabad
1,nvidia shady shit got give credit always bringing killer feature
0,one hour gtx launch currently refreshing nvidia shop page
0,amazing work nvidiaai pwnallthethings
1,nvidia overtakes intel valuable chipmaker venturebeat venturebeat com nvi
2,big shit
1,nice share launch day nvidia playstation hardware not solve lag problem not race car tiny wheel gripping internet not forget add new wifi npg xr bit ly jz http co lf dsfa
0,rt nvidiacreators take max year
0,working nvidia nice experience
0,new nvidia reference design certainly look interesting
1,funny gtx run quake ii rtx fine cool shit nvidia cool shit
1,good news fortnite pc gamers nvidia epic game team techgenyz com important
2,trying get nvidia control panel running try optimize game wtf changed shit co like geforce experience
1,nvidia stock rise toward record high bernstein turn bullish boost price target mktw net fx km
0,congrats nvidia nemo team release candidate really excited see nemo embracing hydra way take control configuration madness machine learning
0,actually amazing obviously kind limited hardware screen resolution use slightly differently pc usage optimise vr resolution free not ask free driver update
1,huh get best service missed memo
1,mac trash make thing difficult use nvidia graphic card everything time update mac switch card
0,everyone training style gan slow nvidia release stylegan train hour
1,watching
0,neat would nice play
2,not work tried reposting many time
1,new miniz nvidia cuda miner better performance stability crypto crypto news cryptocryptonews com new miniz http co hbhwgg mt
2,yes sad pic twitter com uql ih cu
0,nvidia broadcast amp came right suddenly find practicing pic twitter com yhpzj wt
1,not miss exciting
0,nvidia unprecedented demand rtx cause online store crash athanville pic twitter com lh pnl
1,might posting lot game screen cap take using nvidia ansel playing witcher game fix right past month pic twitter com uwdzk
1,nvidia shield daily driver like recommend roku platform nearly universal app compatibility
0,basically quarter reported quarter expected terrific opinion stephen guilfoyle talk nvidia business line number outlook nvda chart trading name
0,no nvidia fanboy hate driver business practises year shady best holy jesus fuck lot performance pic twitter com fjd asx
1,winning benchmark bakeoffs great marketing remember performance performance price example dell nvidia tesla completes training resnet minute longer tpuv much much smaller cheaper cloud google com blog product
0,
1,bullshit nvidia site not selling yet shopping site like wtf already sold within min
0,wow
0,excited joined nvidia inception program leading technology provider nvidia play important role data science community hub ly rnlqy http co qcguussp
2,almost week like no update either disneyplus nvidiashield nvidia not wait get new roku ultra pic twitter com zywz swpxq
0,anything beast
2,amazing much cooler laptop mbp disconnected external monitor integrated intel graphic instead nvidia dedicated
2,someone please tell nvmoduletracker stop failing downloading new nvidia driver whenever download geforce experiecne alone fails
1,nvidia valuation soar past intel graphic chip boom resetera com thread nvidia http co cgu zfuxtw
0,nvidia
2,global cue world market sentiment look weak u index closed lower tech
1,nvidia next tesla gpus could faster good news future geforce card ift tt excj
2,blizzardcseu en play wow classic nvidiagfn service sent email not responded nvidia say wow classic wow bfa work service hearing propels account banned still case
2,like nvidia want u buy amdgaming wanted buy rtx month sold second nvidiageforce said would fix problem release rtx sold launch biggest gpu supplier not think stock
1,benchmarking comparison oculus quest gpu ti nvidia bullying depressing thing game devs trying ship cross platform game cover base otherwise would missing huge chunk market hard task pic twitter com rdwrvtsbov
0,nvidiageforce nvidia
1,next
2,nvidiashield got brand new nvidia shield controller gamepad right shoulder button not work anyone know going fix thank much help
1,next
1,nvidia geforce rtx rtx ampere ga gpu pictured massive die compared turing tu gpu wccftech com nvidia geforce
1,nvidia give positive forecast despite coronavirus hit cdrinfo com content nvi http co utmxgw cif
1,little known japanese cpu threatens make nvidia intel amd obsolete hpc market techradar techradar com amp news littl
1,check beautiful aorus geforce rtx master like learn aorus com rtx
2,price way low
1,nvidia ready announce new stuff really puzzle amd keeping mouth shut big navi fixing announce weaker card fact late game least announce first
2,nvidia optimus laptop external monitor wired directly nvidia gpu tearing zpr io uu
0,new gpu coming soon streaming gameplays twitch tv sinfullykayla attempt learn blender lewd work still getting professionally trained modelling animation
1,think going screw around nvidia broadcast stuff today professorbroman talking hopefully make mic sound like not talking tiled shower smiley face
1,heard people issue ordering nvidia gpus rtx arriving tomorrow thought would rub pic twitter com cbiymbv
0,nvidia holy shit price much lower expected faster ti probably buying though pic twitter com txmrniolf
0,liked youtube install nvidia driver linux gentoo youtube com watch dvbepr
2,display support freesync screwed want get nvidia gpu
2,nvidia cancel order suspected bot
0,news nvidia series ligiet excited gaming year pic twitter com vql qfukva
2,nvidiageforce hell nvidia wanted launch happen like triggering people impulse buy brag record sale next quarterly round holding back card save bin counter amd offer asshole
1,save aero oled award winning design stunning oled panel color accurate right box core nvidia gtx gpu sweet work home create anywhere laptop buff ly kd orq
0,love everything
0,checked new gpu driver today went amd driver section tried select card paused around second completely confused remembered switched amd nvidia month ago
1,nvidia released security update driver fixing several issue could lead denial service escalation privilege information disclosure update cover multiple vulnerability affecting displa twib rdj gplkd via infosechotspot http co qoy qr yr
2,cheap not mean better way techsall com google challen
1,nvidia not want give crypto craze doc maxbit cc nvidia not
2,nvidia really delayed week
0,let no elim go unnoticed nvidia highlight automatically record best moment fortnitegame gfn share
0,realized window partition mac like year behind nvidia driver no idea not notice
